{
  "w0": [
    -0.999,
    -0.9926835443037975,
    -0.9863670886075949,
    -0.9800506329113924,
    -0.9737341772151898,
    -0.9674177215189873,
    -0.9611012658227848,
    -0.9547848101265822,
    -0.9484683544303798,
    -0.9421518987341773,
    -0.9358354430379747,
    -0.9295189873417722,
    -0.9232025316455696,
    -0.9168860759493671,
    -0.9105696202531646,
    -0.904253164556962,
    -0.8979367088607595,
    -0.891620253164557,
    -0.8853037974683544,
    -0.8789873417721519,
    -0.8726708860759493,
    -0.8663544303797468,
    -0.8600379746835443,
    -0.8537215189873417,
    -0.8474050632911392,
    -0.8410886075949366,
    -0.8347721518987341,
    -0.8284556962025317,
    -0.8221392405063291,
    -0.8158227848101266,
    -0.8095063291139241,
    -0.8031898734177215,
    -0.796873417721519,
    -0.7905569620253164,
    -0.7842405063291139,
    -0.7779240506329114,
    -0.7716075949367088,
    -0.7652911392405063,
    -0.7589746835443039,
    -0.7526582278481013,
    -0.7463417721518988,
    -0.7400253164556962,
    -0.7337088607594937,
    -0.7273924050632912,
    -0.7210759493670886,
    -0.7147594936708861,
    -0.7084430379746836,
    -0.702126582278481,
    -0.6958101265822785,
    -0.6894936708860759,
    -0.6831772151898734,
    -0.6768607594936709,
    -0.6705443037974683,
    -0.6642278481012658,
    -0.6579113924050632,
    -0.6515949367088607,
    -0.6452784810126582,
    -0.6389620253164556,
    -0.6326455696202531,
    -0.6263291139240506,
    -0.6200126582278481,
    -0.6136962025316456,
    -0.607379746835443,
    -0.6010632911392405,
    -0.594746835443038,
    -0.5884303797468354,
    -0.5821139240506329,
    -0.5757974683544304,
    -0.5694810126582278,
    -0.5631645569620254,
    -0.5568481012658228,
    -0.5505316455696203,
    -0.5442151898734178,
    -0.5378987341772152,
    -0.5315822784810127,
    -0.5252658227848102,
    -0.5189493670886076,
    -0.5126329113924051,
    -0.5063164556962025,
    -0.5
  ],
  "zeta0": [
    0.14899999999999985,
    0.020365051903114162,
    0.010929433611884852,
    0.007468908629441616,
    0.005672771084337343,
    0.0045730380730380675,
    0.003830458835014639,
    0.003295352743561026,
    0.002891427167772049,
    0.00257571115973742,
    0.002322154271059382,
    0.002114044540229886,
    0.0019401681226306252,
    0.0017927200731038687,
    0.0016661004953998585,
    0.0015561872025383395,
    0.0014598784571499442,
    0.001374795608502686,
    0.001299083986314976,
    0.0012312761506276147,
    0.0011701958445173473,
    0.0011148891835574915,
    0.00106457447770643,
    0.0010186050536517821,
    0.000976441310659477,
    0.0009376294408156758,
    0.0009017850302612422,
    0.0008685802833530107,
    0.0008377339691125188,
    0.0008090034364261169,
    0.0007821782178217821,
    0.0007570748649343966,
    0.0007335327475540598,
    0.0007114106128369394,
    0.0006905837488999706,
    0.0006709416324669401,
    0.0006523859668569527,
    0.0006348290367813611,
    0.0006181923218318367,
    0.0006024053224155579,
    0.0005874045611058437,
    0.0005731327295744475,
    0.0005595379569330228,
    0.0005465731797919763,
    0.0005341955979124121,
    0.0005223662021833674,
    0.0005110493639560631,
    0.000500212476627571,
    0.0004898256418792393,
    0.00047986139421116994,
    0.0004702944584282232,
    0.00046110153556878713,
    0.0004522611134591001,
    0.00044375329865038065,
    0.00043555966697502303,
    0.00042766313035895936,
    0.00042004781786389743,
    0.00041269896921674486,
    0.00040560283932324857,
    0.00039874661246612454,
    0.00039211832506079485,
    0.00038570679598925225,
    0.0003795015636586388,
    0.00037349282903921814,
    0.0003676714040293612,
    0.00036202866457525986,
    0.0003565565080422863,
    0.0003512473143948436,
    0.0003460939107935667,
    0.0003410895392639815,
    0.00033622782713016653,
    0.00033150275994142165,
    0.00032690865665009584,
    0.0003224401468251794,
    0.0003180921497094987,
    0.0003138598549488055,
    0.00030973870483909165,
    0.00030572437795439196,
    0.0003018127740314351,
    0.000298
  ],
  "H0_profile": [
    67.82448062896731,
    67.65915871616406,
    67.50005870218732,
    67.33889910625683,
    67.19427064377322,
    67.03167197426836,
    66.85433858703806,
    66.67837490956845,
    66.5412124581296,
    66.37635324349475,
    66.1877466527574,
    66.02992225314347,
    65.8689745695356,
    65.7118506039228,
    65.54904617516996,
    65.35577177041701,
    65.19112736427532,
    65.02689773068911,
    64.86579030727435,
    64.69520749933574,
    64.53313260864587,
    64.32930638919531,
    64.15998871198016,
    63.99111668663702,
    63.82112075439912,
    63.66300070434281,
    63.491739305658484,
    63.306430735777965,
    63.13457695017789,
    62.93848107796203,
    62.77476285344778,
    62.59154686887757,
    62.42163373128692,
    62.20408763228444,
    62.035085413891665,
    61.85037062492417,
    61.695422639661665,
    61.48256091096887,
    61.29988709290123,
    61.10627299524595,
    60.916477031137106,
    60.72407392418117,
    60.559230292031295,
    60.33828742150479,
    60.159013409888544,
    59.96345771801853,
    59.767857199838076,
    59.58388985030373,
    59.38143863765089,
    59.17893910659113,
    58.961045460252926,
    58.77070252374904,
    58.575772803530995,
    58.38159576127075,
    58.16142652005373,
    57.94725711308731,
    57.75743626578935,
    57.535247367312806,
    57.313090165983795,
    57.11224926383183,
    56.892542355529095,
    56.70064092629815,
    56.487805878875825,
    56.25556274158828,
    56.012852469902725,
    55.78806944683778,
    55.577755422367126,
    55.3379694979031,
    55.13058721475056,
    55.0002028638065,
    55.0007070306226,
    55.00075899163966,
    55.000076577492116,
    55.00025638237118,
    55.0001352963678,
    55.0002693671015,
    55.00007303465378,
    55.000225145909255,
    55.00000193997815,
    55.000220927450755
  ],
  "Om_profile": [
    0.31141335415840155,
    0.3113895803556439,
    0.3112811540696617,
    0.3114128600928946,
    0.3114796374953832,
    0.31162542598623866,
    0.31145451621225295,
    0.3113289186950675,
    0.31206978921930206,
    0.31156603467149435,
    0.31160565729372053,
    0.3120907766845132,
    0.3120669511662164,
    0.3119939585356294,
    0.3114903263965042,
    0.3118201784671234,
    0.3118529157259363,
    0.31188565642175614,
    0.3113821991078921,
    0.31167757130468104,
    0.3117710975229151,
    0.3109110908938961,
    0.31078571251904824,
    0.31066038470443236,
    0.3112228214513376,
    0.31072043411009614,
    0.31029064273814666,
    0.309986381684238,
    0.3102438276304447,
    0.30987923618962837,
    0.3092538485785973,
    0.3089506041717936,
    0.3092071898972374,
    0.30788139612952004,
    0.3077208858625373,
    0.3076217568831088,
    0.30771406605841245,
    0.3070586253783459,
    0.30662436364935575,
    0.305778554055547,
    0.30541921010196915,
    0.3045767248703222,
    0.3048296780571712,
    0.30375777865366355,
    0.3033281851908848,
    0.30246141938231,
    0.30193494822416683,
    0.30104357041836505,
    0.30001570387286725,
    0.2997757945408804,
    0.29826195788311505,
    0.2974919516717507,
    0.29716016650512234,
    0.2960230763446713,
    0.2945766348526292,
    0.29357590539794776,
    0.2934143978575048,
    0.2922136546375128,
    0.2909791170455365,
    0.2898313937721214,
    0.2886453133222393,
    0.2876534611716112,
    0.28614970635292536,
    0.28452652142319923,
    0.28313451831145425,
    0.28193995815653,
    0.28001728582873503,
    0.2786473434723379,
    0.27701974637942384,
    0.2790659854101296,
    0.2810587794811741,
    0.2843614243016832,
    0.2877264494525256,
    0.2918174801361793,
    0.2953569750557774,
    0.2991869313015387,
    0.30296612786763977,
    0.3065022245399024,
    0.31155558589488186,
    0.31474273417756576
  ],