{
  "version": 7,
  "basis_type": "integer_P_power",
  "description": "phi = mono(a,abar,b,bbar,c,cbar) / P^{m+|n|}, m=max(hol,anti)",
  "N_MC": 200000,
  "N_total": 353340,
  "DOMAIN_R": 5.0,
  "MAX_DEGREE": 4,
  "RNG_SEED": 2026,
  "vol_est": 14.562191649848103,
  "vol_exact": 14.804406601634037,
  "vol_ratio": 0.9836389962594516,
  "target": 0.7768361992120932,
  "O0_N_basis": 196,
  "O0_N_pos": 195,
  "O0_N_zero": 1,
  "O0_N_neg": 0,
  "O0_min_pos": 0.6087805497232543,
  "O0_max_pos": 56.52291302055872,
  "O0_first10": [
    0.6087805497232543,
    0.8826266738356356,
    0.9166070732945413,
    0.947162071174657,
    1.0392168123887906,
    1.189398475345502,
    1.2969944635471966,
    1.432926736079112,
    1.7345608611822638,
    1.8969580681713283
  ],
  "O5_N_basis": 196,
  "O5_N_pos": 195,
  "O5_N_zero": 1,
  "O5_N_neg": 0,
  "O5_min_pos": 0.5572993041327404,
  "O5_max_pos": 2328.362561018963,
  "O5_first10": [
    0.5572993041327404,
    0.7352949873874609,
    0.7822299898245284,
    0.9481996877973068,
    1.0069486493505002,
    1.1011546476975145,
    1.1857095317450388,
    1.2324294577299835,
    1.2855464618528278,
    1.3120605606958713
  ],
  "Om5_N_basis": 196,
  "Om5_N_pos": 196,
  "Om5_N_zero": 0,
  "Om5_N_neg": 0,
  "Om5_min_pos": 3.3056458163821385,
  "Om5_max_pos": 355.4636358186576,
  "Om5_first10": [
    3.3056458163821385,
    3.677610180934552,
    3.9522781990939375,
    4.182917191275656,
    4.297758700350812,
    4.458025846510004,
    4.5672764154315875,
    4.826647901647291,
    5.000494036893581,
    5.147318291044994
  ],
  "zeta_O0": {
    "total": 1665.774144286174,
    "computed": -416.951281401454,
    "tail": 2082.725425687628,
    "N_eigs": 195,
    "N_weyl": 1178.463342040329,
    "lambda_max": 56.52291302055872
  },
  "zeta_O5": {
    "total": 7251244.823645944,
    "computed": -644.1120867010702,
    "tail": 7251888.935732645,
    "N_eigs": 195,
    "N_weyl": 1999715.5352090853,
    "lambda_max": 2328.362561018963
  },
  "zeta_Om5": {
    "total": 124589.9211366964,
    "computed": -631.4323377330344,
    "tail": 125221.35347442943,
    "N_eigs": 196,
    "N_weyl": 46607.666864046456,
    "lambda_max": 355.4636358186576
  },
  "threshold": 3074930.251137053,
  "delta_alpha_inv": 489390.34913126513,
  "ratio_to_target": 3958273.6415421986
}