{
  "version": 5,
  "surface": "Fermat_cubic_dP6",
  "metric": "Fubini-Study",
  "basis": "P-normalized c-dependent monomials",
  "K_MAX": 4,
  "N_basis": 196,
  "N_MC": 150000,
  "N_total": 450000,
  "domain_R": 4.0,
  "vol_estimate": 13.218253404831799,
  "vol_exact": 14.804406601634037,
  "vol_ratio": 0.8928593871079462,
  "target": 0.7768361992120932,
  "O0_N_pos": 192,
  "O0_N_zero": 4,
  "O0_min": 0.7986189593080557,
  "O0_max": 81.25647480410936,
  "O0_first10": [
    0.7986189593080557,
    0.8448020082056361,
    0.8757472612062969,
    0.9400342929572637,
    1.2298299435837452,
    1.249869012581634,
    1.3581209762955837,
    1.4098991884208376,
    1.4768335181083487,
    1.4988501788525925
  ],
  "O5_N_pos": 185,
  "O5_N_zero": 11,
  "O5_min": 0.6539640902008665,
  "O5_max": 346.37415219471325,
  "O5_first10": [
    0.6539640902008665,
    0.7668599491862024,
    0.8087442871002543,
    0.8212741604842265,
    0.8624044472185943,
    0.9044583902371586,
    1.0583652619929298,
    1.1612375262370094,
    1.2871641322831624,
    1.70251956289156
  ],
  "Om5_N_pos": 189,
  "Om5_N_zero": 7,
  "Om5_min": 0.5007648327438686,
  "Om5_max": 196.5955782684863,
  "Om5_first10": [
    0.5007648327438686,
    0.5423264801403648,
    0.5647436943850993,
    0.6145965672052043,
    0.6330274600922611,
    1.0360974408236339,
    1.194985576855551,
    1.329652409299306,
    1.40644455855221,
    1.4244785646336366
  ],
  "zeta_O0": {
    "total": -2547.585645331699,
    "computed": -393.47137829603304,
    "tail": -2154.114267035666,
    "N_eigs": 192,
    "N_weyl": 552.6756105188337
  },
  "zeta_O5": {
    "total": -54164.771899175146,
    "computed": -461.8793462195177,
    "tail": -53702.89255295563,
    "N_eigs": 185,
    "N_weyl": 10042.579928003013
  },
  "zeta_Om5": {
    "total": -15938.167058367659,
    "computed": -470.1697005366346,
    "tail": -15467.997357831024,
    "N_eigs": 189,
    "N_weyl": 3235.2052352176643
  }
}