{
  "version": 4,
  "surface": "Fermat_cubic_dP6",
  "metric": "Fubini-Study",
  "K_MAX": 4,
  "N_basis": 196,
  "N_MC": 120000,
  "N_total": 360000,
  "domain_R": 3.0,
  "vol_estimate": 10.72054744936013,
  "vol_exact": 14.804406601634037,
  "vol_ratio": 0.7241457045753423,
  "target": 0.7768361992120932,
  "O0_N_pos": 165,
  "O0_N_zero": 31,
  "O0_min": 1.6586275814140108,
  "O0_max": 303.7275418523659,
  "O0_first10": [
    1.6586275814140108,
    1.666495934536038,
    1.8082307117965786,
    1.848204236786869,
    2.041278335686865,
    2.2290681539488486,
    2.253133014297385,
    2.4811299109933516,
    3.0031131930692405,
    3.065126915059533
  ],
  "O5_N_pos": 165,
  "O5_N_zero": 31,
  "O5_min": 2.9678587474881573,
  "O5_max": 129.04853223403256,
  "O5_first10": [
    2.9678587474881573,
    2.9964083018939727,
    3.2286136586785643,
    3.2873227781586922,
    3.4523601571194407,
    3.498818462285128,
    3.7461662170302357,
    3.8250666059810334,
    4.13247954881382,
    4.185949467513326
  ],
  "Om5_N_pos": 165,
  "Om5_N_zero": 31,
  "Om5_min": 1.2032080565864334,
  "Om5_max": 669.829737021958,
  "Om5_first10": [
    1.2032080565864334,
    1.297039227828653,
    1.31831811952084,
    1.4909677456435222,
    1.772206475849584,
    1.7961626297338822,
    2.2737902113937016,
    2.3300303260847217,
    2.4198035502564346,
    2.521905884999777
  ],
  "zeta_O0": {
    "total": -33149.48296762256,
    "computed": -482.1198165564497,
    "tail": -32667.36315106611,
    "N_eigs": 165,
    "N_weyl": 6262.75735840438
  },
  "zeta_O5": {
    "total": -5381.9750431426055,
    "computed": -452.40951099648254,
    "tail": -4929.565532146123,
    "N_eigs": 165,
    "N_weyl": 1130.5854030888229
  },
  "zeta_Om5": {
    "total": -183524.12190516075,
    "computed": -551.7918974612943,
    "tail": -182972.33000769946,
    "N_eigs": 165,
    "N_weyl": 30459.732394017694
  }
}