{
  "version": 7,
  "basis_type": "integer_P_power",
  "description": "phi = mono(a,abar,b,bbar,c,cbar) / P^{m+|n|}, m=max(hol,anti)",
  "N_MC": 300000,
  "N_total": 528462,
  "DOMAIN_R": 5.0,
  "MAX_DEGREE": 3,
  "RNG_SEED": 2026,
  "vol_est": 14.188325967805259,
  "vol_exact": 14.804406601634037,
  "vol_ratio": 0.9583853206408977,
  "target": 0.7768361992120932,
  "O0_N_basis": 82,
  "O0_N_pos": 81,
  "O0_N_zero": 1,
  "O0_N_neg": 0,
  "O0_min_pos": 0.6215193585384146,
  "O0_max_pos": 29.767580455483817,
  "O0_first10": [
    0.6215193585384146,
    0.8997790647246109,
    0.9087085279994311,
    1.3751040047431935,
    1.4302373951926086,
    1.598947357976123,
    1.6361394843993204,
    1.6583628453617267,
    1.7019434828837465,
    1.885043381500332
  ],
  "O5_N_basis": 82,
  "O5_N_pos": 82,
  "O5_N_zero": 0,
  "O5_N_neg": 0,
  "O5_min_pos": 0.8021335047226731,
  "O5_max_pos": 438.5616853413012,
  "O5_first10": [
    0.8021335047226731,
    1.0417300138276897,
    1.553559016518641,
    1.7248342581245388,
    2.1058549405881934,
    2.1372975723077103,
    2.8642805236618223,
    3.9784056957639478,
    4.281309485536851,
    4.992849962391064
  ],
  "Om5_N_basis": 82,
  "Om5_N_pos": 82,
  "Om5_N_zero": 0,
  "Om5_N_neg": 0,
  "Om5_min_pos": 4.744951176728706,
  "Om5_max_pos": 142.39219149062768,
  "Om5_first10": [
    4.744951176728706,
    4.928628991996146,
    6.421725745270595,
    6.680121961895007,
    7.322591555261049,
    7.605326077064593,
    8.323922492525814,
    8.408464688071449,
    8.867785157209813,
    9.5391844120613
  ],
  "zeta_O0": {
    "total": 324.96259120613377,
    "computed": -135.7604804970753,
    "tail": 460.7230717032091,
    "N_eigs": 81,
    "N_weyl": 318.46264149859473,
    "lambda_max": 29.767580455483817
  },
  "zeta_O5": {
    "total": 192747.14188649357,
    "computed": -231.54943074292225,
    "tail": 192978.6913172365,
    "N_eigs": 82,
    "N_weyl": 69124.62608928379,
    "lambda_max": 438.5616853413012
  },
  "zeta_Om5": {
    "total": 16000.068492200637,
    "computed": -244.59950375817272,
    "tail": 16244.66799595881,
    "N_eigs": 82,
    "N_weyl": 7286.916097428973,
    "lambda_max": 142.39219149062768
  },
  "threshold": 87302.96691566205,
  "delta_alpha_inv": 13894.698731215816,
  "ratio_to_target": 112382.72238627546
}