{
  "surface": "Fermat_cubic_dP6",
  "metric": "Fubini-Study (multi-chart)",
  "K_SPEC": 6,
  "N_basis": 225,
  "N_total_MC": 400000,
  "vol_estimate": 32.74148328726095,
  "vol_exact": 29.608813203268074,
  "vol_ratio": 1.1058019469570333,
  "target": 0.7768361992120932,
  "eigs_O0_count": 196,
  "eigs_O0_min": 0.271810762892959,
  "eigs_O0_max": 139.32333401864884,
  "eigs_O0_first10": [
    0.271810762892959,
    0.4473367940785326,
    0.4989439974169544,
    0.6010077638672596,
    0.6469040162354758,
    0.7108200826229019,
    0.8151006579390112,
    0.8757397531166468,
    0.9542734027102753,
    0.97894891029711
  ],
  "eigs_O5_count": 193,
  "eigs_O5_min": 0.11748884614815058,
  "eigs_O5_max": 907.3904257200667,
  "eigs_O5_first10": [
    0.11748884614815058,
    0.13358273505290846,
    0.14073317340975677,
    0.19263330531927905,
    0.19709673199353708,
    0.2273603857565705,
    0.24383851871412215,
    0.33211173601630456,
    0.3990940435464195,
    0.449872468322653
  ],
  "eigs_Om5_count": 199,
  "eigs_Om5_min": 0.15198362243169747,
  "eigs_Om5_max": 200.95855610620632,
  "eigs_Om5_first10": [
    0.15198362243169747,
    0.21471560942094664,
    0.26312262564011607,
    0.3665427809285601,
    0.7001702322932791,
    0.9980015183129126,
    1.038713222885059,
    1.0819055959026627,
    1.111583824248284,
    1.1556840730563203
  ],
  "zeta_O0": {
    "total": -18282.171314516898,
    "computed": -425.6878923722545,
    "tail": -17856.483422144644,
    "N_eigs": 193,
    "N_weyl": 4024.63351589577,
    "coverage": 0.047954676925917226,
    "lambda_max": 139.32333401864884
  },
  "zeta_O5": {
    "total": -1077806.2119360147,
    "computed": -508.37050511906193,
    "tail": -1077297.8414308957,
    "N_eigs": 183,
    "N_weyl": 170713.1623181123,
    "coverage": 0.001071973581386724,
    "lambda_max": 907.3904257200667
  },
  "zeta_Om5": {
    "total": -40676.36484288678,
    "computed": -459.04392796920354,
    "tail": -40217.32091491758,
    "N_eigs": 195,
    "N_weyl": 8373.20310102693,
    "coverage": 0.023288578772929117,
    "lambda_max": 200.95855610620632
  }
}