{
  "version": 8,
  "basis_type": "integer_P_power",
  "MAX_DEGREE": 4,
  "N_MC": 300000,
  "N_total": 900000,
  "DOMAIN_R": 5.0,
  "vol_est": 14.815807085683751,
  "vol_exact": 14.804406601634037,
  "vol_ratio": 1.0007700736920084,
  "target": 0.7768361992120932,
  "O0_N_basis": 196,
  "O0_N_pos": 195,
  "O0_N_zero": 1,
  "O0_N_neg": 0,
  "O0_min_pos": 0.5982184801613456,
  "O0_max_pos": 101.3033572991998,
  "O0_first20": [
    0.5982184801613456,
    0.8605002443497296,
    0.8841247779921008,
    0.9666804440092239,
    1.1694188468149782,
    1.1879253802895697,
    1.333083354602031,
    1.4839635623484866,
    1.5115238771821713,
    1.7214340155638845,
    1.8594210395908657,
    2.0817407919339597,
    2.1894950663222663,
    2.323130848225344,
    2.3366381692344325,
    2.372881095745657,
    2.5399513057638745,
    2.562312794116728,
    2.701709667922082,
    2.78206337937047
  ],
  "O0_all_pos": [
    0.5982184801613456,
    0.8605002443497296,
    0.8841247779921008,
    0.9666804440092239,
    1.1694188468149782,
    1.1879253802895697,
    1.333083354602031,
    1.4839635623484866,
    1.5115238771821713,
    1.7214340155638845,
    1.8594210395908657,
    2.0817407919339597,
    2.1894950663222663,
    2.323130848225344,
    2.3366381692344325,
    2.372881095745657,
    2.5399513057638745,
    2.562312794116728,
    2.701709667922082,
    2.78206337937047,
    2.892807200150985,
    3.00238130940516,
    3.05243234012895,
    3.1892952364495124,
    3.2314322428835744,
    3.2905506237961535,
    3.361686347511588,
    3.4893958237828255,
    3.606707342181166,
    3.7407924415067644,
    3.8126877378339983,
    3.867548656013934,
    3.8962614203501875,
    4.008355013139844,
    4.118546025219292,
    4.230942618232412,
    4.3601437830315355,
    4.400277655545941,
    4.5053115122533285,
    4.540339077220275,
    4.67056876027532,
    4.757402086723844,
    4.808882681525102,
    4.842381708378411,
    4.938518896315883,
    4.979015305300172,
    5.110354093609709,
    5.130348344415538,
    5.174177999697876,
    5.281135165298139,
    5.322506618581364,
    5.396455571907573,
    5.4881198866112655,
    5.560301720126078,
    5.64422096444772,
    5.689061127789769,
    5.75726319925809,
    5.822434433898944,
    5.851642646316905,
    5.96554040005943,
    6.042221122255905,
    6.162460448656431,
    6.25397080610493,
    6.313701333056691,
    6.481525219309686,
    6.524432823217046,
    6.628213419480155,
    6.6701364767723605,
    6.71967008515337,
    6.850086202759781,
    6.940137981337601,
    7.026442679447604,
    7.066368544074868,
    7.146613369312988,
    7.261090348858295,
    7.298065145144666,
    7.34366292382272,
    7.46483224374237,
    7.519510057540063,
    7.587369259198092,
    7.692075383880992,
    7.728151834528104,
    7.843089496183218,
    7.848130805954286,
    7.998370629714086,
    8.101681595736578,
    8.227327128666824,
    8.28185417850006,
    8.395862895248056,
    8.532699148263582,
    8.643526906412108,
    8.732085798652877,
    8.874634578387962,
    8.91384532450831,
    8.985864310250808,
    9.044291702704351,
    9.115154685062052,
    9.324210155280209,
    9.44879680483127,
    9.485213912772277,
    9.61061752701873,
    9.764751928762488,
    9.814725752018948,
    9.92778060062868,
    9.988709954513938,
    10.234870499120687,
    10.360997684332181,
    10.419895010786693,
    10.521904967949332,
    10.574756886520142,
    10.709722794229096,
    10.882622892913101,
    10.954004733109667,
    11.095108866560558,
    11.139798581391258,
    11.216413524535772,
    11.240358788001592,
    11.388555858636433,
    11.53610802554684,
    11.67640776549319,
    11.701273188197009,
    11.790784642057105,
    11.963431698641621,
    12.03690580862417,
    12.05343491747826,
    12.2353805798759,
    12.36153228529505,
    12.609252576890412,
    12.659568413127559,
    12.762219401918635,
    12.817388467123394,
    13.038683945457048,
    13.147200815952608,
    13.186363522555977,
    13.351232273308355,
    13.557581777200095,
    13.598712349440175,
    13.847896581999725,
    14.012717547939062,
    14.364917464647016,
    14.48071973675969,
    14.673341561086241,
    14.747869219046004,
    14.841767035644617,
    14.975312510132257,
    15.184758419915749,
    15.33246621279382,
    15.618398161536124,
    15.679983276488585,
    16.01882242080524,
    16.169704334804806,
    16.249369543777767,
    16.3553072471414,
    16.378690027850283,
    16.741148185274735,
    17.12330119066005,
    17.2214015312454,
    17.377547791444144,
    17.57603044990693,
    17.74454948445921,
    17.887497281372852,
    17.976835335148447,
    18.062522929088757,
    18.470526255317395,
    18.67418784993438,
    19.525307782094256,
    19.678583026305713,
    20.002401813979894,
    20.525836113230543,
    20.895555109574282,
    21.17676165950688,
    22.05925022848807,
    22.147633658329994,
    22.743263122626672,
    23.451814757804826,
    23.65892458237133,
    24.221076409717213,
    24.407933261850275,
    25.191853285813078,
    25.56975428011865,
    26.142738293470664,
    26.185527318981872,
    26.674779603571192,
    26.819442328289345,
    27.05434313166714,
    27.783649593265622,
    29.506602511989815,
    29.82632124630603,
    30.980442618387244,
    31.866590275329187,
    33.08443683089292,
    34.48158229925347,
    37.174024242339186,
    73.23611677945237,
    101.3033572991998
  ],
  "O5_N_basis": 196,
  "O5_N_pos": 195,
  "O5_N_zero": 1,
  "O5_N_neg": 0,
  "O5_min_pos": 0.6090411294614742,
  "O5_max_pos": 3238.5799614917287,
  "O5_first20": [
    0.6090411294614742,
    0.7976081935147783,
    0.8128151391339793,
    0.8651927964219793,
    0.9212488397672013,
    1.3239190940126493,
    1.382540269250673,
    1.9761242266566317,
    2.073443459678232,
    2.1927577216780154,
    2.320756805773316,
    2.401288580032032,
    2.6476105784597523,
    2.8312470642406895,
    3.137027949665942,
    3.7461116157271457,
    3.852003890654896,
    3.8845107162427386,
    4.034105385273762,
    4.284358525163744
  ],