{
  "version": 9,
  "metric": "balanced",
  "BAL_K": 8,
  "MAX_DEGREE": 4,
  "N_MC": 200000,
  "N_total": 600000,
  "DOMAIN_R": 5.0,
  "vol_FS": 15.188065773207747,
  "vol_bal": 4.632431585061115,
  "vol_exact": 14.804406601634037,
  "target": 0.7768361992120932,
  "O0_bal_N_pos": 195,
  "O0_bal_N_zero": 1,
  "O0_bal_lambda1": 1.461324662553784,
  "O0_bal_lambda_max": 34706.60543365165,
  "O0_bal_first20": [
    1.461324662553784,
    1.4938895643734054,
    1.7406863756772861,
    2.5573929419548196,
    2.7431747553198003,
    2.9193131325655877,
    3.1359900137624996,
    3.153405039432169,
    3.384307607611307,
    3.9010766632079776,
    4.01690228167783,
    4.16472581938306,
    4.344376127825888,
    4.3634980004151585,
    4.403356644492407,
    4.696818217472274,
    5.17731140885427,
    5.458613381416706,
    5.478110366064398,
    5.5865719749732605
  ],
  "O0_bal_all_pos": [
    1.461324662553784,
    1.4938895643734054,
    1.7406863756772861,
    2.5573929419548196,
    2.7431747553198003,
    2.9193131325655877,
    3.1359900137624996,
    3.153405039432169,
    3.384307607611307,
    3.9010766632079776,
    4.01690228167783,
    4.16472581938306,
    4.344376127825888,
    4.3634980004151585,
    4.403356644492407,
    4.696818217472274,
    5.17731140885427,
    5.458613381416706,
    5.478110366064398,
    5.5865719749732605,
    5.763765226609335,
    6.00411242352116,
    6.2646303699156425,
    6.526681950659611,
    6.822064201284118,
    6.8459197765108994,
    7.1522822019836365,
    7.2692668167017755,
    7.3677036013360615,
    7.468656568278116,
    7.524856891344747,
    7.69831997681981,
    7.999698001951873,
    8.083364774792129,
    8.219013341693113,
    8.237530628862636,
    8.580067541670887,
    9.051509378255746,
    9.057814569426652,
    9.213552504985223,
    9.286343877133204,
    9.31152929111912,
    9.526210870125546,
    9.562692808761033,
    9.813326878500177,
    9.827365850849286,
    9.966069180584988,
    10.046436499440006,
    10.437300338017886,
    10.550650163256382,
    10.592714943246312,
    10.675341853969476,
    10.722632263989908,
    11.31717127790808,
    11.486681754934569,
    11.653346784757646,
    11.736799905251681,
    11.957754642037159,
    12.191283669340182,
    12.319268651027906,
    12.39190707943008,
    12.598196555789253,
    13.022345701007572,
    13.151150696245303,
    13.488961818818412,
    13.499001058268092,
    13.607485890292255,
    13.820717415751838,
    13.94533857124984,
    14.17371973123014,
    14.237766494656002,
    14.31884884089441,
    14.71613276713397,
    15.262883800378772,
    15.377884763055953,
    15.398249557986166,
    15.957630680777713,
    16.189995932545795,
    16.335610550899,
    16.59064729210085,
    16.71777203300697,
    16.93397122758979,
    16.943973809570885,
    17.229720521215253,
    17.3486177206128,
    17.358993911351217,
    17.849072430174807,
    17.944868465872776,
    18.008448371468987,
    18.289990104688457,
    18.579435638698858,
    19.091062173054233,
    19.339303118288893,
    19.83600443206317,
    20.111061314830657,
    20.480161868770594,
    20.5676818384848,
    20.646867564624806,
    20.899248304960324,
    21.12118407485193,
    21.873666393015412,
    22.040248962245517,
    22.099900227598514,
    22.785334368883873,
    23.04422021907144,
    23.66596111011753,
    24.115675486133597,
    24.20399158407691,
    24.299803668056523,
    25.160002614438927,
    25.46545069660201,
    25.55915354464741,
    26.284267091487546,
    27.234325114753336,
    27.32018595923446,
    27.937766938240163,
    28.421257945418496,
    29.081479468574756,
    29.345713916524172,
    29.45175475701982,
    29.706427549480257,
    30.617822196129076,
    30.96583447884737,
    32.80611919743149,
    33.22324279544553,
    33.43383084451447,
    34.09995069474139,
    34.98705828048109,
    35.78445401671777,
    37.00050087789077,
    37.86478329386323,
    38.15454283949577,
    38.470019903841774,
    38.95554723261705,
    40.00042106860476,
    40.87791201705317,
    41.649821152101175,
    42.04358309422725,
    43.025336893532774,
    43.266289485199415,
    45.98306258270053,
    46.465290882191184,
    47.239868568161846,
    47.25104999740049,
    49.54973463495,
    50.94509961122826,
    52.41389940562518,
    54.66846795672056,
    56.29776389497696,
    58.612742823397376,
    60.975185712174856,
    62.82532634207501,
    64.573171843792,
    69.37643421299458,
    71.06164754977655,
    73.34300809777125,
    75.78013668827884,
    77.52126564632242,
    78.41593989487316,
    89.03742840122291,
    93.2830164461112,
    100.88296932970788,
    119.10760649722543,
    130.33148588646543,
    151.4207890202068,
    160.17017539983013,
    174.05446423339583,
    200.0149756125726,
    210.59856304022628,
    257.86606370527335,
    261.66637756873047,
    288.82120007692464,
    295.9560700909958,
    326.4457186046473,
    367.9039208635992,
    388.01773087857043,
    479.1804709767904,
    483.91261185906643,
    620.3216463129409,
    695.2858801657401,
    746.9855373657949,
    758.1534732428934,
    875.2373168913201,
    941.4767435568788,
    1167.2193926598054,
    1252.1105122782747,
    1786.5751144804003,
    2877.9787402634192,
    3358.094074619275,
    3444.7796097423447,
    5118.496876676809,
    7115.444913505888,
    8764.379741141529,
    20597.356339634942,
    34706.60543365165
  ]
}