{
  "version": 6,
  "basis": "section_product",
  "K_MAX": 2,
  "N_MC": 100000,
  "N_total": 300000,
  "domain_R": 4.0,
  "vol_est": 13.452335301642375,
  "vol_exact": 14.804406601634037,
  "target": 0.7768361992120932,
  "O0_N_basis": 117,
  "O0_N_pos": 99,
  "O0_N_zero": 18,
  "O0_min": 0.565058063858315,
  "O0_first10": [
    0.565058063858315,
    0.7569636635696029,
    0.8460525877744596,
    1.1038692245768251,
    1.199066498114569,
    1.271280776773537,
    1.4058464754429667,
    1.4347114561138805,
    1.5611029003081578,
    1.8687070489562272
  ],
  "O5_N_basis": 302,
  "O5_N_pos": 248,
  "O5_N_zero": 54,
  "O5_min": 0.5075568991758705,
  "O5_first10": [
    0.5075568991758705,
    0.5169493102652294,
    0.5543851014008462,
    0.6091303115833677,
    0.6521240610224239,
    0.7144968518642886,
    0.7545404803872349,
    0.7871902051673924,
    0.8274531935937408,
    0.8614463894300287
  ],
  "Om5_N_basis": 302,
  "Om5_N_pos": 256,
  "Om5_N_zero": 46,
  "Om5_min": 1.170973874935701,
  "Om5_first10": [
    1.170973874935701,
    1.1916722785206064,
    2.016713826291594,
    2.58176528781097,
    2.58387777487017,
    2.8200201579180977,
    2.9252233506238907,
    2.978866528817815,
    3.046842835524081,
    3.316187572560556
  ],
  "zeta_O0": {
    "total": -337.97857243231545,
    "computed": -180.36295208884522,
    "tail": -157.61562034347025,
    "N_eigs": 99,
    "N_weyl": 57.21393630795733
  },
  "zeta_O5": {
    "total": -122158.80499925661,
    "computed": -607.2691466470998,
    "tail": -121551.53585260951,
    "N_eigs": 248,
    "N_weyl": 21272.462440157917
  },
  "zeta_Om5": {
    "total": -218371.42844396373,
    "computed": -767.075069256756,
    "tail": -217604.35337470696,
    "N_eigs": 256,
    "N_weyl": 36374.90951551645
  }
}