{
  "version": 3,
  "surface": "Fermat_cubic_dP6",
  "metric": "Fubini-Study",
  "K_MAX": 6,
  "N_basis": 210,
  "N_MC": 300000,
  "N_total": 900000,
  "domain_R": 5.0,
  "vol_estimate": 14.815807085683748,
  "vol_exact": 14.804406601634037,
  "vol_ratio": 1.0007700736920082,
  "target": 0.7768361992120932,
  "O0_N_pos": 182,
  "O0_min": 0.6702784962460645,
  "O0_max": 931.2540542677327,
  "O0_first10": [
    0.6702784962460645,
    1.1851543001310199,
    1.4749927040401851,
    1.664019320698081,
    1.7662551884918178,
    1.8031040183334712,
    3.6653848218170624,
    3.6763193609794613,
    3.699694310372006,
    4.015182650952807
  ],
  "O5_N_pos": 182,
  "O5_min": 2.4836785626727615,
  "O5_max": 507.2462734338387,
  "O5_first10": [
    2.4836785626727615,
    2.690998456853955,
    2.710558924507061,
    2.9504767948003034,
    2.986116063692309,
    3.073777121344657,
    3.1389971651923263,
    3.2239766651563264,
    3.524209999056273,
    3.5840640948687112
  ],
  "Om5_N_pos": 178,
  "Om5_min": 0.5112365052570594,
  "Om5_max": 1534.5275113341697,
  "Om5_first10": [
    0.5112365052570594,
    0.7006981210682056,
    0.7448914957221181,
    0.7544788950163557,
    0.7672021912399503,
    0.8274396507371342,
    0.9786627823979048,
    2.149520596159417,
    2.5863380671717304,
    3.1685682724246833
  ],
  "zeta_O0": {
    "total": -516210.6028535957,
    "computed": -633.5492418988831,
    "tail": -515577.0536116968,
    "N_eigs": 182,
    "N_weyl": 81365.8076030416
  },
  "zeta_O5": {
    "total": -138882.98407553785,
    "computed": -583.0784997665252,
    "tail": -138299.90557577132,
    "N_eigs": 182,
    "N_weyl": 24140.336337698744
  },
  "zeta_Om5": {
    "total": -1510955.9565496505,
    "computed": -682.5049639008439,
    "tail": -1510273.4515857496,
    "N_eigs": 178,
    "N_weyl": 220930.12810082413
  }
}