{
  "description": "Balanced metric on dP6 via Donaldson T-operator",
  "algorithm": "T(G) = (N/V) S diag(w/rho) S^H, Z3^2 block decomposition",
  "N_MC": 300000,
  "N_pts": 900000,
  "DOMAIN_R": 3.0,
  "vol_est": 10.386565402305719,
  "vol_exact": 14.804406601634037,
  "vol_ratio": 0.7015860670267798,
  "k_values": [
    8,
    10,
    12,
    15
  ],
  "results": {
    "8": {
      "N_sections": 109,
      "iterations": 27,
      "eta_2_w": 0.6883308406173452,
      "eta_inf_s": 2.8415863713825633,
      "delta_G": 5.335292468058327e-09,
      "time": 54.32744026184082,
      "converged": true,
      "history_eta2w": [
        0.6799210333017283,
        0.6883356157742927,
        0.6883308429764755
      ],
      "history_dG": [
        0.0,
        0.00035523866991098857,
        3.425494809495193e-07
      ]
    },
    "10": {
      "N_sections": 166,
      "iterations": 27,
      "eta_2_w": 0.9129897118731776,
      "eta_inf_s": 4.04334210557846,
      "delta_G": 6.236220303447759e-09,
      "time": 84.2271683216095,
      "converged": true,
      "history_eta2w": [
        0.8843359392755724,
        0.9129980425202929,
        0.9129897146675393
      ],
      "history_dG": [
        0.0,
        0.0004139349844378723,
        4.002868349696285e-07
      ]
    },
    "12": {
      "N_sections": 235,
      "iterations": 27,
      "eta_2_w": 1.1330581963336994,
      "eta_inf_s": 5.489027973010394,
      "delta_G": 6.957478118324294e-09,
      "time": 120.2525315284729,
      "converged": true,
      "history_eta2w": [
        1.0839791985899898,
        1.1330699263073933,
        1.1330582003052416
      ],
      "history_dG": [
        0.0,
        0.0004614233062479376,
        4.4644620126714394e-07
      ]
    },
    "15": {
      "N_sections": 361,
      "iterations": 27,
      "eta_2_w": 1.4507052019184117,
      "eta_inf_s": 7.930948316168198,
      "delta_G": 7.788359893384418e-09,
      "time": 177.49436950683594,
      "converged": true,
      "history_eta2w": [
        1.3678181504429698,
        1.4507225112839162,
        1.450705208354698
      ],
      "history_dG": [
        0.0,
        0.000516068125934451,
        4.995378629825002e-07
      ]
    }
  }
}