{
  "surface": "dP_6",
  "K_sq": 3,
  "n_lines": 27,
  "root_system": "E_6",
  "n_roots": 72,
  "cartan_match": true,
  "n_total_models": 111555,
  "NY_dominant": -19,
  "ln3_sqrt2": 0.7768361992120932,
  "target_ratio": 0.776,
  "match_percent": 0.10775763042438322,
  "CS_exact": 0.09725069732286858,
  "c_geom_exact": 0.8104224776905715,
  "t_kahler": 0.9069819234524252,
  "sin2_theta_W_lambda": 0.4329940775573166,
  "jordan_dim": 27,
  "jordan_cubic_deg": 3,
  "jordan_fermion_chi2": 0.82
}