{
  "surface": "Fermat_cubic_dP6",
  "metric": "Fubini-Study (first approximation)",
  "k_max": 6,
  "N_basis": 210,
  "N_mc": 299999,
  "vol_estimate": 10.262020902088096,
  "vol_exact": 29.608813203268074,
  "eigs_O0_first10": [
    -8.39522175262679e-14,
    -7.284789070238133e-14,
    -6.327423324176765e-14,
    -5.0495656500197407e-14,
    -4.5375265102729114e-14,
    -3.835560045298942e-14,
    -3.682893165277486e-14,
    -2.8627011137746646e-14,
    -2.206588338156277e-14,
    -1.694072227142774e-14
  ],
  "eigs_O0_positive": [
    1.3930827858497719,
    1.9160450391349142,
    2.103732319030597,
    2.3153405613252263,
    2.6800108554957367,
    3.1484523045652146,
    3.2948496431339285,
    3.8716411094460113,
    4.105756984434187,
    4.211128566306322,
    4.591036383788189,
    4.722610311108282,
    5.060261207124139,
    5.172943776158117,
    5.256031499693198,
    5.337587647044532,
    5.920558189754567,
    6.182660964560589,
    6.325537306647878,
    6.59193109989318,
    7.192469374489717,
    7.622762123237179,
    7.931687575573312,
    8.095062684003738,
    8.42937622551899,
    9.24810022812733,
    9.358632131729562,
    9.479091767200195,
    9.637370307207073,
    10.05034701119098,
    10.474463994829344,
    10.621802755524085,
    11.105746477788637,
    11.265551686281604,
    11.594879072725691,
    11.76080019967773,
    11.918638366784448,
    12.119114403236635,
    12.30269037739568,
    13.021770156384315,
    13.383697850978221,
    13.609381712506526,
    13.797005060229678,
    14.028884648017472,
    14.377569943038456,
    14.892147315730147,
    15.466543479958606,
    15.848592924103626,
    16.735859955329982,
    16.839614582031185,
    17.084772763059593,
    17.52742095898716,
    18.068042469536042,
    18.448643406937137,
    18.75304141054667,
    19.77900501162022,
    20.126082736083315,
    20.402624355910685,
    20.92798838804687,
    21.237300761139288,
    21.721261403101707,
    22.599670230435798,
    22.763156612049904,
    23.64466445850746,
    23.993958202473912,
    24.85799334050793,
    25.557970787172057,
    27.318923935862266,
    28.563684458883767,
    28.936458076802893,
    29.680506267853048,
    30.178016668274587,
    31.632191003279914,
    32.201455945370256,
    32.988302512028824,
    33.067728077758275,
    33.51607945022747,
    33.83504741149142,
    34.30899701520743,
    35.73415024166091,
    37.19752253233838,
    37.74783475641294,
    37.941981400340715,
    39.580152712007965,
    40.46139176174246,
    40.7542301496668,
    41.76472570529486,
    42.13446843320214,
    43.4035449200917,
    43.82562101911187,
    44.897324851282065,
    45.35550711723378,
    45.70556597869437,
    46.34667981791011,
    47.584509200033985,
    48.00019092074059,
    48.3202375402349,
    48.76141638661381,
    49.5864366386629,
    50.69575168753546,
    51.63712434730014,
    52.54441042138273,
    52.775661747137335,
    54.41611455583028,
    54.79936027841519,
    55.04068682937286,
    55.891069040781474,
    57.187387573212824,
    58.48757591413749,
    59.22710671952073,
    60.52410078638686,
    61.16204138268495,
    62.68495241414288,
    63.76030433507942,
    64.05190964399145,
    65.74789110409553,
    66.33182634351469,
    66.97112423419597,
    68.17000818202378,
    70.04749571997245,
    70.58640252742974,
    71.61504742585151,
    72.65913296233919,
    73.36962145916743,
    74.62207535143538,
    76.44168939445849,
    77.67581961145189,
    79.68773335758387,
    80.51321203566872,
    81.81720330439758,
    82.89467309350704,
    86.54314530729229,
    88.38308752368506,
    91.78832312634094,
    92.95110309135349,
    94.40979655912768,
    98.21662155079264,
    101.26736609899511,
    101.84248011551189,
    105.66773862319748,
    107.2272284625726,
    110.36966675172123,
    111.53869457254494,
    111.78570672203179,
    115.00346484892849,
    116.35637237277868,
    122.24909830599017,
    122.73362518860425,
    125.27589496615418,
    131.09391981566418,
    134.48157832414162,
    141.27559817593203,
    144.57603552132946,
    146.24679795214806,
    150.34605190129656,
    158.4155444114172,
    159.29815100688606,
    165.97845906442018,
    175.1366886171634,
    183.10973641605491,
    195.8814170203715,
    207.10142917665968,
    211.12512010381562,
    222.62561310078422,
    224.23086857356188,
    243.55985022255527,
    261.864403781075,
    295.62749217408816,
    323.9213422722285,
    341.12544259901523,
    356.4078201226803,
    362.9531043551718,
    378.1512947539247,
    415.9466570389581,
    435.66606256539313,
    473.1356313081655,
    491.49940283366334,
    552.6819274410511,
    622.9221146440652,
    685.1813340468325,
    832.7848716756597,
    877.7904344626354
  ],
  "eigs_O5_first10": [
    -5.161405551480987e-14,
    -3.670341466753334e-14,
    -3.368972269745667e-14,
    -2.5907435215627727e-14,
    -2.1775320568757407e-14,
    -1.8614349417703804e-14,
    -1.568823357169056e-14,
    -1.4183126575413707e-14,
    -1.1011534671259794e-14,
    -8.129321939355939e-15
  ],