{
  "experiment": "v0.2a_early_layer_lora",
  "base_model": "Qwen/Qwen3-0.6B",
  "lora_r": 64,
  "n_early_layers": 7,
  "n_total_layers": 28,
  "epochs": 2,
  "n_examples": 7473,
  "elapsed_seconds": 936.0333354473114,
  "baseline": {
    "think_cv": 0.0001456842741136132,
    "nothink_cv": 0.00030377320183561096,
    "cv_delta": -0.00015808892772199777,
    "think_cvs": [
      0.00014690585567223025,
      0.00014456221887420334,
      0.00013529849171131251,
      0.00013585982995729346,
      0.00015788085969299054,
      0.000153598388773649
    ],
    "nothink_cvs": [
      0.0003926454827316255,
      0.00037450620415516563,
      0.0002066126824372207,
      0.0002608864787946784,
      0.0003080653102967647,
      0.0002799230525982109
    ]
  },
  "final": {
    "think_cv": 0.0003268764263999574,
    "nothink_cv": 0.0004276168909720062,
    "cv_delta": -0.00010074046457204879,
    "think_cvs": [
      0.0004648168036770325,
      0.00042883296340992923,
      0.00019335260607736667,
      0.0002991771493725537,
      0.00027759154613704595,
      0.0002974874897258165
    ],
    "nothink_cvs": [
      0.00048194149271044547,
      0.0004734285349903595,
      0.00025665444237737186,
      0.0004356993087120437,
      0.00030016834885567993,
      0.0006178092181861368
    ]
  },
  "cv_delta_change": 5.734846314994898e-05,
  "direction": "DEGRADED (less negative)"
}