{
  "base_model": "Qwen/Qwen3-0.6B",
  "lora_r": 64,
  "epochs": 2,
  "n_examples": 7473,
  "trajectory": [
    {
      "step": 0,
      "metrics": {
        "think_cv": 0.0001456842741136132,
        "nothink_cv": 0.00030377320183561096,
        "cv_delta": -0.00015808892772199777,
        "think_cvs": [
          0.00014690585567223025,
          0.00014456221887420334,
          0.00013529849171131251,
          0.00013585982995729346,
          0.00015788085969299054,
          0.000153598388773649
        ],
        "nothink_cvs": [
          0.0003926454827316255,
          0.00037450620415516563,
          0.0002066126824372207,
          0.0002608864787946784,
          0.0003080653102967647,
          0.0002799230525982109
        ]
      }
    },
    {
      "step": "final",
      "metrics": {
        "think_cv": 0.00028580005868033843,
        "nothink_cv": 0.00036031146714776696,
        "cv_delta": -7.451140846742853e-05,
        "think_cvs": [
          0.0004137657336156865,
          0.000396668797943026,
          0.0001603421211647011,
          0.0002998057401392933,
          0.0002489868208093477,
          0.00019523113840997603
        ],
        "nothink_cvs": [
          0.00051435238713436,
          0.000493856634680664,
          0.00022888351168148802,
          0.0002875808867039658,
          0.0003296503960622691,
          0.0003075449866238549
        ]
      }
    }
  ]
}