{
  "results": [
    {
      "name": "Macaque cortex (Markov)",
      "n_regions": 29,
      "n_mediators": 29,
      "density": 0.72294887039239,
      "asymmetry": 0.5707236842105263,
      "af": 0.8275862068965517,
      "cv": 0.0036471327562695027,
      "depth_r_ratio": 0.6,
      "depth_p_ratio": 0.28475697986529386,
      "depth_r_svd": 0.6000000000000001,
      "depth_p_svd": 0.4
    },
    {
      "name": "C. elegans",
      "n_regions": 80,
      "n_mediators": 76,
      "density": 0.028185660513097212,
      "asymmetry": 0.8673655423883319,
      "af": 0.9375,
      "cv": 0.0038434979152073144,
      "depth_r_ratio": 0.0,
      "depth_p_ratio": 1.0,
      "depth_r_svd": 0.7999999999999999,
      "depth_p_svd": 0.2000000000000001
    },
    {
      "name": "Mouse cortex",
      "n_regions": 80,
      "n_mediators": 80,
      "density": 0.5215242346938775,
      "asymmetry": 0.654539896056252,
      "af": 0.925,
      "cv": 0.003038245282056437,
      "depth_r_ratio": 0.6,
      "depth_p_ratio": 0.28475697986529386,
      "depth_r_svd": -0.49999999999999994,
      "depth_p_svd": 0.3910022189557703
    },
    {
      "name": "Drosophila",
      "n_regions": 49,
      "n_mediators": 49,
      "density": 0.812161599333611,
      "asymmetry": 0.5379487179487179,
      "af": 0.8775510204081632,
      "cv": 0.007865981074518196,
      "depth_r_ratio": -1.0,
      "depth_p_ratio": 0.0,
      "depth_r_svd": 0.0,
      "depth_p_svd": 1.0
    }
  ]
}