{
  "category_summary": {
    "embedding": {
      "count": 1,
      "mean_fro_diff": 11.045498847961426,
      "mean_fro_base": 399.08026123046875,
      "mean_relative_diff": 0.027677387034641267,
      "max_relative_diff": 0.027677387034641267
    },
    "final_norm": {
      "count": 1,
      "mean_fro_diff": 0.0007963859825395048,
      "mean_fro_base": 137.12738037109375,
      "mean_relative_diff": 5.807636522949152e-06,
      "max_relative_diff": 5.807636522949152e-06
    },
    "k_proj": {
      "count": 56,
      "mean_fro_diff": 0.10769566651600014,
      "mean_fro_base": 39.648063387189595,
      "mean_relative_diff": 0.00621914603755376,
      "max_relative_diff": 0.018986589103776545
    },
    "layernorm_attn": {
      "count": 28,
      "mean_fro_diff": 0.0025344275610612904,
      "mean_fro_base": 40.127500431878225,
      "mean_relative_diff": 7.556445231047617e-05,
      "max_relative_diff": 0.0003404241833046963
    },
    "layernorm_mlp": {
      "count": 28,
      "mean_fro_diff": 0.002858088996747808,
      "mean_fro_base": 38.93160227366856,
      "mean_relative_diff": 8.098779118630155e-05,
      "max_relative_diff": 0.00018610157571979282
    },
    "mlp_down": {
      "count": 28,
      "mean_fro_diff": 1.288592368364334,
      "mean_fro_base": 100.90195383344378,
      "mean_relative_diff": 0.012779137912980649,
      "max_relative_diff": 0.014034701666249413
    },
    "mlp_gate": {
      "count": 28,
      "mean_fro_diff": 1.3413216727120536,
      "mean_fro_base": 108.88951301574707,
      "mean_relative_diff": 0.012420167858287137,
      "max_relative_diff": 0.014189650392123084
    },
    "mlp_up": {
      "count": 28,
      "mean_fro_diff": 1.2945053151675634,
      "mean_fro_base": 104.33523150852749,
      "mean_relative_diff": 0.012407057018731116,
      "max_relative_diff": 0.013513462729931307
    },
    "o_proj": {
      "count": 28,
      "mean_fro_diff": 0.5162061538015094,
      "mean_fro_base": 41.219326155526296,
      "mean_relative_diff": 0.012559531652987708,
      "max_relative_diff": 0.013613036761159332
    },
    "q_proj": {
      "count": 56,
      "mean_fro_diff": 0.26816401920846794,
      "mean_fro_base": 53.60398844310215,
      "mean_relative_diff": 0.0059743561541171376,
      "max_relative_diff": 0.014137745359282736
    },
    "v_proj": {
      "count": 56,
      "mean_fro_diff": 0.10703904549882282,
      "mean_fro_base": 10.447302290371486,
      "mean_relative_diff": 0.00664832621525877,
      "max_relative_diff": 0.015263795936123993
    }
  },
  "sorted_categories": [
    "embedding",
    "mlp_down",
    "o_proj",
    "mlp_gate",
    "mlp_up",
    "v_proj",
    "k_proj",
    "q_proj",
    "layernorm_mlp",
    "layernorm_attn",
    "final_norm"
  ]
}