{
  "160m": {
    "n_heads": 12,
    "n_layers": 12,
    "d_model": 768,
    "mean_af": 0.0903,
    "mean_cv": 0.007223,
    "r_cv_depth": 0.119,
    "source": "p41c"
  },
  "410m": {
    "n_heads": 16,
    "n_layers": 24,
    "d_model": 1024,
    "mean_af": 0.2057,
    "mean_cv": 0.013141,
    "r_cv_depth": 0.67,
    "source": "p41"
  },
  "70m": {
    "n_heads": 8,
    "n_layers": 6,
    "d_model": 512,
    "mean_af": 0.08333333333333333,
    "mean_cv": 0.011219893869194935,
    "r_cv_depth": -0.6,
    "p_cv_depth": 0.208,
    "layer_afs": [
      0.0,
      0.0,
      0.0,
      0.5,
      0.0,
      0.0
    ],
    "layer_cvs": [
      0.0029239397639568487,
      0.00294533349024724,
      0.0029146476999362026,
      0.05517504442229583,
      0.001968185979390972,
      0.0013922118593425131
    ],
    "source": "p42"
  },
  "1b": {
    "n_heads": 8,
    "n_layers": 16,
    "d_model": 2048,
    "mean_af": 0.0,
    "mean_cv": 0.0016596301208800569,
    "r_cv_depth": 0.02058823529411765,
    "p_cv_depth": 0.9396737397890448,
    "layer_afs": [
      0.0,
      0.0,
      0.0,
      0.0,
      0.0,
      0.0,
      0.0,
      0.0,
      0.0,
      0.0,
      0.0,
      0.0,
      0.0,
      0.0,
      0.0,
      0.0
    ],
    "layer_cvs": [
      0.0007767144027536018,
      0.001669428963643388,
      0.0005186482521639155,
      0.001332748053009467,
      0.0005136734123165901,
      0.0007285904372145455,
      0.00107554506858076,
      0.0004473459125514376,
      0.0005431508548442856,
      0.0003586088431233531,
      0.0003781973632788121,
      0.00013841380440989258,
      0.003476018322323037,
      0.0005684701464227554,
      0.012918531280314758,
      0.0011099968171303111
    ],
    "source": "p42"
  },
  "1.4b": {
    "n_heads": 16,
    "n_layers": 24,
    "d_model": 2048,
    "mean_af": 0.109375,
    "mean_cv": 0.007957150120090946,
    "r_cv_depth": 0.58,
    "p_cv_depth": 0.0029696991866361906,
    "layer_afs": [
      0.0,
      0.0,
      0.0,
      0.0,
      0.0,
      0.0,
      0.0,
      0.0,
      0.0,
      0.0,
      0.0,
      0.0,
      0.0,
      0.8125,
      0.5,
      0.0,
      0.3125,
      0.0625,
      0.3125,
      0.5,
      0.0625,
      0.0,
      0.0625,
      0.0
    ],
    "layer_cvs": [
      0.0014852690204800799,
      0.0009997662403430881,
      0.0005273915362308623,
      0.0008634220092628143,
      0.0007232522960116574,
      0.0015805571065839374,
      0.0007120932019837714,
      0.0004993177838813953,
      0.0005193436558023679,
      0.0006611096672355334,
      0.0008183118864568106,
      0.00032938634829350225,
      0.0005655931088597969,
      0.0488457822345854,
      0.020812403647359288,
      0.01239170965365038,
      0.017098324707461157,
      0.00950045918588212,
      0.012742120058187556,
      0.03589770024798954,
      0.009968851669249885,
      0.0037690220581004202,
      0.007594894837094192,
      0.0020655207211971636
    ],
    "source": "p42"
  },
  "2.8b": {
    "n_heads": 32,
    "n_layers": 32,
    "d_model": 2560,
    "mean_af": 0.0009765625,
    "mean_cv": 0.0013911254963403878,
    "r_cv_depth": 0.5120967741935484,
    "p_cv_depth": 0.0027335545558976175,
    "layer_afs": [
      0.0,
      0.03125,
      0.0,
      0.0,
      0.0,
      0.0,
      0.0,
      0.0,
      0.0,
      0.0,
      0.0,
      0.0,
      0.0,
      0.0,
      0.0,
      0.0,
      0.0,
      0.0,
      0.0,
      0.0,
      0.0,
      0.0,
      0.0,
      0.0,
      0.0,
      0.0,
      0.0,
      0.0,
      0.0,
      0.0,
      0.0,
      0.0
    ],
    "layer_cvs": [
      0.00045384504552541436,
      0.0024423457251235353,
      0.0004128401420609009,
      0.0012972984101194082,
      0.0013289787338856879,
      0.0007066646043469527,
      0.0006161349655364201,
      0.0004126079720487956,
      0.0005023818825377867,
      0.0003876278233824211,
      0.0007165633848517847,
      0.0005763161652114283,
      0.00042807535746607306,
      0.0005749775643353003,
      0.0038604416673942666,
      0.000217965486195657,
      0.0002426678552992165,
      0.0012325124727078618,
      0.0009312508442403264,
      0.001829947979593586,
      0.0025490348252829908,
      0.0032162987115765657,
      0.00182933287386526,
      0.0021387349971025964,
      0.002185568409337746,
      0.0027027249446489048,
      0.0012719139608058374,
      0.0023381896403949025,
      0.0018767245826637028,
      0.0010884255842032202,
      0.0013704440054533818,
      0.0027771792656944797
    ],
    "source": "p42"
  }
}