{
  "model": "microsoft/phi-1_5",
  "n_heads": 32,
  "n_kv_heads": 32,
  "d_model": 2048,
  "d_head": 64,
  "n_layers": 24,
  "mean_af": 0.0,
  "mean_cv": 0.0011299439197293094,
  "r_cv_depth": 0.34347826086956523,
  "p_cv_depth": 0.10032049069469841,
  "layer_afs": [
    0.0,
    0.0,
    0.0,
    0.0,
    0.0,
    0.0,
    0.0,
    0.0,
    0.0,
    0.0,
    0.0,
    0.0,
    0.0,
    0.0,
    0.0,
    0.0,
    0.0,
    0.0,
    0.0,
    0.0,
    0.0,
    0.0,
    0.0,
    0.0
  ],
  "layer_cvs": [
    0.003206946684712744,
    0.0008591464446826079,
    0.0004914047073670711,
    0.0006766351390077184,
    0.0005159448284787949,
    0.0009160921732636547,
    0.0004294589055615004,
    0.0005096168220518042,
    0.0005784116336330022,
    0.00045968173835295216,
    0.00021511165390107777,
    0.00022277610515919057,
    0.00028118318836397834,
    0.00022677882120539057,
    0.0006730206124274947,
    0.0014282036273546017,
    0.0006342768714019992,
    0.00039811866278759275,
    0.0022541405649973397,
    0.001171071461306658,
    0.0013694172869366755,
    0.00195361941759812,
    0.003215835637922796,
    0.004431761085028658
  ]
}