{
  "model": "bigscience/bloom-560m",
  "n_heads": 16,
  "d_model": 1024,
  "d_head": 64,
  "n_layers": 24,
  "positional_encoding": "ALiBi",
  "mean_af": 0.0078125,
  "mean_cv": 0.005240168408986907,
  "r_cv_depth": -0.6495652173913044,
  "p_cv_depth": 0.0005925876293559367,
  "layer_afs": [
    0.0625,
    0.0,
    0.0,
    0.0,
    0.0,
    0.0,
    0.125,
    0.0,
    0.0,
    0.0,
    0.0,
    0.0,
    0.0,
    0.0,
    0.0,
    0.0,
    0.0,
    0.0,
    0.0,
    0.0,
    0.0,
    0.0,
    0.0,
    0.0
  ],
  "layer_cvs": [
    0.008461710287502276,
    0.007958234215411536,
    0.008565672419992591,
    0.004803506483990122,
    0.004797206717460558,
    0.005983184287547688,
    0.009712670225416137,
    0.005080660019868189,
    0.004787878788392624,
    0.004458937264399067,
    0.004546390958506034,
    0.0039172858608529405,
    0.0048039305481391665,
    0.004498182363172153,
    0.004148908786479306,
    0.004970337109232981,
    0.0035818285288064483,
    0.004388705710068235,
    0.0046891613744021975,
    0.003472334610892179,
    0.0034423285708243437,
    0.004005776656907919,
    0.006298875564129893,
    0.004390334463291173
  ]
}