{
  "model": "openai-community/gpt2-medium",
  "n_layers": 24,
  "n_heads": 16,
  "n_per_category": 16,
  "category_stats": {
    "factual": {
      "n": 16,
      "el_mean": 4.8290980580853535,
      "el_std": 0.725345184451991,
      "el_median": 4.901254939123923,
      "cv_mean": 0.0007557334066253437,
      "cv_std": 6.658908148884416e-05
    },
    "hallucination": {
      "n": 16,
      "el_mean": 6.663230794940729,
      "el_std": 1.1957811234510924,
      "el_median": 6.17105627603374,
      "cv_mean": 0.0006809319629989355,
      "cv_std": 7.496030564960808e-05
    },
    "hypothesis": {
      "n": 16,
      "el_mean": 4.0410880799679525,
      "el_std": 0.47652957540076746,
      "el_median": 3.986180404380121,
      "cv_mean": 0.0007381210739462555,
      "cv_std": 5.867027061880659e-05
    }
  },
  "pairwise": {
    "E/L ratio_factual_vs_hallucination": {
      "U": 16.0,
      "p": 2.6419988442200474e-05,
      "r": 0.875
    },
    "E/L ratio_factual_vs_hypothesis": {
      "U": 207.0,
      "p": 0.003090599405991815,
      "r": -0.6171875
    },
    "E/L ratio_hallucination_vs_hypothesis": {
      "U": 256.0,
      "p": 1.5449101737495915e-06,
      "r": -1.0
    },
    "Mean CV_factual_vs_hallucination": {
      "U": 206.0,
      "p": 0.0034903174961116224,
      "r": -0.609375
    },
    "Mean CV_factual_vs_hypothesis": {
      "U": 137.0,
      "p": 0.7486986250513457,
      "r": -0.0703125
    },
    "Mean CV_hallucination_vs_hypothesis": {
      "U": 65.0,
      "p": 0.018494940419589944,
      "r": 0.4921875
    }
  },
  "roc": {
    "best_threshold": 5.346139943611529,
    "sensitivity": 1.0,
    "specificity": 0.90625,
    "f1": 0.9142857142857143,
    "auc": 0.9697265625
  },
  "per_prompt": {
    "factual": [
      {
        "name": "factual_01",
        "el_ratio": 6.47606992133894,
        "early_cv": 0.0012251542454274993,
        "late_cv": 0.00018918175070818202,
        "mean_cv": 0.0007071679980678406,
        "r_depth": -0.6843478260869565
      },
      {
        "name": "factual_02",
        "el_ratio": 4.8846335757851715,
        "early_cv": 0.0014481140121157903,
        "late_cv": 0.00029646318186375237,
        "mean_cv": 0.0008722885969897712,
        "r_depth": -0.7408695652173911
      },
      {
        "name": "factual_03",
        "el_ratio": 4.900566551803103,
        "early_cv": 0.0011065099509626937,
        "late_cv": 0.0002257922506032628,
        "mean_cv": 0.0006661511007829782,
        "r_depth": -0.728695652173913
      },
      {
        "name": "factual_04",
        "el_ratio": 5.5837199561812,
        "early_cv": 0.0014838777879049303,
        "late_cv": 0.0002657507538970094,
        "mean_cv": 0.0008748142709009699,
        "r_depth": -0.657391304347826
      },
      {
        "name": "factual_05",
        "el_ratio": 4.9073950598240454,
        "early_cv": 0.0012352816338534467,
        "late_cv": 0.0002517184002499562,
        "mean_cv": 0.0007435000170517014,
        "r_depth": -0.7547826086956521
      },
      {
        "name": "factual_06",
        "el_ratio": 5.197159237830048,
        "early_cv": 0.001074647057976108,
        "late_cv": 0.0002067758575018767,
        "mean_cv": 0.0006407114577389924,
        "r_depth": -0.706086956521739
      },
      {
        "name": "factual_07",
        "el_ratio": 4.210950597153882,
        "early_cv": 0.0012099688695646667,
        "late_cv": 0.0002873386523181883,
        "mean_cv": 0.0007486537609414275,
        "r_depth": -0.7539130434782607
      },
      {
        "name": "factual_08",
        "el_ratio": 3.696723469389599,
        "early_cv": 0.0012609480654646177,
        "late_cv": 0.00034109883411777747,
        "mean_cv": 0.0008010234497911976,
        "r_depth": -0.6713043478260868
      },
      {
        "name": "factual_09",
        "el_ratio": 4.081773172521276,
        "early_cv": 0.0013722839266847586,
        "late_cv": 0.0003361979876596403,
        "mean_cv": 0.0008542409571721995,
        "r_depth": -0.7034782608695651
      },
      {
        "name": "factual_10",
        "el_ratio": 4.210304186399256,
        "early_cv": 0.0012219234965111052,
        "late_cv": 0.00029022214130236534,
        "mean_cv": 0.0007560728189067353,
        "r_depth": -0.6747826086956521
      },
      {
        "name": "factual_11",
        "el_ratio": 3.6758947833757447,
        "early_cv": 0.0012628778719469362,
        "late_cv": 0.0003435565886320546,
        "mean_cv": 0.0008032172302894954,
        "r_depth": -0.7069565217391304
      },
      {
        "name": "factual_12",
        "el_ratio": 5.694237224270241,
        "early_cv": 0.0012038790191581938,
        "late_cv": 0.00021142059449630324,
        "mean_cv": 0.0007076498068272485,
        "r_depth": -0.7121739130434783
      },
      {
        "name": "factual_13",
        "el_ratio": 4.931091592131889,
        "early_cv": 0.0012009902232724319,
        "late_cv": 0.00024355463710890035,
        "mean_cv": 0.0007222724301906661,
        "r_depth": -0.7208695652173912
      },
      {
        "name": "factual_14",
        "el_ratio": 4.6002336492469285,
        "early_cv": 0.0011874162883032113,
        "late_cv": 0.00025812086490380654,
        "mean_cv": 0.0007227685766035089,
        "r_depth": -0.6704347826086956
      },
      {
        "name": "factual_15",
        "el_ratio": 5.312872625669598,
        "early_cv": 0.0012318355832879508,
        "late_cv": 0.00023185867045564615,
        "mean_cv": 0.0007318471268717985,
        "r_depth": -0.6660869565217391
      },
      {
        "name": "factual_16",
        "el_ratio": 4.9019433264447425,
        "early_cv": 0.001228163556030874,
        "late_cv": 0.00025054625772706157,
        "mean_cv": 0.0007393549068789677,
        "r_depth": -0.6939130434782607
      }
    ],
    "hallucination": [
      {
        "name": "halluc_01",
        "el_ratio": 7.778401312584052,
        "early_cv": 0.0012377965310103416,
        "late_cv": 0.000159132510816562,
        "mean_cv": 0.0006984645209134518,
        "r_depth": -0.7339130434782607
      },
      {
        "name": "halluc_02",
        "el_ratio": 5.583244910998464,
        "early_cv": 0.00106719859468285,
        "late_cv": 0.00019114307391040106,
        "mean_cv": 0.0006291708342966255,
        "r_depth": -0.7095652173913043
      },
      {
        "name": "halluc_03",
        "el_ratio": 6.303587773003455,
        "early_cv": 0.001155773623395362,
        "late_cv": 0.0001833517141373401,
        "mean_cv": 0.0006695626687663511,
        "r_depth": -0.717391304347826
      },
      {
        "name": "halluc_04",
        "el_ratio": 8.187024557782088,
        "early_cv": 0.0011229369605037693,
        "late_cv": 0.00013716057067843698,
        "mean_cv": 0.0006300487655911032,
        "r_depth": -0.7243478260869565
      },
      {
        "name": "halluc_05",
        "el_ratio": 6.013141004533534,
        "early_cv": 0.0011142620429988408,
        "late_cv": 0.000185304492636836,
        "mean_cv": 0.0006497832678178384,
        "r_depth": -0.6634782608695651
      },
      {
        "name": "halluc_06",
        "el_ratio": 9.605777448988182,
        "early_cv": 0.0015039340269140666,
        "late_cv": 0.00015656557055384232,
        "mean_cv": 0.0008302497987339544,
        "r_depth": -0.7260869565217389
      },
      {
        "name": "halluc_07",
        "el_ratio": 5.4621762458448915,
        "early_cv": 0.0010875476679454248,
        "late_cv": 0.00019910519525486356,
        "mean_cv": 0.0006433264316001441,
        "r_depth": -0.6513043478260869
      },
      {
        "name": "halluc_08",
        "el_ratio": 6.957540991997937,
        "early_cv": 0.0011339560745303363,
        "late_cv": 0.00016298230593747576,
        "mean_cv": 0.000648469190233906,
        "r_depth": -0.7426086956521739
      },
      {
        "name": "halluc_09",
        "el_ratio": 8.559592603324663,
        "early_cv": 0.001532769554614788,
        "late_cv": 0.0001790703863662202,