{
  "model": "EleutherAI/pythia-410m",
  "n_layers": 24,
  "n_heads": 16,
  "n_per_category": 16,
  "category_stats": {
    "factual": {
      "n": 16,
      "el_mean": 26.2061196257488,
      "el_std": 5.41897292254457,
      "el_median": 26.154576187301803,
      "cv_mean": 0.00046463949972045765,
      "cv_std": 8.218853930184519e-05
    },
    "hallucination": {
      "n": 16,
      "el_mean": 41.62942063768795,
      "el_std": 10.931662796936054,
      "el_median": 37.879584085241326,
      "cv_mean": 0.00041748367218019666,
      "cv_std": 6.213775457586425e-05
    },
    "hypothesis": {
      "n": 16,
      "el_mean": 26.27149440373656,
      "el_std": 4.219977292778311,
      "el_median": 25.959457864632654,
      "cv_mean": 0.0004368488368982071,
      "cv_std": 6.296407219616338e-05
    }
  },
  "pairwise": {
    "E/L ratio_factual_vs_hallucination": {
      "U": 15.0,
      "p": 2.2351651746724244e-05,
      "r": 0.8828125
    },
    "E/L ratio_factual_vs_hypothesis": {
      "U": 130.0,
      "p": 0.9549169069449939,
      "r": -0.015625
    },
    "E/L ratio_hallucination_vs_hypothesis": {
      "U": 246.0,
      "p": 9.49136508055997e-06,
      "r": -0.921875
    },
    "Mean CV_factual_vs_hallucination": {
      "U": 172.0,
      "p": 0.1011158431061371,
      "r": -0.34375
    },
    "Mean CV_factual_vs_hypothesis": {
      "U": 153.0,
      "p": 0.3558099957673745,
      "r": -0.1953125
    },
    "Mean CV_hallucination_vs_hypothesis": {
      "U": 102.0,
      "p": 0.33651827439216053,
      "r": 0.203125
    }
  },
  "roc": {
    "best_threshold": 30.953176874836856,
    "sensitivity": 0.9375,
    "specificity": 0.875,
    "f1": 0.8571428571428572,
    "auc": 0.953125
  },
  "per_prompt": {
    "factual": [
      {
        "name": "factual_01",
        "el_ratio": 20.27848695242032,
        "early_cv": 0.0006345017057659182,
        "late_cv": 3.1289400794776157e-05,
        "mean_cv": 0.0003328955532803472,
        "r_depth": -0.8993825167947945
      },
      {
        "name": "factual_02",
        "el_ratio": 37.489867250123304,
        "early_cv": 0.0009053062876773765,
        "late_cv": 2.414802596225248e-05,
        "mean_cv": 0.0004647271568198145,
        "r_depth": -0.9210435106764554
      },
      {
        "name": "factual_03",
        "el_ratio": 26.21064593553466,
        "early_cv": 0.001203815402429124,
        "late_cv": 4.5928490483978145e-05,
        "mean_cv": 0.0006248719464565511,
        "r_depth": -0.9282638419703424
      },
      {
        "name": "factual_04",
        "el_ratio": 33.04534343802207,
        "early_cv": 0.0008462716662810029,
        "late_cv": 2.560940750602943e-05,
        "mean_cv": 0.00043594053689351614,
        "r_depth": -0.9318740076172859
      },
      {
        "name": "factual_05",
        "el_ratio": 26.8667590715165,
        "early_cv": 0.0011203392217187986,
        "late_cv": 4.169982760989418e-05,
        "mean_cv": 0.0005810195246643465,
        "r_depth": -0.9120180965590967
      },
      {
        "name": "factual_06",
        "el_ratio": 29.023296195808683,
        "early_cv": 0.0006822726075673321,
        "late_cv": 2.350775745677917e-05,
        "mean_cv": 0.0003528901825120556,
        "r_depth": -0.9174333450295119
      },
      {
        "name": "factual_07",
        "el_ratio": 30.61749824839104,
        "early_cv": 0.0009535405758166841,
        "late_cv": 3.114364759918923e-05,
        "mean_cv": 0.0004923421117079366,
        "r_depth": -0.9273613005586065
      },
      {
        "name": "factual_08",
        "el_ratio": 20.322884825124735,
        "early_cv": 0.0010166801894229138,
        "late_cv": 5.002637165792597e-05,
        "mean_cv": 0.0005333532805404199,
        "r_depth": -0.9129206379708327
      },
      {
        "name": "factual_09",
        "el_ratio": 24.079942804305457,
        "early_cv": 0.0010908433226480458,
        "late_cv": 4.530091003592437e-05,
        "mean_cv": 0.0005680721163419852,
        "r_depth": -0.9120180965590967
      },
      {
        "name": "factual_10",
        "el_ratio": 13.86527609491613,
        "early_cv": 0.0006359696338525586,
        "late_cv": 4.5867794445560626e-05,
        "mean_cv": 0.00034091871414905955,
        "r_depth": -0.8993825167947945
      },
      {
        "name": "factual_11",
        "el_ratio": 30.82500260816891,
        "early_cv": 0.000991773302909375,
        "late_cv": 3.2174313673749566e-05,
        "mean_cv": 0.0005119738082915622,
        "r_depth": -0.9264587591468707
      },
      {
        "name": "factual_12",
        "el_ratio": 24.251604737443873,
        "early_cv": 0.0008313737738111134,
        "late_cv": 3.4281186041577406e-05,
        "mean_cv": 0.0004328274799263454,
        "r_depth": -0.9066028480886814
      },
      {
        "name": "factual_13",
        "el_ratio": 28.41838461170752,
        "early_cv": 0.0008218546099669766,
        "late_cv": 2.8919821488671005e-05,
        "mean_cv": 0.0004253872157278238,
        "r_depth": -0.9120180965590967
      },
      {
        "name": "factual_14",
        "el_ratio": 24.702758461405853,
        "early_cv": 0.0008132279266040617,
        "late_cv": 3.2920531036021807e-05,
        "mean_cv": 0.00042307422882004175,
        "r_depth": -0.9129206379708327
      },
      {
        "name": "factual_15",
        "el_ratio": 23.201656338022804,
        "early_cv": 0.0008866545989197524,
        "late_cv": 3.821514231579689e-05,
        "mean_cv": 0.0004624348706177746,
        "r_depth": -0.9201409692647194
      },
      {
        "name": "factual_16",
        "el_ratio": 26.098506439068945,
        "early_cv": 0.0008696834265720099,
        "late_cv": 3.332311098347418e-05,
        "mean_cv": 0.00045150326877774205,
        "r_depth": -0.9165308036177761
      }
    ],
    "hallucination": [
      {
        "name": "halluc_01",
        "el_ratio": 51.59041206506485,
        "early_cv": 0.0010339550481148763,
        "late_cv": 2.0041612515342422e-05,
        "mean_cv": 0.0005269983303151093,
        "r_depth": -0.9255562177351349
      },
      {
        "name": "halluc_02",
        "el_ratio": 31.736256876803992,
        "early_cv": 0.0006432700459602833,
        "late_cv": 2.0269247518929962e-05,
        "mean_cv": 0.00033176964673960657,
        "r_depth": -0.9219460520881912
      },
      {
        "name": "halluc_03",
        "el_ratio": 44.24126316490903,
        "early_cv": 0.0008493983226192844,
        "late_cv": 1.9199233065592125e-05,
        "mean_cv": 0.00043429877784243825,
        "r_depth": -0.9381917974994369
      },
      {
        "name": "halluc_04",
        "el_ratio": 49.49549227432344,
        "early_cv": 0.0007935115633396587,
        "late_cv": 1.6031996589542057e-05,
        "mean_cv": 0.0004047717799646004,
        "r_depth": -0.9291663833820782
      },
      {
        "name": "halluc_05",
        "el_ratio": 43.318881631158256,
        "early_cv": 0.0007748542196471438,
        "late_cv": 1.788721662402774e-05,
        "mean_cv": 0.0003963707181355858,
        "r_depth": -0.9282638419703424
      },
      {
        "name": "halluc_06",
        "el_ratio": 72.11144489572568,
        "early_cv": 0.000963305103747795,
        "late_cv": 1.3358560560542779e-05,
        "mean_cv": 0.0004883318321541689,
        "r_depth": -0.9381917974994369
      },
      {
        "name": "halluc_07",
        "el_ratio": 35.689708363705336,
        "early_cv": 0.0006854148502194827,
        "late_cv": 1.920483191497624e-05,
        "mean_cv": 0.00035230984106722946,
        "r_depth": -0.9327765490290216
      },
      {
        "name": "halluc_08",
        "el_ratio": 36.39282117211835,
        "early_cv": 0.000769478495688721,
        "late_cv": 2.114368908223696e-05,
        "mean_cv": 0.00039531109238547896,
        "r_depth": -0.922848593499927
      },
      {
        "name": "halluc_09",
        "el_ratio": 52.63758074102183,
        "early_cv": 0.0009345926476574581,