{
  "model": "facebook/opt-1.3b",
  "n_layers": 24,
  "n_heads": 32,
  "n_per_category": 16,
  "category_stats": {
    "factual": {
      "n": 16,
      "el_mean": 1.8575734374821904,
      "el_std": 0.3017593763572296,
      "el_median": 1.7806340089904846,
      "cv_mean": 0.00033072132018692935,
      "cv_std": 3.391550243871278e-05
    },
    "hallucination": {
      "n": 16,
      "el_mean": 2.0906161868781528,
      "el_std": 0.30388607477323165,
      "el_median": 2.0884230523036997,
      "cv_mean": 0.000285377887559927,
      "cv_std": 2.2426600499516657e-05
    },
    "hypothesis": {
      "n": 16,
      "el_mean": 1.39707617529813,
      "el_std": 0.1963934111872074,
      "el_median": 1.372281242256824,
      "cv_mean": 0.00035086893243866746,
      "cv_std": 2.0949591366648388e-05
    }
  },
  "pairwise": {
    "E/L ratio_factual_vs_hallucination": {
      "U": 77.0,
      "p": 0.057002667685761114,
      "r": 0.3984375
    },
    "E/L ratio_factual_vs_hypothesis": {
      "U": 230.0,
      "p": 0.00013054657724516385,
      "r": -0.796875
    },
    "E/L ratio_hallucination_vs_hypothesis": {
      "U": 250.0,
      "p": 4.667498163410239e-06,
      "r": -0.953125
    },
    "Mean CV_factual_vs_hallucination": {
      "U": 217.0,
      "p": 0.000851555712494609,
      "r": -0.6953125
    },
    "Mean CV_factual_vs_hypothesis": {
      "U": 83.0,
      "p": 0.09351181355054455,
      "r": 0.3515625
    },
    "Mean CV_hallucination_vs_hypothesis": {
      "U": 4.0,
      "p": 3.246395960542251e-06,
      "r": 0.96875
    }
  },
  "roc": {
    "best_threshold": 1.8285313008143187,
    "sensitivity": 0.8125,
    "specificity": 0.78125,
    "f1": 0.7222222222222223,
    "auc": 0.837890625
  },
  "per_prompt": {
    "factual": [
      {
        "name": "factual_01",
        "el_ratio": 2.0715307124409823,
        "early_cv": 0.0003435233829804929,
        "late_cv": 0.00016583069752111138,
        "mean_cv": 0.0002546770402508021,
        "r_depth": -0.48869565217391303
      },
      {
        "name": "factual_02",
        "el_ratio": 1.7065794137768056,
        "early_cv": 0.00044467024175294984,
        "late_cv": 0.0002605622909565379,
        "mean_cv": 0.00035261626635474386,
        "r_depth": -0.46173913043478254
      },
      {
        "name": "factual_03",
        "el_ratio": 1.6868022457067802,
        "early_cv": 0.0003934826921370889,
        "late_cv": 0.00023327138266419448,
        "mean_cv": 0.0003133770374006417,
        "r_depth": -0.36173913043478256
      },
      {
        "name": "factual_04",
        "el_ratio": 1.4647517493890574,
        "early_cv": 0.00040298302701557986,
        "late_cv": 0.0002751203589165622,
        "mean_cv": 0.000339051692966071,
        "r_depth": -0.17913043478260868
      },
      {
        "name": "factual_05",
        "el_ratio": 2.031799443716477,
        "early_cv": 0.0004892503499528781,
        "late_cv": 0.00024079657638746235,
        "mean_cv": 0.00036502346317017026,
        "r_depth": -0.5104347826086956
      },
      {
        "name": "factual_06",
        "el_ratio": 2.3883156683761175,
        "early_cv": 0.00038852107839678257,
        "late_cv": 0.0001626757649925518,
        "mean_cv": 0.0002755984216946672,
        "r_depth": -0.6147826086956522
      },
      {
        "name": "factual_07",
        "el_ratio": 1.6722912135077481,
        "early_cv": 0.00044683608939521946,
        "late_cv": 0.00026719992653549224,
        "mean_cv": 0.0003570180079653558,
        "r_depth": -0.4556521739130434
      },
      {
        "name": "factual_08",
        "el_ratio": 1.7694878669047143,
        "early_cv": 0.0004868356045335531,
        "late_cv": 0.00027512796987139154,
        "mean_cv": 0.00038098178720247233,
        "r_depth": -0.4904347826086956
      },
      {
        "name": "factual_09",
        "el_ratio": 1.603051062296412,
        "early_cv": 0.0004231885086483089,
        "late_cv": 0.00026398941281513544,
        "mean_cv": 0.0003435889607317222,
        "r_depth": -0.41826086956521735
      },
      {
        "name": "factual_10",
        "el_ratio": 1.511114401733105,
        "early_cv": 0.00043944916857678135,
        "late_cv": 0.00029081131651764736,
        "mean_cv": 0.0003651302425472143,
        "r_depth": -0.3408695652173913
      },
      {
        "name": "factual_11",
        "el_ratio": 1.4102277287192202,
        "early_cv": 0.0004032215341188324,
        "late_cv": 0.000285926539315066,
        "mean_cv": 0.0003445740367169492,
        "r_depth": -0.2643478260869565
      },
      {
        "name": "factual_12",
        "el_ratio": 2.3319359439535257,
        "early_cv": 0.00044293824066699017,
        "late_cv": 0.00018994442871189676,
        "mean_cv": 0.00031644133468944347,
        "r_depth": -0.5452173913043478
      },
      {
        "name": "factual_13",
        "el_ratio": 2.0254899182242663,
        "early_cv": 0.00046195914183044806,
        "late_cv": 0.0002280727925002187,
        "mean_cv": 0.0003450159671653334,
        "r_depth": -0.557391304347826
      },
      {
        "name": "factual_14",
        "el_ratio": 2.304093496199805,
        "early_cv": 0.0004386652532654504,
        "late_cv": 0.00019038517924248785,
        "mean_cv": 0.0003145252162539691,
        "r_depth": -0.557391304347826
      },
      {
        "name": "factual_15",
        "el_ratio": 1.791780151076255,
        "early_cv": 0.0003661960951527969,
        "late_cv": 0.0002043755730483099,
        "mean_cv": 0.00028528583410055336,
        "r_depth": -0.48173913043478256
      },
      {
        "name": "factual_16",
        "el_ratio": 1.9519239836937763,
        "early_cv": 0.0004478376613405999,
        "late_cv": 0.0002294339662209192,
        "mean_cv": 0.0003386358137807595,
        "r_depth": -0.4982608695652173
      }
    ],
    "hallucination": [
      {
        "name": "halluc_01",
        "el_ratio": 2.166240417761157,
        "early_cv": 0.00039113719564435695,
        "late_cv": 0.0001805603812196447,
        "mean_cv": 0.00028584878843200084,
        "r_depth": -0.557391304347826
      },
      {
        "name": "halluc_02",
        "el_ratio": 1.7902592566989042,
        "early_cv": 0.0003361608590542649,
        "late_cv": 0.00018777216640349556,
        "mean_cv": 0.0002619665127288802,
        "r_depth": -0.42956521739130427
      },
      {
        "name": "halluc_03",
        "el_ratio": 2.110490674363009,
        "early_cv": 0.00042072873960326734,
        "late_cv": 0.0001993511483912395,
        "mean_cv": 0.00031003994399725343,
        "r_depth": -0.5226086956521738
      },
      {
        "name": "halluc_04",
        "el_ratio": 2.986146902295245,
        "early_cv": 0.0003948185985791497,
        "late_cv": 0.0001322167366500556,
        "mean_cv": 0.00026351766761460266,
        "r_depth": -0.6313043478260869
      },
      {
        "name": "halluc_05",
        "el_ratio": 2.174225160732706,
        "early_cv": 0.0003938003034515229,
        "late_cv": 0.00018112213516966827,
        "mean_cv": 0.0002874612193105956,
        "r_depth": -0.48
      },
      {
        "name": "halluc_06",
        "el_ratio": 2.4507671651198364,
        "early_cv": 0.00035329809664593387,
        "late_cv": 0.00014415816470621698,
        "mean_cv": 0.0002487281306760754,
        "r_depth": -0.608695652173913
      },
      {
        "name": "halluc_07",
        "el_ratio": 1.9350350417801794,
        "early_cv": 0.0003804542120633414,
        "late_cv": 0.00019661360329337185,
        "mean_cv": 0.0002885339076783566,
        "r_depth": -0.5060869565217391
      },
      {
        "name": "halluc_08",
        "el_ratio": 2.0603685416890976,
        "early_cv": 0.0004427100266184425,
        "late_cv": 0.00021486933898510566,
        "mean_cv": 0.00032878968280177406,
        "r_depth": -0.5347826086956522
      },
      {
        "name": "halluc_09",
        "el_ratio": 2.0672569483256353,
        "early_cv": 0.00034372553272987716,