{
  "model": "facebook/opt-iml-1.3b",
  "n_layers": 24,
  "n_heads": 32,
  "n_per_category": 16,
  "category_stats": {
    "factual": {
      "n": 16,
      "el_mean": 1.942979139289859,
      "el_std": 0.2904146513771494,
      "el_median": 1.930135839183696,
      "cv_mean": 0.00032228576811614096,
      "cv_std": 2.8500861291740922e-05
    },
    "hallucination": {
      "n": 16,
      "el_mean": 2.2157468308812955,
      "el_std": 0.30678410062802974,
      "el_median": 2.1813713521678704,
      "cv_mean": 0.00028373407846515875,
      "cv_std": 2.3718070487823896e-05
    },
    "hypothesis": {
      "n": 16,
      "el_mean": 1.4877458656097704,
      "el_std": 0.1949804829428044,
      "el_median": 1.4833385801159127,
      "cv_mean": 0.00033972604000117224,
      "cv_std": 2.2895337810497494e-05
    }
  },
  "pairwise": {
    "E/L ratio_factual_vs_hallucination": {
      "U": 64.0,
      "p": 0.01670002633652596,
      "r": 0.5
    },
    "E/L ratio_factual_vs_hypothesis": {
      "U": 232.0,
      "p": 9.587413832169197e-05,
      "r": -0.8125
    },
    "E/L ratio_hallucination_vs_hypothesis": {
      "U": 254.0,
      "p": 2.2456494329174433e-06,
      "r": -0.984375
    },
    "Mean CV_factual_vs_hallucination": {
      "U": 221.0,
      "p": 0.0004898889212725091,
      "r": -0.7265625
    },
    "Mean CV_factual_vs_hypothesis": {
      "U": 88.0,
      "p": 0.136563154180369,
      "r": 0.3125
    },
    "Mean CV_hallucination_vs_hypothesis": {
      "U": 8.0,
      "p": 6.674094949232357e-06,
      "r": 0.9375
    }
  },
  "roc": {
    "best_threshold": 1.9907392175248884,
    "sensitivity": 0.8125,
    "specificity": 0.84375,
    "f1": 0.7647058823529411,
    "auc": 0.8701171875
  },
  "per_prompt": {
    "factual": [
      {
        "name": "factual_01",
        "el_ratio": 2.0906293256571398,
        "early_cv": 0.00035531577304936945,
        "late_cv": 0.00016995637088257354,
        "mean_cv": 0.0002626360719659715,
        "r_depth": -0.5008695652173912
      },
      {
        "name": "factual_02",
        "el_ratio": 1.952492835586943,
        "early_cv": 0.0004420495558103236,
        "late_cv": 0.0002264026519090597,
        "mean_cv": 0.00033422610385969165,
        "r_depth": -0.5304347826086956
      },
      {
        "name": "factual_03",
        "el_ratio": 1.7212805114539356,
        "early_cv": 0.00038862050738922943,
        "late_cv": 0.00022577407041050415,
        "mean_cv": 0.0003071972888998668,
        "r_depth": -0.3208695652173913
      },
      {
        "name": "factual_04",
        "el_ratio": 1.6166141258363849,
        "early_cv": 0.00041147003503283486,
        "late_cv": 0.00025452581940044183,
        "mean_cv": 0.00033299792721663835,
        "r_depth": -0.2295652173913043
      },
      {
        "name": "factual_05",
        "el_ratio": 2.0865787500077473,
        "early_cv": 0.0004763402315196193,
        "late_cv": 0.00022828768457353968,
        "mean_cv": 0.0003523139580465795,
        "r_depth": -0.49391304347826087
      },
      {
        "name": "factual_06",
        "el_ratio": 2.543849803117896,
        "early_cv": 0.0003955283100367524,
        "late_cv": 0.00015548414436731642,
        "mean_cv": 0.0002755062272020344,
        "r_depth": -0.6452173913043477
      },
      {
        "name": "factual_07",
        "el_ratio": 1.8045948349729577,
        "early_cv": 0.00044645797909955337,
        "late_cv": 0.00024740067434928886,
        "mean_cv": 0.0003469293267244211,
        "r_depth": -0.5139130434782608
      },
      {
        "name": "factual_08",
        "el_ratio": 1.8980092739477603,
        "early_cv": 0.00047362473924295045,
        "late_cv": 0.0002495376317407742,
        "mean_cv": 0.0003615811854918623,
        "r_depth": -0.46086956521739125
      },
      {
        "name": "factual_09",
        "el_ratio": 1.6909297906707195,
        "early_cv": 0.0004305353825960386,
        "late_cv": 0.00025461458244535606,
        "mean_cv": 0.00034257498252069735,
        "r_depth": -0.41739130434782606
      },
      {
        "name": "factual_10",
        "el_ratio": 1.630007702336934,
        "early_cv": 0.0004418230795029861,
        "late_cv": 0.00027105582315319526,
        "mean_cv": 0.0003564394513280907,
        "r_depth": -0.37304347826086953
      },
      {
        "name": "factual_11",
        "el_ratio": 1.4511269550414738,
        "early_cv": 0.0004041427631212476,
        "late_cv": 0.0002785026917990763,
        "mean_cv": 0.00034132272746016196,
        "r_depth": -0.3139130434782608
      },
      {
        "name": "factual_12",
        "el_ratio": 2.3838891951240067,
        "early_cv": 0.0004411448905254171,
        "late_cv": 0.00018505259868106805,
        "mean_cv": 0.00031309874460324255,
        "r_depth": -0.5208695652173913
      },
      {
        "name": "factual_13",
        "el_ratio": 1.9729439772987465,
        "early_cv": 0.00041924948163796216,
        "late_cv": 0.0002124994355957218,
        "mean_cv": 0.000315874458616842,
        "r_depth": -0.5217391304347825
      },
      {
        "name": "factual_14",
        "el_ratio": 2.3520821448465683,
        "early_cv": 0.00043141214761514374,
        "late_cv": 0.00018341712620895123,
        "mean_cv": 0.00030741463691204746,
        "r_depth": -0.5982608695652173
      },
      {
        "name": "factual_15",
        "el_ratio": 1.907778842780449,
        "early_cv": 0.000373367035232756,
        "late_cv": 0.00019570771352543184,
        "mean_cv": 0.00028453737437909393,
        "r_depth": -0.5069565217391303
      },
      {
        "name": "factual_16",
        "el_ratio": 1.9848581599580835,
        "early_cv": 0.00042814038473200827,
        "late_cv": 0.00021570326453002053,
        "mean_cv": 0.00032192182463101443,
        "r_depth": -0.47478260869565214
      }
    ],
    "hallucination": [
      {
        "name": "halluc_01",
        "el_ratio": 2.247933806650021,
        "early_cv": 0.00039923445729073137,
        "late_cv": 0.00017760062867940482,
        "mean_cv": 0.0002884175429850681,
        "r_depth": -0.5347826086956522
      },
      {
        "name": "halluc_02",
        "el_ratio": 1.9688223672155512,
        "early_cv": 0.0003532283396149675,
        "late_cv": 0.0001794109745484699,
        "mean_cv": 0.00026631965708171873,
        "r_depth": -0.4556521739130434
      },
      {
        "name": "halluc_03",
        "el_ratio": 2.162459246407119,
        "early_cv": 0.0004172882454440696,
        "late_cv": 0.00019296929925379422,
        "mean_cv": 0.00030512877234893193,
        "r_depth": -0.5078260869565216
      },
      {
        "name": "halluc_04",
        "el_ratio": 3.1611020890075907,
        "early_cv": 0.0003970206598751247,
        "late_cv": 0.00012559564629555098,
        "mean_cv": 0.00026130815308533784,
        "r_depth": -0.5895652173913043
      },
      {
        "name": "halluc_05",
        "el_ratio": 2.2002834579286215,
        "early_cv": 0.00040523046724653494,
        "late_cv": 0.00018417193738666052,
        "mean_cv": 0.00029470120231659774,
        "r_depth": -0.4556521739130434
      },
      {
        "name": "halluc_06",
        "el_ratio": 2.66306360395497,
        "early_cv": 0.0003433730920126739,
        "late_cv": 0.00012893912541282285,
        "mean_cv": 0.0002361561087127484,
        "r_depth": -0.608695652173913
      },
      {
        "name": "halluc_07",
        "el_ratio": 2.0724244390296658,
        "early_cv": 0.0003787863333855057,
        "late_cv": 0.00018277449650364966,
        "mean_cv": 0.00028078041494457767,
        "r_depth": -0.5217391304347825
      },
      {
        "name": "halluc_08",
        "el_ratio": 2.0639039235025356,
        "early_cv": 0.0004317680553261501,
        "late_cv": 0.0002091996872574479,
        "mean_cv": 0.000320483871291799,
        "r_depth": -0.5156521739130434
      },
      {
        "name": "halluc_09",
        "el_ratio": 2.093703799094085,