{
  "checkpoint": "ppo_phase2_67500016_steps.zip",
  "config": {
    "image": [
      640,
      480,
      120.0
    ],
    "max_steps": 3000,
    "seeds": [
      0,
      1,
      2,
      3,
      4
    ],
    "gate_radius": 0.75,
    "dt": 0.002
  },
  "per_seed": [
    {
      "steps_ref": 3000,
      "steps_vis": 1357,
      "gates_ref": 3,
      "gates_vis": 1,
      "detection_rate_vis": 0.7177597641857038,
      "pos_drift_mean_m": 1.7358063434050803,
      "pos_drift_max_m": 2.968995781023425,
      "pos_drift_at_n50": 0.010369937952019709,
      "pos_drift_at_n500": 1.4377716863782042,
      "pos_drift_final": 2.867215041856017,
      "act_drift_mean_per_dim": [
        0.9391710162162781,
        0.9840352535247803,
        0.9549536108970642,
        0.9793124794960022
      ],
      "act_drift_max_per_dim": [
        2.0,
        2.0,
        2.0,
        2.0
      ],
      "reward_ref": 452.76110029528485,
      "reward_vis": 91.51004980279663,
      "seed": 0,
      "runtime_ref_s": 0.9161529999691993,
      "runtime_vis_s": 5.633244300028309
    },
    {
      "steps_ref": 3000,
      "steps_vis": 1135,
      "gates_ref": 4,
      "gates_vis": 0,
      "detection_rate_vis": 0.3251101321585903,
      "pos_drift_mean_m": 3.7259033491434588,
      "pos_drift_max_m": 14.935240515534382,
      "pos_drift_at_n50": 0.008528696988731663,
      "pos_drift_at_n500": 1.7047019605368958,
      "pos_drift_final": 14.935240515534382,
      "act_drift_mean_per_dim": [
        1.064076542854309,
        0.9312168955802917,
        0.8634427785873413,
        1.0911200046539307
      ],
      "act_drift_max_per_dim": [
        2.0,
        2.0,
        2.0,
        2.0
      ],
      "reward_ref": 712.8317492745392,
      "reward_vis": -26.588402429158613,
      "seed": 1,
      "runtime_ref_s": 0.9228721000254154,
      "runtime_vis_s": 4.601062399917282
    },
    {
      "steps_ref": 3000,
      "steps_vis": 860,
      "gates_ref": 2,
      "gates_vis": 0,
      "detection_rate_vis": 0.22906976744186047,
      "pos_drift_mean_m": 2.1274178151151335,
      "pos_drift_max_m": 7.527630253523895,
      "pos_drift_at_n50": 0.019310674435790896,
      "pos_drift_at_n500": 1.251589135737745,
      "pos_drift_final": 7.527630253523895,
      "act_drift_mean_per_dim": [
        1.088555932044983,
        1.1171743869781494,
        0.9719420671463013,
        1.0758776664733887
      ],
      "act_drift_max_per_dim": [
        2.0,
        2.0,
        2.0,
        2.0
      ],
      "reward_ref": 242.83376008248226,
      "reward_vis": -22.39978710040241,
      "seed": 2,
      "runtime_ref_s": 0.898380099912174,
      "runtime_vis_s": 3.4463945000898093
    },
    {
      "steps_ref": 3000,
      "steps_vis": 1835,
      "gates_ref": 3,
      "gates_vis": 1,
      "detection_rate_vis": 0.5340599455040872,
      "pos_drift_mean_m": 3.207917924337142,
      "pos_drift_max_m": 7.845638167779104,
      "pos_drift_at_n50": 0.025776549953553447,
      "pos_drift_at_n500": 1.5064938303409663,
      "pos_drift_final": 4.052164818814828,
      "act_drift_mean_per_dim": [
        1.011960744857788,
        0.857014000415802,
        0.9311884641647339,
        0.8836578726768494
      ],
      "act_drift_max_per_dim": [
        2.0,
        2.0,
        2.0,
        2.0
      ],
      "reward_ref": 428.3206937162927,
      "reward_vis": 111.84596292330802,
      "seed": 3,
      "runtime_ref_s": 0.8993326000636443,
      "runtime_vis_s": 7.669403999927454
    },
    {
      "steps_ref": 818,
      "steps_vis": 1006,
      "gates_ref": 1,
      "gates_vis": 0,
      "detection_rate_vis": 0.2773359840954274,
      "pos_drift_mean_m": 1.0995674044547503,
      "pos_drift_max_m": 3.630740742928388,
      "pos_drift_at_n50": 0.0008055474926377685,
      "pos_drift_at_n500": 1.2908481419902982,
      "pos_drift_final": 3.630740742928388,
      "act_drift_mean_per_dim": [
        0.9475738406181335,
        0.7776216864585876,
        0.8702244162559509,
        0.9150071144104004
      ],
      "act_drift_max_per_dim": [
        2.0,
        2.0,
        2.0,
        2.0
      ],
      "reward_ref": 139.68435284976698,
      "reward_vis": -23.8980787484368,
      "seed": 4,
      "runtime_ref_s": 0.24126329994760454,
      "runtime_vis_s": 4.049616000032984
    }
  ],
  "aggregate": {
    "n_seeds": 5,
    "gates_ref_mean": 2.6,
    "gates_vis_mean": 0.4,
    "gates_ref_total": 13,
    "gates_vis_total": 2,
    "detection_rate_mean": 0.4166671186771338,
    "pos_drift_max_overall": 14.935240515534382,
    "pos_drift_mean_at_n50": 0.012958281364546695,
    "pos_drift_mean_at_n500": 1.438280950996822,
    "reward_ref_mean": 395.2863312436732,
    "reward_vis_mean": 26.093948889621366
  }
}