{
  "experiment": "controlled (M1+M2 fixed)",
  "results": {
    "V=I parallel linear": {
      "pearson_r": -0.31674111461413174,
      "p": 0.12291420711007683
    },
    "V1!=V2 parallel linear": {
      "pearson_r": -0.9654459597819813,
      "p": 6.279295866841855e-15,
      "spearman_r": -1.0
    },
    "V1!=V2 parallel softmax": {
      "pearson_r": -0.9985430622754168,
      "p": 1.1342695121054916e-30,
      "spearman_r": -1.0
    },
    "V1!=V2 sequential softmax": {
      "pearson_r": -0.9994778487285952,
      "p": 8.546031379638408e-36,
      "spearman_r": -1.0
    }
  },
  "commutator_norms": [
    0.0,
    0.0400693842672377,
    0.0801387685344754,
    0.1202081528017131,
    0.1602775370689508,
    0.20034692133618842,
    0.2404163056034262,
    0.2804856898706638,
    0.3205550741379016,
    0.36062445840513924,
    0.40069384267237684,
    0.4407632269396146,
    0.4808326112068524,
    0.52090199547409,
    0.5609713797413276,
    0.6010407640085653,
    0.6411101482758031,
    0.6811795325430409,
    0.7212489168102785,
    0.7613183010775163,
    0.8013876853447537,
    0.8414570696119913,
    0.8815264538792292,
    0.9215958381464668,
    0.9616652224137048
  ]
}