{
  "config": {
    "d": 4,
    "vocab": 16,
    "n": 5,
    "n_thetas": 25,
    "n_inputs": 8,
    "seed": 42,
    "eigenvalues_M1": [
      2.0,
      1.0,
      0.5,
      0.2
    ],
    "eigenvalues_M2": [
      1.5,
      0.8,
      0.4,
      0.1
    ]
  },
  "thetas": [
    0.0,
    0.06544984694978735,
    0.1308996938995747,
    0.19634954084936207,
    0.2617993877991494,
    0.32724923474893675,
    0.39269908169872414,
    0.4581489286485115,
    0.5235987755982988,
    0.5890486225480862,
    0.6544984694978735,
    0.7199483164476609,
    0.7853981633974483,
    0.8508480103472356,
    0.916297857297023,
    0.9817477042468102,
    1.0471975511965976,
    1.112647398146385,
    1.1780972450961724,
    1.2435470920459597,
    1.308996938995747,
    1.3744467859455345,
    1.4398966328953218,
    1.505346479845109,
    1.5707963267948966
  ],
  "commutator_norms": [
    0.0,
    0.06460716894888006,
    0.12810889132455347,
    0.1894186350511689,
    0.24748737341529164,
    0.3013215342038155,
    0.34999999999999987,
    0.39268986875785167,
    0.42866070498705605,
    0.45729703770673175,
    0.4781088913245535,
    0.4907401692549844,
    0.49497474683058323,
    0.49074016925498454,
    0.47810889132455364,
    0.4572970377067319,
    0.4286607049870562,
    0.3926898687578517,
    0.35,
    0.3013215342038157,
    0.2474873734152918,
    0.18941863505116902,
    0.12810889132455364,
    0.06460716894888027,
    6.061692393648452e-17
  ],
  "models": {
    "1L-par-lin": {
      "frob_values": [
        2.3763508964556537,
        2.258261946668915,
        2.15258562877038,
        2.054641189405691,
        1.9609169005599603,
        1.8685065470120874,
        1.7752605144994353,
        1.6802039744254613,
        1.583865266047763,
        1.488287824081707,
        1.3966688794838849,
        1.3127411813825678,
        1.2401191820819506,
        1.1818211468278967,
        1.140075737482559,
        1.1163997330462214,
        1.1118600739228712,
        1.127431443874025,
        1.1644166470240291,
        1.2249897400333056,
        1.3130370762518928,
        1.4355851728940445,
        1.6051287919642638,
        1.8428747430935877,
        2.1818825083269373
      ],
      "trace_values": [
        -0.9155399656410874,
        -0.8544026093655287,
        -0.8025332203944017,
        -0.7539978936018554,
        -0.7047266625552364,
        -0.6518585149198297,
        -0.5936482732409705,
        -0.5296104292269164,
        -0.4606266530320105,
        -0.3888348403856048,
        -0.3172494929785747,
        -0.24920296877651013,
        -0.18778352732165,
        -0.13543892092950385,
        -0.09383156982547072,
        -0.06393393813667496,
        -0.0462960027929772,
        -0.04141945632553358,
        -0.05022349792253261,
        -0.07466480912733423,
        -0.11866372318760657,
        -0.1895647882119627,
        -0.300346726699652,
        -0.4725014146097542,
        -0.7385821405490771
      ],
      "pearson_r": -0.7927789829328384,
      "pearson_p": 2.3013759700926798e-06,
      "spearman_r": -0.7707692307692308,
      "spearman_p": 6.5347630804877135e-06,
      "verdict": "MODERATE"
    },
    "1L-par-sfx": {
      "frob_values": [
        0.06673759862250646,
        0.06692871249262966,
        0.06690250925515588,
        0.06667447515566004,
        0.06626653147362636,
        0.0657026907996255,
        0.06500524187594743,
        0.0641921569761159,
        0.06327608409778622,
        0.06226497734824106,
        0.06116416754817311,
        0.05997946369164161,
        0.05872068099309009,
        0.05740482715068233,
        0.056058111323975944,
        0.05471605977889548,
        0.05342138050962793,
        0.05221977277186621,
        0.05115447221338331,
        0.050260742858413546,
        0.049561592178992836,
        0.04906564359677521,
        0.048767476479791655,
        0.04865009012981471,
        0.04868871286604365
      ],
      "trace_values": [
        -0.027658575976257968,
        -0.02791175089043258,
        -0.028021566066793523,
        -0.02801050929630954,
        -0.027907614056302495,
        -0.02774332381570558,
        -0.02754487160725123,
        -0.027332872078246792,
        -0.02711948258442463,
        -0.026908189533465156,
        -0.026695055074998843,
        -0.026471101868671992,
        -0.026225388497268094,
        -0.025948225214767657,
        -0.0256339276715996,
        -0.02528255785519183,
        -0.02490029397620611,
        -0.024498384786864252,
        -0.024090991830178328,
        -0.02369248667342512,
        -0.0233148606653754,
        -0.022965808522564583,
        -0.02264782333364855,
        -0.022358380117449887,
        -0.02209106345310245
      ],
      "pearson_r": 0.04571732357546372,
      "pearson_p": 0.8282107441252708,
      "spearman_r": -0.05692307692307692,
      "spearman_p": 0.7869578479689024,
      "verdict": "NONE"
    },
    "2L-par-ffn": {
      "frob_values": [
        0.557602923559485,
        0.5649188635460417,
        0.570619760597352,
        0.5745052206409865,
        0.5764410651230638,
        0.5763646963158787,
        0.5742855324214341,
        0.5702811632119028,
        0.5644902602308114,
        0.5571033870673464,
        0.5483526957355102,
        0.5385011461466551,
        0.5278315107251927,
        0.5166352156645975,
        0.5052011332336103,
        0.49380472213947396,
        0.4826982233719683,
        0.4721027490129019,
        0.4622029515200031,
        0.45314458161176874,
        0.44503478433883,
        0.43794460520132505,
        0.4319129815222553,
        0.42695149718303566,
        0.4230493352575261
      ],
      "trace_values": [
        0.3798654234613044,
        0.38530302318377124,
        0.3887968944956221,
        0.3902004422878257,
        0.3894212855266822,
        0.3864276547508464,
        0.3812516888970171,
        0.3739897326790542,
        0.36479986293602307,
        0.3538968504641904,
        0.34154469007518895,
        0.3280468195843426,
        0.31373427501979084,
        0.2989522972050986,
        0.28404623628659187,
        0.26934786816594725,
        0.25516331872485287,
        0.24176362848940944,
        0.22937861098403808,
        0.21819416540130823,
        0.20835272904559674,
        0.19995620444992632,
        0.19307052206863978,
        0.1877309960169033,
        0.18394775247684617
      ],
      "pearson_r": 0.2221389139974912,
      "pearson_p": 0.28586474038095666,
      "spearman_r": 0.04769230769230769,
      "spearman_p": 0.8209045857929845,
      "verdict": "NONE"
    },
    "2L-seq-lin": {
      "frob_values": [
        8.87081250525707,
        8.610152605593083,
        8.331998200754835,
        8.045322370557548,
        7.758101173325651,
        7.4771638683538,
        7.2082058324126015,
        6.955891164645008,
        6.7239846935211816,
        6.515500834438934,
        6.332900992924533,
        6.178255089068489,
        6.0528732246715,
        5.955804129311946,
        5.882122984351505,
        5.824055809178481,
        5.775902959844865,
        5.737866499371389,
        5.714081899193314,
        5.707832801220161,
        5.719664744577371,
        5.748824450441458,
        5.7949495960673705,
        5.858515245972006,
        5.940532050180465
      ],