{
  "model_id": "google/gemma-3-1b-pt",
  "ckpt": "/home/clawd/path_c_results/gemma3_1b_v07_1/step_400_final.pt",
  "top_k_fraction": 0.001,
  "result": {
    "diff_matrix_norm": 15.065715789794922,
    "total_neurons": 29952,
    "top_k": 29,
    "top_k_pairs": [
      [
        0,
        398
      ],
      [
        0,
        80
      ],
      [
        0,
        1066
      ],
      [
        0,
        535
      ],
      [
        0,
        557
      ],
      [
        0,
        625
      ],
      [
        0,
        202
      ],
      [
        0,
        384
      ],
      [
        0,
        64
      ],
      [
        2,
        249
      ],
      [
        0,
        672
      ],
      [
        0,
        644
      ],
      [
        0,
        173
      ],
      [
        0,
        213
      ],
      [
        0,
        346
      ],
      [
        3,
        613
      ],
      [
        0,
        36
      ],
      [
        0,
        771
      ],
      [
        0,
        751
      ],
      [
        0,
        10
      ],
      [
        0,
        941
      ],
      [
        0,
        953
      ],
      [
        0,
        63
      ],
      [
        0,
        33
      ],
      [
        3,
        823
      ],
      [
        0,
        238
      ],
      [
        0,
        367
      ],
      [
        3,
        491
      ],
      [
        2,
        730
      ]
    ],
    "layer_counts": [
      24,
      0,
      2,
      3,
      0,
      0,
      0,
      0,
      0,
      0,
      0,
      0,
      0,
      0,
      0,
      0,
      0,
      0,
      0,
      0,
      0,
      0,
      0,
      0,
      0,
      0
    ],
    "concentration_in_top_quartile_layers": 0.0,
    "concentration_in_top_3_layers": 0.0,
    "n_layers_with_any_top_k": 3,
    "max_layer_count": 24,
    "mean_abs_diff_per_layer": [
      0.2688603401184082,
      0.016649020835757256,
      0.05700051784515381,
      0.05033421888947487,
      0.0761713758111,
      0.03819839656352997,
      0.04439748823642731,
      0.06131233647465706,
      0.053696408867836,
      0.03732648864388466,
      0.04080071672797203,
      0.03496112301945686,
      0.0334780178964138,
      0.020727111026644707,
      0.02747161127626896,
      0.044953104108572006,
      0.05066230520606041,
      0.0473402664065361,
      0.0306935403496027,
      0.020801343023777008,
      0.01967611536383629,
      0.0512893982231617,
      0.05312947928905487,
      0.03203753009438515,
      0.024364031851291656,
      0.03617948293685913
    ]
  }
}