{
  "model_id": "google/gemma-3-270m",
  "ckpt": "/home/clawd/path_c_results/gemma270m_v07_1_s137/step_1600_final.pt",
  "top_k_fraction": 0.001,
  "result": {
    "diff_matrix_norm": 5.479501724243164,
    "total_neurons": 11520,
    "top_k": 11,
    "top_k_pairs": [
      [
        8,
        255
      ],
      [
        4,
        167
      ],
      [
        0,
        76
      ],
      [
        0,
        387
      ],
      [
        0,
        335
      ],
      [
        0,
        585
      ],
      [
        0,
        639
      ],
      [
        0,
        393
      ],
      [
        0,
        11
      ],
      [
        5,
        218
      ],
      [
        0,
        400
      ]
    ],
    "layer_counts": [
      8,
      0,
      0,
      0,
      1,
      1,
      0,
      0,
      1,
      0,
      0,
      0,
      0,
      0,
      0,
      0,
      0,
      0
    ],
    "concentration_in_top_quartile_layers": 0.0,
    "concentration_in_top_3_layers": 0.0,
    "n_layers_with_any_top_k": 4,
    "max_layer_count": 8,
    "mean_abs_diff_per_layer": [
      0.11215474456548691,
      0.010612467303872108,
      0.011405805125832558,
      0.00960930623114109,
      0.02295534498989582,
      0.030207302421331406,
      0.03811896592378616,
      0.04347812756896019,
      0.044073548167943954,
      0.027780238538980484,
      0.03640153259038925,
      0.04489641264081001,
      0.025264371186494827,
      0.01696927472949028,
      0.017589891329407692,
      0.025280585512518883,
      0.024816207587718964,
      0.02274194173514843
    ]
  }
}