{
  "model_id": "google/gemma-3-270m",
  "ckpt": "/home/clawd/path_c_results/gemma270m_baseline_s137/step_1600_final.pt",
  "top_k_fraction": 0.001,
  "result": {
    "diff_matrix_norm": 5.983537673950195,
    "total_neurons": 11520,
    "top_k": 11,
    "top_k_pairs": [
      [
        9,
        205
      ],
      [
        0,
        458
      ],
      [
        0,
        335
      ],
      [
        0,
        76
      ],
      [
        0,
        387
      ],
      [
        0,
        585
      ],
      [
        0,
        639
      ],
      [
        0,
        393
      ],
      [
        0,
        11
      ],
      [
        5,
        218
      ],
      [
        0,
        400
      ]
    ],
    "layer_counts": [
      9,
      0,
      0,
      0,
      0,
      1,
      0,
      0,
      0,
      1,
      0,
      0,
      0,
      0,
      0,
      0,
      0,
      0
    ],
    "concentration_in_top_quartile_layers": 0.0,
    "concentration_in_top_3_layers": 0.0,
    "n_layers_with_any_top_k": 3,
    "max_layer_count": 9,
    "mean_abs_diff_per_layer": [
      0.13620366156101227,
      0.013461890630424023,
      0.011781556531786919,
      0.009075847454369068,
      0.023489851504564285,
      0.03125777095556259,
      0.03937777876853943,
      0.040412161499261856,
      0.04193122684955597,
      0.0274870153516531,
      0.033486392349004745,
      0.03910365700721741,
      0.022936901077628136,
      0.01576031744480133,
      0.013960313983261585,
      0.021932289004325867,
      0.022015532478690147,
      0.02243090234696865
    ]
  }
}