{
  "model_id": "google/gemma-3-1b-pt",
  "ckpt": null,
  "top_k_fraction": 0.001,
  "result": {
    "diff_matrix_norm": 18.861068725585938,
    "total_neurons": 29952,
    "top_k": 29,
    "top_k_pairs": [
      [
        0,
        67
      ],
      [
        0,
        557
      ],
      [
        0,
        173
      ],
      [
        0,
        213
      ],
      [
        0,
        771
      ],
      [
        0,
        106
      ],
      [
        0,
        421
      ],
      [
        0,
        63
      ],
      [
        0,
        890
      ],
      [
        0,
        768
      ],
      [
        0,
        10
      ],
      [
        0,
        384
      ],
      [
        0,
        672
      ],
      [
        0,
        620
      ],
      [
        0,
        64
      ],
      [
        0,
        314
      ],
      [
        0,
        751
      ],
      [
        0,
        33
      ],
      [
        0,
        978
      ],
      [
        2,
        730
      ],
      [
        0,
        84
      ],
      [
        3,
        491
      ],
      [
        0,
        941
      ],
      [
        0,
        227
      ],
      [
        0,
        653
      ],
      [
        0,
        1125
      ],
      [
        0,
        238
      ],
      [
        0,
        367
      ],
      [
        0,
        953
      ]
    ],
    "layer_counts": [
      27,
      0,
      1,
      1,
      0,
      0,
      0,
      0,
      0,
      0,
      0,
      0,
      0,
      0,
      0,
      0,
      0,
      0,
      0,
      0,
      0,
      0,
      0,
      0,
      0,
      0
    ],
    "concentration_in_top_quartile_layers": 0.0,
    "concentration_in_top_3_layers": 0.0,
    "n_layers_with_any_top_k": 3,
    "max_layer_count": 27,
    "mean_abs_diff_per_layer": [
      0.3753335177898407,
      0.02066904306411743,
      0.05325210094451904,
      0.05099273473024368,
      0.07535331696271896,
      0.04069337621331215,
      0.043974559754133224,
      0.058641448616981506,
      0.049709443002939224,
      0.034031942486763,
      0.03493301570415497,
      0.028365187346935272,
      0.026869364082813263,
      0.017158763483166695,
      0.022395620122551918,
      0.034730080515146255,
      0.04198041558265686,
      0.03797329217195511,
      0.023527717217803,
      0.01548286247998476,
      0.013812531717121601,
      0.03846738114953041,
      0.03579499199986458,
      0.0203840509057045,
      0.015422617085278034,
      0.025345969945192337
    ]
  }
}