{
  "model_id": "google/gemma-3-270m",
  "ckpt": null,
  "top_k_fraction": 0.001,
  "result": {
    "diff_matrix_norm": 6.2010087966918945,
    "total_neurons": 11520,
    "top_k": 11,
    "top_k_pairs": [
      [
        0,
        577
      ],
      [
        4,
        167
      ],
      [
        0,
        387
      ],
      [
        0,
        76
      ],
      [
        0,
        335
      ],
      [
        0,
        11
      ],
      [
        0,
        585
      ],
      [
        0,
        639
      ],
      [
        0,
        393
      ],
      [
        0,
        540
      ],
      [
        0,
        400
      ]
    ],
    "layer_counts": [
      10,
      0,
      0,
      0,
      1,
      0,
      0,
      0,
      0,
      0,
      0,
      0,
      0,
      0,
      0,
      0,
      0,
      0
    ],
    "concentration_in_top_quartile_layers": 0.0,
    "concentration_in_top_3_layers": 0.0,
    "n_layers_with_any_top_k": 2,
    "max_layer_count": 10,
    "mean_abs_diff_per_layer": [
      0.150445818901062,
      0.01536701899021864,
      0.013428708538413048,
      0.010700752027332783,
      0.028688278049230576,
      0.02942974492907524,
      0.029678771272301674,
      0.03415922075510025,
      0.0330791175365448,
      0.023791661486029625,
      0.02887517772614956,
      0.032823193818330765,
      0.0178501158952713,
      0.01203457172960043,
      0.011566655710339546,
      0.015333324670791626,
      0.016501320526003838,
      0.012396739795804024
    ]
  }
}