{
  "model_id": "google/gemma-3-270m",
  "ckpt": "/home/clawd/path_c_results/gemma270m_baseline/step_1600_final.pt",
  "d_model": 640,
  "per_layer_PR": [
    22.29562759399414,
    1.0142329931259155,
    1.0414013862609863,
    1.0554298162460327,
    1.0860419273376465,
    1.0245709419250488,
    1.0124948024749756,
    1.0078085660934448,
    1.0056079626083374,
    1.0042939186096191,
    1.0056416988372803,
    1.013873815536499,
    1.0461405515670776,
    1.1044613122940063,
    1.1650465726852417,
    1.2406821250915527,
    1.5650594234466553,
    2.693843364715576,
    37.180564880371094
  ],
  "mean_PR": 4.187517034380059,
  "last_layer_PR": 37.180564880371094,
  "mean_PR_frac": 0.006542995366218843
}