{
  "model_id": "google/gemma-3-270m",
  "ckpt": "/home/clawd/path_c_results/gemma270m_v07_1_s419/step_1600_final.pt",
  "d_model": 640,
  "per_layer_PR": [
    22.306194305419922,
    1.0142947435379028,
    1.0418447256088257,
    1.055317997932434,
    1.084213376045227,
    1.0242091417312622,
    1.0124245882034302,
    1.0077033042907715,
    1.0055266618728638,
    1.0042918920516968,
    1.0055893659591675,
    1.0137749910354614,
    1.0450152158737183,
    1.102087140083313,
    1.164633870124817,
    1.2436543703079224,
    1.5772020816802979,
    2.7202374935150146,
    35.048309326171875
  ],
  "mean_PR": 4.077711820602417,
  "last_layer_PR": 35.048309326171875,
  "mean_PR_frac": 0.006371424719691277
}