{
  "model_id": "google/gemma-3-270m",
  "ckpt": "/home/clawd/path_c_results/gemma270m_baseline_s137/step_1600_final.pt",
  "d_model": 640,
  "per_layer_PR": [
    22.297433853149414,
    1.0144741535186768,
    1.0413587093353271,
    1.0548464059829712,
    1.0842078924179077,
    1.024914264678955,
    1.0124924182891846,
    1.0076886415481567,
    1.0055257081985474,
    1.0042566061019897,
    1.0056148767471313,
    1.0138764381408691,
    1.0455832481384277,
    1.105668306350708,
    1.1669957637786865,
    1.2479945421218872,
    1.560250997543335,
    2.694371461868286,
    33.86935043334961
  ],
  "mean_PR": 4.013521301118951,
  "last_layer_PR": 33.86935043334961,
  "mean_PR_frac": 0.006271127032998361
}