{
  "model_id": "google/gemma-3-270m",
  "ckpt": "/home/clawd/path_c_results/gemma270m_v07_1_s271/step_1600_final.pt",
  "d_model": 640,
  "per_layer_PR": [
    22.317838668823242,
    1.0141311883926392,
    1.0401777029037476,
    1.0541939735412598,
    1.0836181640625,
    1.0241326093673706,
    1.0123600959777832,
    1.0077216625213623,
    1.0056390762329102,
    1.004333734512329,
    1.0056365728378296,
    1.0138828754425049,
    1.0457897186279297,
    1.1076499223709106,
    1.1660553216934204,
    1.2455741167068481,
    1.589057445526123,
    2.7595276832580566,
    36.03666687011719
  ],
  "mean_PR": 4.133367758048208,
  "last_layer_PR": 36.03666687011719,
  "mean_PR_frac": 0.006458387121950325
}