{
  "model_id": "google/gemma-3-270m",
  "ckpt": "/home/clawd/path_c_results/gemma270m_baseline_s314/step_1600_final.pt",
  "d_model": 640,
  "per_layer_PR": [
    22.31140899658203,
    1.013967514038086,
    1.0401790142059326,
    1.0533827543258667,
    1.0832234621047974,
    1.0238937139511108,
    1.0123025178909302,
    1.0076305866241455,
    1.0054898262023926,
    1.0042811632156372,
    1.0056161880493164,
    1.014003872871399,
    1.0450217723846436,
    1.1054764986038208,
    1.1635510921478271,
    1.2417868375778198,
    1.5549795627593994,
    2.641803741455078,
    34.415916442871094
  ],
  "mean_PR": 4.039153450413754,
  "last_layer_PR": 34.415916442871094,
  "mean_PR_frac": 0.00631117726627149
}