{
  "model_id": "google/gemma-3-270m",
  "ckpt": "/home/clawd/path_c_results/gemma270m_v07_1_s314/step_1600_final.pt",
  "d_model": 640,
  "per_layer_PR": [
    22.323694229125977,
    1.0137375593185425,
    1.0396699905395508,
    1.0532976388931274,
    1.0837596654891968,
    1.0243161916732788,
    1.0125924348831177,
    1.007866382598877,
    1.005632996559143,
    1.0043751001358032,
    1.0056419372558594,
    1.0139567852020264,
    1.0450592041015625,
    1.1044367551803589,
    1.1681467294692993,
    1.246872067451477,
    1.5909569263458252,
    2.7464234828948975,
    36.027862548828125
  ],
  "mean_PR": 4.132542032944529,
  "last_layer_PR": 36.027862548828125,
  "mean_PR_frac": 0.0064570969264758265
}