{
  "model_id": "google/gemma-3-270m",
  "ckpt": "/home/clawd/path_c_results/gemma270m_v07_1/step_1600_final.pt",
  "d_model": 640,
  "per_layer_PR": [
    22.295326232910156,
    1.0142947435379028,
    1.0414416790008545,
    1.055077314376831,
    1.0848515033721924,
    1.024195909500122,
    1.012250542640686,
    1.0076377391815186,
    1.0055967569351196,
    1.0042734146118164,
    1.005624771118164,
    1.0139422416687012,
    1.0449928045272827,
    1.106531023979187,
    1.1687629222869873,
    1.2477052211761475,
    1.5734567642211914,
    2.7063043117523193,
    36.53910827636719
  ],
  "mean_PR": 4.155335482798125,
  "last_layer_PR": 36.53910827636719,
  "mean_PR_frac": 0.00649271169187207
}