{
  "model_id": "google/gemma-3-270m",
  "ckpt": null,
  "d_model": 640,
  "per_layer_PR": [
    22.383142471313477,
    1.0144476890563965,
    1.0406256914138794,
    1.054439902305603,
    1.08121657371521,
    1.0225415229797363,
    1.0109466314315796,
    1.006750226020813,
    1.0049818754196167,
    1.0037165880203247,
    1.0046730041503906,
    1.011122703552246,
    1.0322805643081665,
    1.0876530408859253,
    1.1276549100875854,
    1.1798672676086426,
    1.415090799331665,
    2.2024037837982178,
    21.132156372070312
  ],
  "mean_PR": 3.306090085129989,
  "last_layer_PR": 21.132156372070312,
  "mean_PR_frac": 0.005165765758015608
}