{
  "model_id": "google/gemma-3-270m",
  "ckpt": "/home/clawd/path_c_results/gemma270m_v07_1_s137/step_1600_final.pt",
  "d_model": 640,
  "per_layer_PR": [
    22.302486419677734,
    1.0140748023986816,
    1.0413542985916138,
    1.0550036430358887,
    1.0834174156188965,
    1.0243656635284424,
    1.0121833086013794,
    1.0074865818023682,
    1.0055041313171387,
    1.004244327545166,
    1.0056097507476807,
    1.0140024423599243,
    1.0456479787826538,
    1.1038988828659058,
    1.165105938911438,
    1.243247389793396,
    1.5620136260986328,
    2.6586527824401855,
    35.40017318725586
  ],
  "mean_PR": 4.092024872177525,
  "last_layer_PR": 35.40017318725586,
  "mean_PR_frac": 0.0063937888627773835
}