{
  "model_id": "google/gemma-3-270m",
  "ckpt": "/home/clawd/path_c_results/gemma270m_baseline_s419/step_1600_final.pt",
  "d_model": 640,
  "per_layer_PR": [
    22.298860549926758,
    1.0144902467727661,
    1.04056715965271,
    1.0532902479171753,
    1.0832116603851318,
    1.0237094163894653,
    1.0119949579238892,
    1.0076618194580078,
    1.0055485963821411,
    1.0042346715927124,
    1.0055619478225708,
    1.0139747858047485,
    1.0454869270324707,
    1.0997898578643799,
    1.1629241704940796,
    1.2361369132995605,
    1.532875418663025,
    2.5731606483459473,
    36.639095306396484
  ],
  "mean_PR": 4.150135542217054,
  "last_layer_PR": 36.639095306396484,
  "mean_PR_frac": 0.006484586784714147
}