{
  "model_id": "google/gemma-3-270m",
  "ckpt": "/home/clawd/path_c_results/gemma270m_baseline_s271/step_1600_final.pt",
  "d_model": 640,
  "per_layer_PR": [
    22.30421257019043,
    1.0139778852462769,
    1.0404640436172485,
    1.0540297031402588,
    1.0831936597824097,
    1.0239193439483643,
    1.0120254755020142,
    1.0076758861541748,
    1.0056277513504028,
    1.0043294429779053,
    1.0056426525115967,
    1.0140780210494995,
    1.0453567504882812,
    1.107625126838684,
    1.1683673858642578,
    1.2462366819381714,
    1.5478368997573853,
    2.6413540840148926,
    36.11383819580078
  ],
  "mean_PR": 4.12841008211437,
  "last_layer_PR": 36.11383819580078,
  "mean_PR_frac": 0.006450640753303703
}