{
  "model_id": "google/gemma-3-270m",
  "ckpt": null,
  "n_heads": 4,
  "d_head": 256,
  "mean_abs_cos_within_class": 0.6766858203336596,
  "mean_abs_cos_cross_class": 0.6280140849069143,
  "class_sep_index": 0.0486717354267453,
  "n_within_pairs": 16,
  "n_cross_pairs": 39
}