{
  "model_id": "google/gemma-3-270m",
  "ckpt": null,
  "concept_names": [
    "refusal_vs_compliance",
    "truthful_vs_false",
    "positive_vs_negative_sentiment",
    "formal_vs_casual",
    "technical_vs_poetic"
  ],
  "cosine_matrix": [
    [
      1.0000001192092896,
      0.0030801519751548767,
      -0.022188406437635422,
      -0.20034514367580414,
      0.04765703156590462
    ],
    [
      0.0030801519751548767,
      1.0000001192092896,
      -0.0977049469947815,
      -0.24974362552165985,
      -0.13216626644134521
    ],
    [
      -0.022188406437635422,
      -0.0977049469947815,
      1.0,
      0.03213293477892876,
      -0.10412820428609848
    ],
    [
      -0.20034514367580414,
      -0.24974362552165985,
      0.03213293477892876,
      1.0,
      0.0761817991733551
    ],
    [
      0.04765703156590462,
      -0.13216626644134521,
      -0.10412820428609848,
      0.0761817991733551,
      1.0000001192092896
    ]
  ],
  "mean_abs_off_diag": 0.09653285108506679,
  "max_abs_off_diag": 0.24974362552165985,
  "orthogonality_score": 0.9034671489149332,
  "concept_stats": {
    "refusal_vs_compliance": {
      "signal_strength": 0.22952806949615479,
      "raw_diff_norm": 40.49734115600586
    },
    "truthful_vs_false": {
      "signal_strength": 0.05058581382036209,
      "raw_diff_norm": 8.660579681396484
    },
    "positive_vs_negative_sentiment": {
      "signal_strength": 0.1710435003042221,
      "raw_diff_norm": 27.517353057861328
    },
    "formal_vs_casual": {
      "signal_strength": 0.37252160906791687,
      "raw_diff_norm": 65.3048095703125
    },
    "technical_vs_poetic": {
      "signal_strength": 0.42583465576171875,
      "raw_diff_norm": 78.68283081054688
    }
  }
}