{
  "model_id": "Qwen/Qwen2.5-0.5B",
  "ckpt": null,
  "concept_names": [
    "refusal_vs_compliance",
    "truthful_vs_false",
    "positive_vs_negative_sentiment",
    "formal_vs_casual",
    "technical_vs_poetic"
  ],
  "cosine_matrix": [
    [
      1.0,
      -0.1433592587709427,
      0.04279565438628197,
      -0.08242711424827576,
      -0.024635694921016693
    ],
    [
      -0.1433592587709427,
      1.0,
      -0.047192856669425964,
      0.08256798982620239,
      -0.009883224964141846
    ],
    [
      0.04279565438628197,
      -0.047192856669425964,
      1.0000001192092896,
      0.16581350564956665,
      -0.04574199765920639
    ],
    [
      -0.08242711424827576,
      0.08256798982620239,
      0.16581350564956665,
      1.0000001192092896,
      0.31971830129623413
    ],
    [
      -0.024635694921016693,
      -0.009883224964141846,
      -0.04574199765920639,
      0.31971830129623413,
      1.0
    ]
  ],
  "mean_abs_off_diag": 0.09641355983912944,
  "max_abs_off_diag": 0.31971830129623413,
  "orthogonality_score": 0.9035864401608705,
  "concept_stats": {
    "refusal_vs_compliance": {
      "signal_strength": 0.41337090730667114,
      "raw_diff_norm": 110.07989501953125
    },
    "truthful_vs_false": {
      "signal_strength": 0.06987353414297104,
      "raw_diff_norm": 18.86516761779785
    },
    "positive_vs_negative_sentiment": {
      "signal_strength": 0.18032820522785187,
      "raw_diff_norm": 48.96828079223633
    },
    "formal_vs_casual": {
      "signal_strength": 0.43820399045944214,
      "raw_diff_norm": 122.32533264160156
    },
    "technical_vs_poetic": {
      "signal_strength": 0.6967127323150635,
      "raw_diff_norm": 185.2770233154297
    }
  }
}