{
  "model_id": "Qwen/Qwen2.5-0.5B",
  "ckpt": "/home/clawd/path_c_results/qwen2_5_0_5b_baseline/step_400_final.pt",
  "concept_names": [
    "refusal_vs_compliance",
    "truthful_vs_false",
    "positive_vs_negative_sentiment",
    "formal_vs_casual",
    "technical_vs_poetic"
  ],
  "cosine_matrix": [
    [
      1.0,
      -0.12572401762008667,
      -0.26169711351394653,
      -0.29862159490585327,
      0.10748205333948135
    ],
    [
      -0.12572401762008667,
      0.9999999403953552,
      0.12829697132110596,
      0.12632770836353302,
      0.022524449974298477
    ],
    [
      -0.26169711351394653,
      0.12829697132110596,
      1.0,
      0.1865411251783371,
      -0.08089274168014526
    ],
    [
      -0.29862159490585327,
      0.12632770836353302,
      0.1865411251783371,
      0.9999998807907104,
      0.177464559674263
    ],
    [
      0.10748205333948135,
      0.022524449974298477,
      -0.08089274168014526,
      0.177464559674263,
      1.0
    ]
  ],
  "mean_abs_off_diag": 0.15155723355710507,
  "max_abs_off_diag": 0.29862159490585327,
  "orthogonality_score": 0.848442766442895,
  "concept_stats": {
    "refusal_vs_compliance": {
      "signal_strength": 0.5977627038955688,
      "raw_diff_norm": 152.39007568359375
    },
    "truthful_vs_false": {
      "signal_strength": 0.12346220016479492,
      "raw_diff_norm": 31.035179138183594
    },
    "positive_vs_negative_sentiment": {
      "signal_strength": 0.2842901051044464,
      "raw_diff_norm": 72.41080474853516
    },
    "formal_vs_casual": {
      "signal_strength": 0.5760725140571594,
      "raw_diff_norm": 144.75384521484375
    },
    "technical_vs_poetic": {
      "signal_strength": 0.7510567903518677,
      "raw_diff_norm": 194.81838989257812
    }
  }
}