{
  "model_id": "google/gemma-3-270m",
  "ckpt": "/home/clawd/path_c_results/gemma270m_baseline_s137/step_1600_final.pt",
  "dims": {
    "d_model": 640,
    "n_heads": 4,
    "n_kv": 1,
    "d_head": 256
  },
  "per_layer_mean_abs_cos": [
    0.09877634048461914,
    0.10243432968854904,
    0.1138860210776329,
    0.09991350769996643,
    0.08887717127799988,
    0.09429433941841125,
    0.3317353129386902,
    0.32956597208976746,
    0.1633470505475998,
    0.261861652135849,
    0.16497491300106049,
    0.30385079979896545,
    0.15840238332748413,
    0.08379802852869034,
    0.08006193488836288,
    0.3370671272277832,
    0.06052100285887718,
    0.16298791766166687
  ],
  "mean_abs_cos": 0.16868643359177643,
  "max_abs_cos": 0.3370671272277832
}