{
  "model_id": "google/gemma-3-270m",
  "ckpt": null,
  "dims": {
    "d_model": 640,
    "n_heads": 4,
    "n_kv": 1,
    "d_head": 256
  },
  "per_layer_mean_abs_cos": [
    0.09891679137945175,
    0.10219591856002808,
    0.11438262462615967,
    0.10082638263702393,
    0.08884453773498535,
    0.09490682929754257,
    0.33194097876548767,
    0.33021482825279236,
    0.16403363645076752,
    0.26247498393058777,
    0.16481877863407135,
    0.3047131597995758,
    0.15834711492061615,
    0.08403823524713516,
    0.0811871886253357,
    0.3375515043735504,
    0.0609462708234787,
    0.16304853558540344
  ],
  "mean_abs_cos": 0.16907712775799963,
  "max_abs_cos": 0.3375515043735504
}