{
  "model_id": "google/gemma-3-270m",
  "ckpt": "/home/clawd/path_c_results/gemma270m_v07_1_s137/step_1600_final.pt",
  "dims": {
    "d_model": 640,
    "n_heads": 4,
    "n_kv": 1,
    "d_head": 256
  },
  "per_layer_mean_abs_cos": [
    0.0986618921160698,
    0.1027572751045227,
    0.11415448039770126,
    0.10010053962469101,
    0.08885388821363449,
    0.09528213739395142,
    0.33175209164619446,
    0.32978424429893494,
    0.16350500285625458,
    0.262186735868454,
    0.16488581895828247,
    0.3038733899593353,
    0.1583525538444519,
    0.08382352441549301,
    0.08011186867952347,
    0.33699652552604675,
    0.06054380163550377,
    0.16300839185714722
  ],
  "mean_abs_cos": 0.16881300902201068,
  "max_abs_cos": 0.33699652552604675
}