{
  "step35000": {
    "r_cv": -0.20956521739130432,
    "p_cv": 0.32569617157142167,
    "mean_af": 0.0026041666666666665,
    "mean_cv": 0.0011537235914336587
  },
  "step37000": {
    "r_cv": -0.13826086956521738,
    "p_cv": 0.5193911494591461,
    "mean_af": 0.0078125,
    "mean_cv": 0.0012768098729365339
  },
  "step39000": {
    "r_cv": -0.07130434782608694,
    "p_cv": 0.7405746871767944,
    "mean_af": 0.0078125,
    "mean_cv": 0.0013535647290691406
  },
  "step41000": {
    "r_cv": -0.04347826086956521,
    "p_cv": 0.8401329841149333,
    "mean_af": 0.005208333333333333,
    "mean_cv": 0.0014130217386582988
  },
  "step43000": {
    "r_cv": -0.01652173913043478,
    "p_cv": 0.9389228669455103,
    "mean_af": 0.005208333333333333,
    "mean_cv": 0.0014554309819142404
  },
  "step45000": {
    "r_cv": -0.0008695652173913043,
    "p_cv": 0.9967824967252694,
    "mean_af": 0.0026041666666666665,
    "mean_cv": 0.0014968599103610204
  },
  "step47000": {
    "r_cv": 0.0608695652173913,
    "p_cv": 0.7775281884531549,
    "mean_af": 0.0026041666666666665,
    "mean_cv": 0.0015590062872455103
  },
  "step49000": {
    "r_cv": 0.15391304347826085,
    "p_cv": 0.4727198668976153,
    "mean_af": 0.0026041666666666665,
    "mean_cv": 0.001630396588113651
  },
  "step51000": {
    "r_cv": 0.2791304347826086,
    "p_cv": 0.1865379607570456,
    "mean_af": 0.0026041666666666665,
    "mean_cv": 0.0017267714557314044
  },
  "step53000": {
    "r_cv": 0.3504347826086956,
    "p_cv": 0.0931821716598171,
    "mean_af": 0.005208333333333333,
    "mean_cv": 0.001823694229080303
  },
  "step55000": {
    "r_cv": 0.42956521739130427,
    "p_cv": 0.036179675335291185,
    "mean_af": 0.0078125,
    "mean_cv": 0.001940516846911649
  }
}