{
  "model": "facebook/opt-1.3b",
  "n_heads": 32,
  "d_model": 2048,
  "d_head": 64,
  "n_layers": 24,
  "mean_af": 0.010416666666666666,
  "mean_cv": 0.002498342975281665,
  "r_cv_depth": -0.766086956521739,
  "p_cv_depth": 1.2772330677153315e-05,
  "layer_afs": [
    0.0,
    0.0,
    0.0,
    0.0,
    0.1875,
    0.0625,
    0.0,
    0.0,
    0.0,
    0.0,
    0.0,
    0.0,
    0.0,
    0.0,
    0.0,
    0.0,
    0.0,
    0.0,
    0.0,
    0.0,
    0.0,
    0.0,
    0.0,
    0.0
  ],
  "layer_cvs": [
    0.0033347190211043456,
    0.0031638127983281148,
    0.005819854635049439,
    0.007936512504451185,
    0.010826036333845181,
    0.008737634683703296,
    0.0039220010814149265,
    0.0020774067447878824,
    0.0012224607381070664,
    0.0017831913407835285,
    0.0008304069899058143,
    0.0007323592247255259,
    0.0009729271005063309,
    0.0014978703970114798,
    0.00043921845464731,
    0.0008284641668482869,
    0.0004412409732740806,
    0.0003560844014513658,
    0.0003943496030576426,
    0.00025612721047266554,
    0.00044832763279955754,
    0.0005996441256487305,
    0.0005065551833117451,
    0.002833026061524461
  ]
}