{
  "model": "tiiuae/falcon-rw-1b",
  "n_heads": 32,
  "d_model": 2048,
  "d_head": 64,
  "n_layers": 24,
  "mean_af": 0.0,
  "mean_cv": 2.5337083281250065e-05,
  "r_cv_depth": -0.18173913043478263,
  "p_cv_depth": 0.3953708419767238,
  "layer_afs": [
    0.0,
    0.0,
    0.0,
    0.0,
    0.0,
    0.0,
    0.0,
    0.0,
    0.0,
    0.0,
    0.0,
    0.0,
    0.0,
    0.0,
    0.0,
    0.0,
    0.0,
    0.0,
    0.0,
    0.0,
    0.0,
    0.0,
    0.0,
    0.0
  ],
  "layer_cvs": [
    2.6655924146485125e-05,
    2.574840175333645e-05,
    2.7931716553606385e-05,
    2.5647414556569537e-05,
    2.29404759346292e-05,
    2.6895619454358562e-05,
    2.3246504300700856e-05,
    2.2645346898069973e-05,
    3.044911282002779e-05,
    3.169656622716037e-05,
    2.817920215361386e-05,
    2.398303916556044e-05,
    2.647309714546822e-05,
    2.7301810727109664e-05,
    2.0664159937055262e-05,
    2.820901010287898e-05,
    1.857087962218792e-05,
    2.7931751464487784e-05,
    2.7917337330834148e-05,
    2.099630869768779e-05,
    2.3634788953831716e-05,
    2.180733497934402e-05,
    2.8421152091926883e-05,
    2.0143043733070584e-05
  ]
}