{
  "baseline_path": "C:\\Users\\mercu\\clawd\\projects\\aigrandprix\\sim\\runs\\infinite_1771733969\\best\\best_model.zip",
  "v3_path": "C:\\Users\\mercu\\clawd\\projects\\aigrandprix\\sim\\runs\\infinite_v3_validation_1777074001\\final_model.zip",
  "base_offdist": {
    "pi_cv": 1.002356767654419,
    "vf_cv": 0.7979437112808228,
    "r2_vf_from_pi": 0.38833534717559814,
    "pi_hnorm": 22.311031341552734,
    "vf_hnorm": 22.1787109375
  },
  "v3_offdist": {
    "pi_cv": 1.200422763824463,
    "vf_cv": 1.1793116331100464,
    "r2_vf_from_pi": 0.9743700623512268,
    "pi_hnorm": 6.312097549438477,
    "vf_hnorm": 9.160470008850098
  },
  "base_ondist": {
    "n_obs": 15408,
    "mean_reward": 212.58427589670168,
    "gates_per_ep": [
      0,
      0,
      0,
      0,
      0,
      0,
      0,
      0
    ],
    "pi_cv_mean": 0.8956634402275085,
    "vf_cv_mean": 0.06637647747993469,
    "pi_dead_like": 0,
    "vf_dead_like": 465,
    "r2_vf_from_pi": 0.8286615610122681,
    "cokernel": 0.17133843898773193,
    "residue_norm_mean": 1.8552199602127075,
    "vf_hnorm": 22.50335121154785,
    "residue_frac": 0.08244194090366364,
    "action_sat": {
      "0": 0.9077751817237798,
      "1": 0.8948598130841121,
      "2": 0.8709761163032191,
      "3": 0.9260773624091381
    },
    "log_std": [
      0.35927513241767883,
      0.39471179246902466,
      0.41356512904167175,
      40.245365142822266
    ]
  },
  "v3_ondist": {
    "n_obs": 8843,
    "mean_reward": -29.959692774047,
    "gates_per_ep": [
      0,
      0,
      0,
      0,
      0,
      0,
      0,
      0
    ],
    "pi_cv_mean": 1.1826889514923096,
    "vf_cv_mean": 1.0884876251220703,
    "pi_dead_like": 0,
    "vf_dead_like": 0,
    "r2_vf_from_pi": 0.9999997615814209,
    "cokernel": 2.384185791015625e-07,
    "residue_norm_mean": 0.00472482992336154,
    "vf_hnorm": 12.54137134552002,
    "residue_frac": 0.00037673951010219753,
    "action_sat": {
      "0": 0.0,
      "1": 0.0,
      "2": 0.0,
      "3": 0.0
    },
    "log_std": [
      0.03255637735128403,
      0.0018920175498351455,
      0.008824191987514496,
      0.018748925998806953
    ]
  }
}