{
  "n_observations": 28446,
  "n_episodes": 10,
  "mean_reward": 248.83439656825126,
  "mean_gates": 0.0,
  "r2_vf_from_pi_ondist": 0.7825426459312439,
  "r2_pi_from_vf_ondist": 0.4653521776199341,
  "r2_vf_from_pi_v1": 0.3721,
  "pi_cv_mean": 0.9353221654891968,
  "vf_cv_mean": 0.07324520498514175,
  "yaw_saturation_rate": 0.9146101385080504,
  "per_sample_residue_mean": 2.229395627975464,
  "per_sample_residue_std": 0.656018078327179,
  "vf_hidden_norm_mean": 22.505033493041992,
  "action_stds": [
    0.9223026037216187,
    0.9609598517417908,
    0.9487179517745972,
    0.9640284180641174
  ],
  "action_ranges_min": [
    -1.0,
    -1.0,
    -1.0,
    -1.0
  ],
  "action_ranges_max": [
    1.0,
    1.0,
    1.0,
    1.0
  ],
  "obs_stats": {
    "dim_means": [
      0.06661862134933472,
      -1.0891987085342407,
      1.3367997407913208,
      -0.026917431503534317,
      -0.05744537338614464,
      -0.0003280951641499996,
      -0.48788920044898987,
      -0.1839950680732727,
      -7.6402788162231445,
      0.24834521114826202,
      -1.0779075622558594,
      2.08005428314209,
      4.125337600708008,
      -1.9170098304748535,
      -3.5135610103607178,
      2.925231695175171,
      4.794491767883301,
      0.2993623614311218,
      -0.1403365284204483,
      -1.0924694538116455,
      -0.32655417919158936,
      -0.026797156780958176,
      -0.043773192912340164,
      0.7788254618644714,
      1.2668713331222534,
      -2.980346441268921,
      -0.13718752562999725,
      -0.3217836916446686,
      0.13533607125282288,
      0.5473751425743103
    ],
    "dim_stds": [
      3.7328507900238037,
      2.621183395385742,
      3.3806166648864746,
      1.5388048887252808,
      2.7935726642608643,
      0.23902498185634613,
      4.76345682144165,
      3.291569471359253,
      2.0162858963012695,
      3.1314990520477295,
      2.512572765350342,
      3.2333638668060303,
      3.8866117000579834,
      8.279898643493652,
      5.920145034790039,
      7.200534343719482,
      3.496299982070923,
      0.1953722983598709,
      3.8958804607391357,
      3.8237643241882324,
      1.0025417804718018,
      0.4441317617893219,
      0.38897353410720825,
      0.20553359389305115,
      0.9997147917747498,
      3.814518690109253,
      0.64827561378479,
      0.42145970463752747,
      0.5112999081611633,
      0.6352296471595764
    ],
    "dim_absmax": [
      13.368571281433105,
      10.563371658325195,
      14.575834274291992,
      9.040730476379395,
      14.73344612121582,
      0.30000001192092896,
      9.75181770324707,
      8.81564712524414,
      9.8100004196167,
      16.68231773376465,
      15.965462684631348,
      17.974241256713867,
      21.744997024536133,
      31.369417190551758,
      21.296239852905273,
      27.822879791259766,
      15.16495132446289,
      0.75,
      17.601285934448242,
      16.417984008789062,
      4.050250053405762,
      0.9970159530639648,
      0.989061713218689,
      1.0,
      4.964000225067139,
      14.592370986938477,
      0.9984143376350403,
      0.9961100220680237,
      0.9774260520935059,
      0.9999791979789734
    ]
  }
}