{
  "n_gauge_modes": 50,
  "n_scalar_modes": 50,
  "gauge_masses": [
    "3.8317059702075123156144358863082890577891673938723",
    "7.0155866698156187535370499814769477843617585039409",
    "10.173468135062722077185711776776730227724303474437",
    "13.323691936314223032393684126949394419664980004362",
    "16.470630050877632812552460470991869027234123035721",
    "19.615858510468242021125065884140795737690801436238",
    "22.76008438059277189805300515218668019085984805119",
    "25.903672087618382625495855445985601997484733786159",
    "29.046828534916855066647819883539162322856498886287",
    "32.189679910974403626622984104469212355663911638676",
    "35.332307550083865102634479022529667921953970316442",
    "38.474766234771615112052197557729244723983163774839",
    "41.617094212814450885863516805075068487424836419612",
    "44.759318997652821732779352713229239025118256405217",
    "47.901460887185447121274008722527085917462410832164",
    "51.043535183571509468733034633246291779097888533105",
    "54.185553641061320532099966214558940712208046202415",
    "57.327525437901010745090504243778566248819999284004",
    "60.469457845347491559398749808414348274975136543627",
    "63.61135669848123263103976241790815041448874475418",
    "66.753226734098493415305259750080415297196801969097",
    "69.895071837495773969730536435541493295211030738763",
    "73.036895225573834826506117569137561494302544776343",
    "76.178699584641457572852614623584119233432115172875",
    "79.320487175476299391184484872541371452646978677978",
    "82.462259914373556453986610648839231216503257238037",
    "85.604019436350230965949425493442537120904524737827",
    "88.745767144926306903735916434920991098750533996584",
    "91.887504251694985280553622214562403223827758206916",
    "95.029231808044695268050998187251141973814009707355",
    "98.170950730790781973537759160933179532504362974347",
    "101.31266182303873013714105638873946702097083585438",
    "104.45436579128276007136342813970691144110531255874",
    "107.59606325950917218267036427770701222421914206238",
    "110.73775478089921510860865288837670094920982129874",
    "113.87944084759499813488417492853902595117378828041",
    "117.02112189889242502757649460157767175364116386193",
    "120.16279832814900375811940782929001617538730517348",
    "123.30447048863571801676003206889807222196482723851",
    "126.44613869851659569779448049597521352193695570563",
    "129.58780324510399675374141784149860913382671747703",
    "132.72946438850961588677459735190512223330392745436",
    "135.87112236478900059180156821961731277902689441698",
    "139.01277738865970417843354613612022287608799224634",
    "142.15442965585902903270090809993465205097319346075",
    "145.29607934519590723242215085519449563179978784399",
    "148.43772662034223039593927702646028508230250703101",
    "151.57937163140142799278350422243025671487413598398",
    "154.72101451628595352476655565204308193203290224748",
    "157.86265540193029780509466960887234190710016510837"
  ],
  "scalar_masses": [
    "8.4172441403998648577836136761538846737669920804984",
    "11.619841172149059427094144986755334885262709284345",
    "14.795951782351260746661471320227965272576210042807",
    "17.959819494987826455115142077253733177564682223399",
    "21.116997053021845590962817082797694489696838559349",
    "24.270112313573102609583152428183409068963670207832",
    "27.420573549984557330570488191395160564775694492233",
    "30.569204495516397036604063539306273672496414998403",
    "33.716519509222699921959198425218076425015014168147",
    "36.862856511283809817518162941365715627668846665184",
    "40.008446733478192227261895006565913409168315512207",
    "43.15345377837146326990013511477912947493881569732",
    "46.297996677236919185152545485013965075079981053043",
    "49.442164110416872731070543201950280197924119880477",
    "52.586023506815963631762235503007219432103210921557",
    "55.729627053201144085573014119283772001169519208123",
    "58.873015772612164650109120458626262532210296482643",
    "62.0162223592176537019022440802463572733725349495",
    "65.159273190757797829068965281770225798600725872347",
    "68.302189784183460399289978944662198422856809046237",
    "71.444989866357852114065026538823705822798720633462",
    "74.587688173602402406057514474156124853180278650965",
    "77.730297056978903231600858137200548352604160461128",
    "80.872826946244764614635062206872568992517386189149",
    "84.015286709546167263026969007688451708202775420893",
    "87.157683935203351467159591745092075728301269714023",
    "90.300025154592920389847956637936515932636635527367",
    "93.44231602001112581574515416387793732033873111045",
    "96.584561447783203643969032670587437799772467904824",
    "99.726765734292801706949183732457684562385953190108",
    "102.86893265072788228312581201715942883399565196107",
    "106.01106552096340500241740284878816507383533256608",
    "109.15316728598199715341434725017544113007247544454",
    "112.29524055747167142084675582856665743841701065613",
    "115.43728766266442337825491222667165831626754720339",
    "118.57931068204164170314345284022195246397183696661",
    "121.72131148119620217155159586287327211500693099473",
    "124.86329173788123742704895117889191766560524943095",
    "128.00525296507315884050917189087244684046148234537",
    "131.14719653071777382494964322504144471510087175659",
    "134.28912367470306158692192054099715565194833998018",
    "137.43103552350268765265495857648697927720835895265",
    "140.57293310285488161908524452670135059592733268702",
    "143.7148173487774915767543130654379568928045882751",
    "146.85668911716851279429215974318965573413403033819",
    "149.99854919219959026033487531708513456938275667041",
    "153.1403982936759193751416239833227850049983006612",
    "156.28223708350806285468484002217863660199177323162",
    "159.42406617141824818502551091100130354901722200038",
    "162.56588611998475099193119357345669061376720890778"
  ],