{
  "step": 30000016,
  "config": {
    "n_episodes_per_maneuver": 8,
    "max_steps_per_ep": 30000,
    "seed_base": 42,
    "maneuvers": [
      "sprint",
      "gentle_arc",
      "hard_turn",
      "hairpin",
      "climb",
      "dive",
      "chicane",
      "speed_trap",
      "spiral",
      "threading",
      "diagonal"
    ]
  },
  "curriculum": {
    "n_episodes": 8,
    "reward_mean": 1873.3127457955516,
    "reward_std": 1376.01550246776,
    "gates_mean": 13.125,
    "gates_std": 9.505754835887574,
    "gates_max": 31,
    "gates_total": 105,
    "ep_len_mean": 13057.75,
    "crash_rate": 0.875,
    "rewards": [
      3738.185571135306,
      840.3090543908556,
      4583.246113015468,
      482.10678600206757,
      1304.777159180105,
      1443.3713405046979,
      1021.9921016916817,
      1572.5138404442305
    ],
    "gates": [
      27,
      6,
      31,
      3,
      9,
      10,
      8,
      11
    ]
  },
  "per_maneuver": {
    "sprint": {
      "n_episodes": 8,
      "reward_mean": 764.123964961122,
      "reward_std": 398.4815130919319,
      "gates_mean": 4.75,
      "gates_std": 2.222048604328897,
      "gates_max": 7,
      "gates_total": 38,
      "ep_len_mean": 4521.0,
      "crash_rate": 1.0,
      "rewards": [
        123.13198273712487,
        994.7765734831693,
        1097.8398152903483,
        1188.7559032789377,
        969.4320513673229,
        256.1604314931492,
        414.8411248432931,
        1068.0538371956318
      ],
      "gates": [
        1,
        6,
        7,
        7,
        6,
        2,
        3,
        6
      ],
      "maneuver": "sprint"
    },
    "gentle_arc": {
      "n_episodes": 8,
      "reward_mean": 1454.2141260083395,
      "reward_std": 202.07038252580847,
      "gates_mean": 9.5,
      "gates_std": 1.224744871391589,
      "gates_max": 12,
      "gates_total": 76,
      "ep_len_mean": 8073.25,
      "crash_rate": 1.0,
      "rewards": [
        1441.0988275513519,
        1854.88273917268,
        1704.8585425013416,
        1351.420946234203,
        1387.5247328332753,
        1293.2340512072656,
        1386.5167808687002,
        1214.1763876978976
      ],
      "gates": [
        9,
        12,
        11,
        9,
        9,
        9,
        9,
        8
      ],
      "maneuver": "gentle_arc"
    },
    "hard_turn": {
      "n_episodes": 8,
      "reward_mean": 2357.9539950847575,
      "reward_std": 1204.8135459330754,
      "gates_mean": 17.0,
      "gates_std": 8.703447592764606,
      "gates_max": 31,
      "gates_total": 136,
      "ep_len_mean": 15091.625,
      "crash_rate": 1.0,
      "rewards": [
        3812.4603660495336,
        283.0563065405648,
        2660.957797208329,
        2264.6818588539822,
        1946.2191196663387,
        1384.9509514653992,
        2168.611268337322,
        4342.694292556593
      ],
      "gates": [
        28,
        2,
        19,
        16,
        14,
        10,
        16,
        31
      ],
      "maneuver": "hard_turn"
    },
    "hairpin": {
      "n_episodes": 8,
      "reward_mean": 3953.5216930342713,
      "reward_std": 1932.4412325855592,
      "gates_mean": 30.25,
      "gates_std": 14.600941750448838,
      "gates_max": 43,
      "gates_total": 242,
      "ep_len_mean": 23616.5,
      "crash_rate": 0.375,
      "rewards": [
        363.18181056840876,
        4976.6460970323515,
        4268.300250035013,
        5486.274394645966,
        5028.202875389999,
        4817.338629155387,
        1015.486442054073,
        5672.743045392974
      ],
      "gates": [
        3,
        38,
        33,
        41,
        39,
        37,
        8,
        43
      ],
      "maneuver": "hairpin"
    },
    "climb": {
      "n_episodes": 8,
      "reward_mean": 1429.9466873581632,
      "reward_std": 596.702619103066,
      "gates_mean": 9.875,
      "gates_std": 3.950870157319777,
      "gates_max": 14,
      "gates_total": 79,
      "ep_len_mean": 9316.5,
      "crash_rate": 1.0,
      "rewards": [
        1673.287063714642,
        1763.2962511796086,
        1672.490706872482,
        1623.1617185217906,
        1436.087063161411,
        -75.3763852195616,
        1987.515623165598,
        1359.1114574693368
      ],
      "gates": [
        11,
        12,
        11,
        11,
        11,
        0,
        14,
        9
      ],
      "maneuver": "climb"
    },
    "dive": {
      "n_episodes": 8,
      "reward_mean": 1033.1000920057943,
      "reward_std": 586.492324112835,
      "gates_mean": 6.75,
      "gates_std": 3.832427429188973,
      "gates_max": 13,
      "gates_total": 54,
      "ep_len_mean": 4517.5,
      "crash_rate": 1.0,
      "rewards": [
        113.69314763371477,
        1940.6780788513088,
        943.170585225439,
        289.25798854673803,
        1521.8180504553256,
        972.8043138491739,
        931.938644056162,
        1551.4399274284915
      ],
      "gates": [
        1,
        13,
        6,
        2,
        10,
        6,
        6,
        10
      ],
      "maneuver": "dive"
    },
    "chicane": {
      "n_episodes": 8,
      "reward_mean": 4880.645996073566,
      "reward_std": 2809.5963984470814,
      "gates_mean": 35.875,
      "gates_std": 20.220271387891906,
      "gates_max": 63,
      "gates_total": 287,
      "ep_len_mean": 22369.0,
      "crash_rate": 0.375,
      "rewards": [
        2091.3061011039076,
        267.47686407880155,
        5590.839579060574,
        5856.085113512592,
        5503.383960048662,
        8337.854266604732,
        2620.7031070179473,
        8777.518977161308
      ],
      "gates": [
        16,
        2,
        42,
        43,
        42,
        60,
        19,
        63
      ],
      "maneuver": "chicane"
    },
    "speed_trap": {
      "n_episodes": 8,
      "reward_mean": 831.5987806207074,
      "reward_std": 208.1685967455251,
      "gates_mean": 5.0,
      "gates_std": 1.224744871391589,
      "gates_max": 6,
      "gates_total": 40,
      "ep_len_mean": 5380.0,
      "crash_rate": 1.0,
      "rewards": [
        790.5089018439812,
        810.024209189778,
        934.6112631563151,
        1028.7544102594038,
        796.917485711836,
        339.11042396531684,
        1044.757454409366,
        908.106096429663
      ],
      "gates": [
        5,
        5,
        6,
        6,
        5,
        2,
        6,
        5
      ],
      "maneuver": "speed_trap"
    },
    "spiral": {
      "n_episodes": 8,
      "reward_mean": 3921.5315166626115,
      "reward_std": 1454.5957707006698,
      "gates_mean": 28.125,
      "gates_std": 10.129628571670336,
      "gates_max": 45,
      "gates_total": 225,
      "ep_len_mean": 19924.875,
      "crash_rate": 0.75,
      "rewards": [
        3854.146134592907,
        2351.243138069186,
        4689.6240498171655,
        6329.869378919733,
        2166.9547635698113,
        3443.3248400213342,
        5771.596687221437,
        2765.4931410893146
      ],
      "gates": [
        28,
        17,
        33,
        45,
        16,
        25,
        41,
        20
      ],
      "maneuver": "spiral"
    },
    "threading": {
      "n_episodes": 8,
      "reward_mean": 5218.26701612981,
      "reward_std": 2906.9715522269094,
      "gates_mean": 39.875,
      "gates_std": 21.76256820781959,
      "gates_max": 81,
      "gates_total": 319,
      "ep_len_mean": 20859.625,
      "crash_rate": 0.625,
      "rewards": [
        7154.5972435341355,
        10806.340990863995,
        593.6640438208669,
        4964.66492103523,
        2280.6723914360664,
        4457.880268953877,
        6585.550894167879,
        4902.765375226427
      ],
      "gates": [
        55,
        81,
        5,
        38,
        17,
        36,
        50,
        37
      ],
      "maneuver": "threading"
    },
    "diagonal": {
      "n_episodes": 8,
      "reward_mean": 1300.3364225218606,
      "reward_std": 1096.2311294412084,
      "gates_mean": 9.25,