{
  "step": 45000016,
  "config": {
    "n_episodes_per_maneuver": 8,
    "max_steps_per_ep": 30000,
    "seed_base": 42,
    "maneuvers": [
      "sprint",
      "gentle_arc",
      "hard_turn",
      "hairpin",
      "climb",
      "dive",
      "chicane",
      "speed_trap",
      "spiral",
      "threading",
      "diagonal"
    ]
  },
  "curriculum": {
    "n_episodes": 8,
    "reward_mean": 1827.9059034457382,
    "reward_std": 1731.5616638213162,
    "gates_mean": 12.375,
    "gates_std": 11.736028928048874,
    "gates_max": 33,
    "gates_total": 99,
    "ep_len_mean": 11717.75,
    "crash_rate": 0.75,
    "rewards": [
      4823.5333235865255,
      3403.4850816778358,
      -28.668593947649242,
      3590.8734374349788,
      320.41996113867935,
      1508.9845457276913,
      294.1577597863252,
      710.4617121615174
    ],
    "gates": [
      33,
      24,
      0,
      23,
      2,
      10,
      2,
      5
    ]
  },
  "per_maneuver": {
    "sprint": {
      "n_episodes": 8,
      "reward_mean": 550.9857927057506,
      "reward_std": 380.49629038928134,
      "gates_mean": 3.75,
      "gates_std": 2.1065374432940898,
      "gates_max": 6,
      "gates_total": 30,
      "ep_len_mean": 10392.75,
      "crash_rate": 1.0,
      "rewards": [
        827.00760411882,
        76.18638845725718,
        910.2053228803097,
        495.98562019195,
        -82.08292221803663,
        340.217660612896,
        862.2162763857496,
        978.1503912170588
      ],
      "gates": [
        5,
        1,
        6,
        4,
        0,
        3,
        5,
        6
      ],
      "maneuver": "sprint"
    },
    "gentle_arc": {
      "n_episodes": 8,
      "reward_mean": 1717.9867403871585,
      "reward_std": 729.2254986855222,
      "gates_mean": 10.875,
      "gates_std": 4.284784125250653,
      "gates_max": 20,
      "gates_total": 87,
      "ep_len_mean": 9005.0,
      "crash_rate": 1.0,
      "rewards": [
        1474.2302745777379,
        521.4229187890382,
        1406.932369763371,
        3254.871652764661,
        1677.6920931805635,
        1378.3296531841831,
        2087.786548390733,
        1942.6284124469794
      ],
      "gates": [
        9,
        4,
        9,
        20,
        11,
        9,
        13,
        12
      ],
      "maneuver": "gentle_arc"
    },
    "hard_turn": {
      "n_episodes": 8,
      "reward_mean": 2442.8185557186516,
      "reward_std": 2256.1213364007012,
      "gates_mean": 16.75,
      "gates_std": 15.171931320698759,
      "gates_max": 43,
      "gates_total": 134,
      "ep_len_mean": 13598.375,
      "crash_rate": 0.75,
      "rewards": [
        4701.306537971588,
        4616.03459300012,
        484.6586868776303,
        1480.9129646935298,
        6412.038525379729,
        844.1779105243609,
        120.12567932987258,
        883.2935479723783
      ],
      "gates": [
        32,
        32,
        4,
        10,
        43,
        6,
        1,
        6
      ],
      "maneuver": "hard_turn"
    },
    "hairpin": {
      "n_episodes": 8,
      "reward_mean": 2746.383551077376,
      "reward_std": 2575.481993898481,
      "gates_mean": 19.75,
      "gates_std": 18.34904629674251,
      "gates_max": 46,
      "gates_total": 158,
      "ep_len_mean": 15496.5,
      "crash_rate": 0.625,
      "rewards": [
        -30.988451296038875,
        128.63750961451296,
        583.3008098127902,
        4807.911748438637,
        5033.575552729069,
        4648.189477913145,
        248.51297601623992,
        6551.928785390652
      ],
      "gates": [
        0,
        1,
        4,
        35,
        36,
        34,
        2,
        46
      ],
      "maneuver": "hairpin"
    },
    "climb": {
      "n_episodes": 8,
      "reward_mean": 1695.9696686220511,
      "reward_std": 198.92759740654307,
      "gates_mean": 11.125,
      "gates_std": 0.9270248108869579,
      "gates_max": 13,
      "gates_total": 89,
      "ep_len_mean": 9955.875,
      "crash_rate": 1.0,
      "rewards": [
        1530.9680067351,
        1906.1388309418867,
        1757.7660881821557,
        1558.1910424006082,
        1730.2057312383465,
        1492.4833717740794,
        1513.3474304525407,
        2078.656847251692
      ],
      "gates": [
        11,
        12,
        11,
        11,
        11,
        10,
        10,
        13
      ],
      "maneuver": "climb"
    },
    "dive": {
      "n_episodes": 8,
      "reward_mean": 821.0285552360269,
      "reward_std": 576.3747313636577,
      "gates_mean": 5.125,
      "gates_std": 3.4437443284889775,
      "gates_max": 11,
      "gates_total": 41,
      "ep_len_mean": 3208.625,
      "crash_rate": 1.0,
      "rewards": [
        482.80283684843744,
        955.081766905223,
        805.969316457984,
        1621.843956562996,
        431.7736683748408,
        318.2587469180721,
        1822.2041544701865,
        130.2939953504756
      ],
      "gates": [
        3,
        6,
        5,
        10,
        3,
        2,
        11,
        1
      ],
      "maneuver": "dive"
    },
    "chicane": {
      "n_episodes": 8,
      "reward_mean": 4841.563057006981,
      "reward_std": 2656.994034706148,
      "gates_mean": 33.625,
      "gates_std": 18.15170446542142,
      "gates_max": 54,
      "gates_total": 269,
      "ep_len_mean": 20563.5,
      "crash_rate": 0.625,
      "rewards": [
        3212.612970645221,
        5464.55920135921,
        7850.971824608638,
        1474.8178791066116,
        6575.6544627553185,
        6502.271263690237,
        7376.532431449511,
        275.0844224410994
      ],
      "gates": [
        23,
        37,
        54,
        11,
        46,
        45,
        51,
        2
      ],
      "maneuver": "chicane"
    },
    "speed_trap": {
      "n_episodes": 8,
      "reward_mean": 791.5441868505428,
      "reward_std": 252.01108183151027,
      "gates_mean": 4.75,
      "gates_std": 1.479019945774904,
      "gates_max": 6,
      "gates_total": 38,
      "ep_len_mean": 6185.125,
      "crash_rate": 1.0,
      "rewards": [
        862.5609430859361,
        821.5582763275561,
        1009.8793385822391,
        885.2177635043815,
        796.5056877188781,
        921.6196871485054,
        144.31073459029722,
        890.701063846549
      ],
      "gates": [
        5,
        5,
        6,
        6,
        5,
        5,
        1,
        5
      ],
      "maneuver": "speed_trap"
    },
    "spiral": {
      "n_episodes": 8,
      "reward_mean": 5278.594863920706,
      "reward_std": 2253.496667744414,
      "gates_mean": 35.25,
      "gates_std": 14.652218262092603,
      "gates_max": 60,
      "gates_total": 282,
      "ep_len_mean": 20128.75,
      "crash_rate": 0.75,
      "rewards": [
        4215.152261763148,
        2544.356457264964,
        4743.064027147178,
        8777.71680077818,
        4824.291359300767,
        9142.2956819785,
        3270.635457892569,
        4711.246865240347
      ],
      "gates": [
        28,
        17,
        33,
        58,
        32,
        60,
        22,
        32
      ],
      "maneuver": "spiral"
    },
    "threading": {
      "n_episodes": 8,
      "reward_mean": 6001.517353661035,
      "reward_std": 2958.3806814338395,
      "gates_mean": 41.875,
      "gates_std": 20.5999848300915,
      "gates_max": 80,
      "gates_total": 335,
      "ep_len_mean": 14939.875,
      "crash_rate": 0.875,
      "rewards": [
        8637.526055259987,
        11434.254443731661,
        5011.763956169487,
        6128.606921198249,
        6374.466673732608,
        615.1826617376164,
        5612.820301620705,
        4197.517815837969
      ],
      "gates": [
        60,
        80,
        34,
        42,
        46,
        5,
        39,
        29
      ],
      "maneuver": "threading"
    },
    "diagonal": {
      "n_episodes": 8,
      "reward_mean": 1081.7084437055087,
      "reward_std": 1152.5147064023581,
      "gates_mean": 7.625,