{
  "step": 20000016,
  "config": {
    "n_episodes_per_maneuver": 8,
    "max_steps_per_ep": 30000,
    "seed_base": 42,
    "maneuvers": [
      "sprint",
      "gentle_arc",
      "hard_turn",
      "hairpin",
      "climb",
      "dive",
      "chicane",
      "speed_trap",
      "spiral",
      "threading",
      "diagonal"
    ]
  },
  "curriculum": {
    "n_episodes": 8,
    "reward_mean": 1210.5342756487025,
    "reward_std": 1021.0899498330912,
    "gates_mean": 9.5,
    "gates_std": 7.952986860293433,
    "gates_max": 20,
    "gates_total": 76,
    "ep_len_mean": 13962.125,
    "crash_rate": 0.75,
    "rewards": [
      2440.5694151681937,
      276.4345746091194,
      99.66373887872578,
      2493.4326392337603,
      1939.6184460438997,
      1972.6626922220166,
      82.59075036791,
      379.30194866599504
    ],
    "gates": [
      19,
      2,
      1,
      20,
      16,
      14,
      1,
      3
    ]
  },
  "per_maneuver": {
    "sprint": {
      "n_episodes": 8,
      "reward_mean": 170.18091810450483,
      "reward_std": 196.52521803368413,
      "gates_mean": 1.5,
      "gates_std": 1.0,
      "gates_max": 4,
      "gates_total": 12,
      "ep_len_mean": 5359.75,
      "crash_rate": 0.875,
      "rewards": [
        134.12648972911848,
        243.96026733381768,
        129.76470393358477,
        116.05518888086897,
        109.26045107448113,
        131.8126963004288,
        -126.13435463652104,
        622.60190222026
      ],
      "gates": [
        1,
        2,
        1,
        1,
        1,
        1,
        1,
        4
      ],
      "maneuver": "sprint"
    },
    "gentle_arc": {
      "n_episodes": 8,
      "reward_mean": 921.7100201897085,
      "reward_std": 426.2777039683356,
      "gates_mean": 6.875,
      "gates_std": 2.9764702249476644,
      "gates_max": 12,
      "gates_total": 55,
      "ep_len_mean": 10627.125,
      "crash_rate": 1.0,
      "rewards": [
        496.4498853211803,
        944.8838611770208,
        396.92733572359793,
        1538.3339757029426,
        573.4236156871807,
        657.6171362884058,
        1379.1499136050434,
        1386.8944380122975
      ],
      "gates": [
        4,
        7,
        3,
        12,
        5,
        5,
        10,
        9
      ],
      "maneuver": "gentle_arc"
    },
    "hard_turn": {
      "n_episodes": 8,
      "reward_mean": 1222.9131793802958,
      "reward_std": 1165.1002921245572,
      "gates_mean": 9.75,
      "gates_std": 9.065732182234372,
      "gates_max": 28,
      "gates_total": 78,
      "ep_len_mean": 11906.875,
      "crash_rate": 1.0,
      "rewards": [
        1194.428850363337,
        1501.8079950714443,
        239.6020496518995,
        368.77902031305985,
        -26.13770280001154,
        532.1618474854045,
        3629.7890414346743,
        2342.87433352256
      ],
      "gates": [
        10,
        12,
        2,
        3,
        0,
        4,
        28,
        19
      ],
      "maneuver": "hard_turn"
    },
    "hairpin": {
      "n_episodes": 8,
      "reward_mean": 1663.941033916969,
      "reward_std": 816.2757849196033,
      "gates_mean": 14.25,
      "gates_std": 6.887488656977955,
      "gates_max": 22,
      "gates_total": 114,
      "ep_len_mean": 18830.375,
      "crash_rate": 0.875,
      "rewards": [
        2677.3597509858437,
        2052.269225974235,
        745.8519379413599,
        1849.4304004607518,
        1804.029412284415,
        1995.714098954248,
        2210.282867285308,
        -23.409422550410454
      ],
      "gates": [
        22,
        18,
        6,
        16,
        16,
        18,
        18,
        0
      ],
      "maneuver": "hairpin"
    },
    "climb": {
      "n_episodes": 8,
      "reward_mean": 1555.2350852777988,
      "reward_std": 133.95799502813665,
      "gates_mean": 11.875,
      "gates_std": 0.9270248108869579,
      "gates_max": 13,
      "gates_total": 95,
      "ep_len_mean": 13869.0,
      "crash_rate": 1.0,
      "rewards": [
        1444.0020259531095,
        1386.2091409042196,
        1521.2244503710458,
        1442.6259766621001,
        1660.1625744254939,
        1595.5119807642861,
        1561.024815818678,
        1831.1197173234573
      ],
      "gates": [
        11,
        11,
        11,
        11,
        13,
        13,
        12,
        13
      ],
      "maneuver": "climb"
    },
    "dive": {
      "n_episodes": 8,
      "reward_mean": 260.2840055314082,
      "reward_std": 209.86867210963908,
      "gates_mean": 2.0,
      "gates_std": 1.4142135623730951,
      "gates_max": 4,
      "gates_total": 16,
      "ep_len_mean": 2896.5,
      "crash_rate": 1.0,
      "rewards": [
        -45.021203431126196,
        545.8470547405341,
        129.35657209036071,
        421.62192028817526,
        236.1669755906635,
        106.88134838854057,
        124.16955578105626,
        563.2498208030611
      ],
      "gates": [
        0,
        4,
        1,
        3,
        2,
        1,
        1,
        4
      ],
      "maneuver": "dive"
    },
    "chicane": {
      "n_episodes": 8,
      "reward_mean": 2679.777041269109,
      "reward_std": 1857.229620450626,
      "gates_mean": 21.125,
      "gates_std": 14.563975247163805,
      "gates_max": 39,
      "gates_total": 169,
      "ep_len_mean": 16367.75,
      "crash_rate": 0.875,
      "rewards": [
        4479.108803170432,
        3718.482410529194,
        4971.868435707777,
        617.3697019405887,
        4739.712915556429,
        898.2168071965385,
        1621.2323373009121,
        392.2249187509964
      ],
      "gates": [
        35,
        30,
        39,
        5,
        37,
        7,
        13,
        3
      ],
      "maneuver": "chicane"
    },
    "speed_trap": {
      "n_episodes": 8,
      "reward_mean": 191.8503614466431,
      "reward_std": 153.46605154828893,
      "gates_mean": 1.75,
      "gates_std": 1.479019945774904,
      "gates_max": 5,
      "gates_total": 14,
      "ep_len_mean": 5683.625,
      "crash_rate": 0.875,
      "rewards": [
        120.45276739780132,
        110.61910912995302,
        116.29008856605697,
        114.23173868089702,
        -29.421818971737594,
        371.4919548089713,
        257.4138108051602,
        473.72524115604256
      ],
      "gates": [
        1,
        1,
        1,
        1,
        0,
        3,
        2,
        5
      ],
      "maneuver": "speed_trap"
    },
    "spiral": {
      "n_episodes": 8,
      "reward_mean": 2432.8178881419058,
      "reward_std": 970.2156404186786,
      "gates_mean": 19.125,
      "gates_std": 7.606535019310698,
      "gates_max": 25,
      "gates_total": 153,
      "ep_len_mean": 18945.75,
      "crash_rate": 0.75,
      "rewards": [
        -31.97843589029617,
        2417.5896345864785,
        3114.994450476268,
        3119.886167459694,
        2531.5938105613072,
        2980.505572969276,
        2888.754183499212,
        2441.1977214733056
      ],
      "gates": [
        0,
        18,
        25,
        25,
        19,
        23,
        22,
        21
      ],
      "maneuver": "spiral"
    },
    "threading": {
      "n_episodes": 8,
      "reward_mean": 2933.6320460734223,
      "reward_std": 1822.5672977468384,
      "gates_mean": 24.25,
      "gates_std": 15.20485119953497,
      "gates_max": 45,
      "gates_total": 194,
      "ep_len_mean": 18209.875,
      "crash_rate": 0.625,
      "rewards": [
        5456.792463058544,
        4249.394494091855,
        4421.825439138416,
        1661.4446004079448,
        1013.6825212277713,
        4665.227670858282,
        508.69822568502923,
        1491.9909541195343
      ],
      "gates": [
        45,
        36,
        37,
        14,
        8,
        38,
        4,
        12
      ],
      "maneuver": "threading"
    },
    "diagonal": {
      "n_episodes": 8,
      "reward_mean": 969.0617252443801,
      "reward_std": 839.375344307855,
      "gates_mean": 7.625,