{
  "step": 67500016,
  "config": {
    "n_episodes_per_maneuver": 8,
    "max_steps_per_ep": 30000,
    "seed_base": 42,
    "maneuvers": [
      "sprint",
      "gentle_arc",
      "hard_turn",
      "hairpin",
      "climb",
      "dive",
      "chicane",
      "speed_trap",
      "spiral",
      "threading",
      "diagonal"
    ]
  },
  "curriculum": {
    "n_episodes": 8,
    "reward_mean": 2295.706819797968,
    "reward_std": 1858.512345538614,
    "gates_mean": 15.375,
    "gates_std": 12.195670338279893,
    "gates_max": 35,
    "gates_total": 123,
    "ep_len_mean": 15192.375,
    "crash_rate": 0.75,
    "rewards": [
      5128.839283803158,
      877.4608424113226,
      2934.5587104258357,
      589.5308477449089,
      1201.0142006253334,
      57.72403705519173,
      2444.212157769556,
      5132.314478548435
    ],
    "gates": [
      35,
      6,
      19,
      4,
      8,
      1,
      17,
      33
    ]
  },
  "per_maneuver": {
    "sprint": {
      "n_episodes": 8,
      "reward_mean": 738.0412768472054,
      "reward_std": 569.8283842194514,
      "gates_mean": 4.5,
      "gates_std": 2.8722813232690143,
      "gates_max": 7,
      "gates_total": 36,
      "ep_len_mean": 8110.125,
      "crash_rate": 1.0,
      "rewards": [
        320.39650102761016,
        1222.1468501620102,
        -20.449417842145067,
        1348.3181991370766,
        877.4832515948215,
        -179.9252079024659,
        1101.2529244887019,
        1235.1071141120342
      ],
      "gates": [
        3,
        7,
        0,
        7,
        6,
        0,
        6,
        7
      ],
      "maneuver": "sprint"
    },
    "gentle_arc": {
      "n_episodes": 8,
      "reward_mean": 1352.7490177118661,
      "reward_std": 514.05924749813,
      "gates_mean": 8.625,
      "gates_std": 3.07967124868873,
      "gates_max": 12,
      "gates_total": 69,
      "ep_len_mean": 8829.75,
      "crash_rate": 1.0,
      "rewards": [
        1489.3020082154253,
        1782.6205256052995,
        1870.8653761467217,
        1324.5577675029617,
        1281.919229376258,
        1448.5013592430869,
        1534.130814278943,
        90.0950613262321
      ],
      "gates": [
        9,
        12,
        11,
        9,
        9,
        9,
        9,
        1
      ],
      "maneuver": "gentle_arc"
    },
    "hard_turn": {
      "n_episodes": 8,
      "reward_mean": 2875.1426116365105,
      "reward_std": 1745.1686966995892,
      "gates_mean": 20.0,
      "gates_std": 12.165525060596439,
      "gates_max": 36,
      "gates_total": 160,
      "ep_len_mean": 18213.375,
      "crash_rate": 0.625,
      "rewards": [
        4058.8658146890734,
        5321.148943050698,
        3595.2983338419713,
        4632.215261134379,
        296.68410582496654,
        2866.9707592827963,
        1629.743840783835,
        600.213834484365
      ],
      "gates": [
        29,
        36,
        24,
        33,
        2,
        21,
        11,
        4
      ],
      "maneuver": "hard_turn"
    },
    "hairpin": {
      "n_episodes": 8,
      "reward_mean": 5909.008443622888,
      "reward_std": 482.6774606978923,
      "gates_mean": 42.625,
      "gates_std": 2.912795049432761,
      "gates_max": 46,
      "gates_total": 341,
      "ep_len_mean": 30000.0,
      "crash_rate": 0.0,
      "rewards": [
        5008.687269658689,
        6221.511303805249,
        6348.894666740065,
        5336.260379825322,
        6330.644823000173,
        5634.806549191973,
        6287.213336149534,
        6104.049220612103
      ],
      "gates": [
        38,
        44,
        46,
        39,
        45,
        40,
        45,
        44
      ],
      "maneuver": "hairpin"
    },
    "climb": {
      "n_episodes": 8,
      "reward_mean": 1725.9498618763312,
      "reward_std": 174.226132869904,
      "gates_mean": 11.0,
      "gates_std": 0.7071067811865476,
      "gates_max": 12,
      "gates_total": 88,
      "ep_len_mean": 9726.75,
      "crash_rate": 1.0,
      "rewards": [
        1681.6305887847993,
        1959.16997554101,
        1727.1597480651828,
        1765.537897029128,
        1643.0014661359205,
        1547.2120858773187,
        1472.1526837488263,
        2011.7344498284629
      ],
      "gates": [
        11,
        12,
        11,
        11,
        11,
        10,
        10,
        12
      ],
      "maneuver": "climb"
    },
    "dive": {
      "n_episodes": 8,
      "reward_mean": 965.2096767554387,
      "reward_std": 559.6332449829233,
      "gates_mean": 5.875,
      "gates_std": 3.179524335494226,
      "gates_max": 10,
      "gates_total": 47,
      "ep_len_mean": 4492.125,
      "crash_rate": 1.0,
      "rewards": [
        273.7020908890827,
        954.1092032273646,
        1594.7723790303517,
        1580.7479835497516,
        293.50638594204656,
        1395.505135289137,
        280.6695667582152,
        1348.6646693575603
      ],
      "gates": [
        2,
        6,
        9,
        10,
        2,
        8,
        2,
        8
      ],
      "maneuver": "dive"
    },
    "chicane": {
      "n_episodes": 8,
      "reward_mean": 4910.045701620855,
      "reward_std": 2626.554251100123,
      "gates_mean": 34.625,
      "gates_std": 18.11033889798863,
      "gates_max": 61,
      "gates_total": 277,
      "ep_len_mean": 22511.625,
      "crash_rate": 0.625,
      "rewards": [
        4869.269402509297,
        4023.775151331849,
        7076.489796158488,
        -59.777225444367105,
        8806.737965867087,
        2955.391604390407,
        4319.906015750594,
        7288.572902403481
      ],
      "gates": [
        35,
        28,
        50,
        0,
        61,
        22,
        30,
        51
      ],
      "maneuver": "chicane"
    },
    "speed_trap": {
      "n_episodes": 8,
      "reward_mean": 283.02931107038285,
      "reward_std": 332.6580438006264,
      "gates_mean": 2.0,
      "gates_std": 2.0,
      "gates_max": 5,
      "gates_total": 16,
      "ep_len_mean": 4730.25,
      "crash_rate": 1.0,
      "rewards": [
        749.0305356825293,
        738.8307061396715,
        265.1796175882285,
        -22.389502715892377,
        -122.25560792088072,
        562.4903863011277,
        -33.005868459446845,
        126.35422194772582
      ],
      "gates": [
        5,
        5,
        2,
        0,
        0,
        3,
        0,
        1
      ],
      "maneuver": "speed_trap"
    },
    "spiral": {
      "n_episodes": 8,
      "reward_mean": 4434.3971445274965,
      "reward_std": 1612.5338127401649,
      "gates_mean": 29.5,
      "gates_std": 10.464224768228174,
      "gates_max": 44,
      "gates_total": 236,
      "ep_len_mean": 19700.5,
      "crash_rate": 0.875,
      "rewards": [
        4253.876320754088,
        2496.7054714663013,
        5571.776403888507,
        6629.303374249611,
        2269.0067869233294,
        2831.5572701815045,
        5273.428970576635,
        6149.522558179998
      ],
      "gates": [
        28,
        16,
        37,
        44,
        16,
        20,
        34,
        41
      ],
      "maneuver": "spiral"
    },
    "threading": {
      "n_episodes": 8,
      "reward_mean": 7521.78050144336,
      "reward_std": 3518.1320246550263,
      "gates_mean": 52.375,
      "gates_std": 23.574019067609154,
      "gates_max": 104,
      "gates_total": 419,
      "ep_len_mean": 19213.75,
      "crash_rate": 0.875,
      "rewards": [
        8657.101997215537,
        15340.78186973137,
        5053.549754464341,
        3404.100824897798,
        5115.92506499137,
        9798.89479887791,
        6223.922894037629,
        6579.966807330926
      ],
      "gates": [
        60,
        104,
        36,
        24,
        37,
        69,
        42,
        47
      ],
      "maneuver": "threading"
    },
    "diagonal": {
      "n_episodes": 8,
      "reward_mean": 2236.41059683853,
      "reward_std": 1586.286581521877,
      "gates_mean": 15.25,