{
  "step": 15000016,
  "config": {
    "n_episodes_per_maneuver": 8,
    "max_steps_per_ep": 30000,
    "seed_base": 42,
    "maneuvers": [
      "sprint",
      "gentle_arc",
      "hard_turn",
      "hairpin",
      "climb",
      "dive",
      "chicane",
      "speed_trap",
      "spiral",
      "threading",
      "diagonal"
    ]
  },
  "curriculum": {
    "n_episodes": 8,
    "reward_mean": 132.87406285955484,
    "reward_std": 157.19733400721807,
    "gates_mean": 1.5,
    "gates_std": 1.3228756555322954,
    "gates_max": 4,
    "gates_total": 12,
    "ep_len_mean": 6626.25,
    "crash_rate": 0.875,
    "rewards": [
      258.12481218072713,
      260.23091018848663,
      236.43267525126612,
      -16.577724886396027,
      -134.49591892865737,
      254.72949133749535,
      -46.910505382347765,
      251.4587631158647
    ],
    "gates": [
      4,
      2,
      2,
      0,
      0,
      2,
      0,
      2
    ]
  },
  "per_maneuver": {
    "sprint": {
      "n_episodes": 8,
      "reward_mean": 23.01174028008262,
      "reward_std": 146.7693895994604,
      "gates_mean": 0.75,
      "gates_std": 0.4330127018922193,
      "gates_max": 1,
      "gates_total": 6,
      "ep_len_mean": 8446.5,
      "crash_rate": 0.875,
      "rewards": [
        140.99274189528933,
        36.8046529055257,
        114.39625595382176,
        -286.2379502034091,
        64.21476863808107,
        132.5231722106637,
        129.36384438961977,
        -147.96356354893123
      ],
      "gates": [
        1,
        1,
        1,
        0,
        1,
        1,
        1,
        0
      ],
      "maneuver": "sprint"
    },
    "gentle_arc": {
      "n_episodes": 8,
      "reward_mean": 52.383644044183306,
      "reward_std": 97.62191470473118,
      "gates_mean": 0.875,
      "gates_std": 0.9270248108869579,
      "gates_max": 3,
      "gates_total": 7,
      "ep_len_mean": 6362.75,
      "crash_rate": 0.875,
      "rewards": [
        -44.7018318179762,
        119.51851606334094,
        114.30427453649139,
        128.6046274649416,
        -42.091779250511536,
        -122.41603854815344,
        122.697183198674,
        143.1542007066597
      ],
      "gates": [
        0,
        1,
        1,
        1,
        0,
        0,
        1,
        3
      ],
      "maneuver": "gentle_arc"
    },
    "hard_turn": {
      "n_episodes": 8,
      "reward_mean": 84.95098027512827,
      "reward_std": 131.5970163686131,
      "gates_mean": 1.0,
      "gates_std": 1.0,
      "gates_max": 3,
      "gates_total": 8,
      "ep_len_mean": 4466.75,
      "crash_rate": 1.0,
      "rewards": [
        -42.12710597889327,
        -91.8925342894886,
        150.6388696079298,
        106.12766925325013,
        132.94368872489827,
        346.62282082394125,
        -36.49547704104316,
        113.78991110043171
      ],
      "gates": [
        0,
        0,
        2,
        1,
        1,
        3,
        0,
        1
      ],
      "maneuver": "hard_turn"
    },
    "hairpin": {
      "n_episodes": 8,
      "reward_mean": 142.31569757368402,
      "reward_std": 128.20341285854136,
      "gates_mean": 1.5,
      "gates_std": 1.118033988749895,
      "gates_max": 3,
      "gates_total": 12,
      "ep_len_mean": 4229.125,
      "crash_rate": 1.0,
      "rewards": [
        296.51763510401815,
        -28.66351197848587,
        330.27205402373704,
        237.88342557921465,
        102.19026517436555,
        -34.12428241170346,
        114.41367869573514,
        120.03631640259084
      ],
      "gates": [
        3,
        0,
        3,
        2,
        1,
        0,
        1,
        2
      ],
      "maneuver": "hairpin"
    },
    "climb": {
      "n_episodes": 8,
      "reward_mean": 104.06207775036772,
      "reward_std": 192.91352083306884,
      "gates_mean": 2.5,
      "gates_std": 1.8027756377319946,
      "gates_max": 5,
      "gates_total": 20,
      "ep_len_mean": 24562.0,
      "crash_rate": 0.25,
      "rewards": [
        -162.9016996729645,
        -18.855140483444757,
        265.13276247901234,
        131.36835508900595,
        402.0034286475011,
        120.09461504536927,
        259.1402924713407,
        -163.48599157287822
      ],
      "gates": [
        1,
        0,
        4,
        3,
        5,
        3,
        4,
        0
      ],
      "maneuver": "climb"
    },
    "dive": {
      "n_episodes": 8,
      "reward_mean": 248.4603918801001,
      "reward_std": 125.84666648581631,
      "gates_mean": 1.875,
      "gates_std": 0.9270248108869579,
      "gates_max": 4,
      "gates_total": 15,
      "ep_len_mean": 1440.375,
      "crash_rate": 1.0,
      "rewards": [
        285.044617056883,
        130.39069788637607,
        131.96634183316064,
        125.09423911194517,
        259.5993926621197,
        263.76434392167084,
        535.1741710916913,
        256.6493314769541
      ],
      "gates": [
        2,
        1,
        1,
        1,
        2,
        2,
        4,
        2
      ],
      "maneuver": "dive"
    },
    "chicane": {
      "n_episodes": 8,
      "reward_mean": 172.37122977885147,
      "reward_std": 233.1963050425575,
      "gates_mean": 2.125,
      "gates_std": 1.3635890143294642,
      "gates_max": 4,
      "gates_total": 17,
      "ep_len_mean": 10444.75,
      "crash_rate": 1.0,
      "rewards": [
        248.8331193730935,
        -150.69944840145706,
        49.04441534786048,
        509.4775139068047,
        -126.71143853685135,
        495.56053846529056,
        144.84930092428374,
        208.61583715178728
      ],
      "gates": [
        3,
        1,
        1,
        4,
        0,
        4,
        2,
        2
      ],
      "maneuver": "chicane"
    },
    "speed_trap": {
      "n_episodes": 8,
      "reward_mean": -24.071691605830424,
      "reward_std": 130.89227634184647,
      "gates_mean": 0.625,
      "gates_std": 0.4841229182759271,
      "gates_max": 1,
      "gates_total": 5,
      "ep_len_mean": 11800.5,
      "crash_rate": 0.875,
      "rewards": [
        -41.12920581179503,
        -229.92649973330845,
        127.64293304141756,
        137.7707692485992,
        -108.97662972394255,
        126.64376764032113,
        -141.16903657962075,
        -63.42963092831451
      ],
      "gates": [
        1,
        0,
        1,
        1,
        1,
        1,
        0,
        0
      ],
      "maneuver": "speed_trap"
    },
    "spiral": {
      "n_episodes": 8,
      "reward_mean": 348.90652401725634,
      "reward_std": 261.85659279275524,
      "gates_mean": 4.375,
      "gates_std": 2.4462982238476156,
      "gates_max": 8,
      "gates_total": 35,
      "ep_len_mean": 23939.5,
      "crash_rate": 0.25,
      "rewards": [
        776.1940075287748,
        332.1056125059963,
        372.49754712488163,
        387.4376731337968,
        620.6751161844968,
        -64.84836430614087,
        362.40535928087,
        4.785240685375243
      ],
      "gates": [
        8,
        3,
        5,
        5,
        7,
        0,
        5,
        2
      ],
      "maneuver": "spiral"
    },
    "threading": {
      "n_episodes": 8,
      "reward_mean": 196.7397786140152,
      "reward_std": 159.13755341166384,
      "gates_mean": 2.0,
      "gates_std": 1.4142135623730951,
      "gates_max": 4,
      "gates_total": 16,
      "ep_len_mean": 5225.375,
      "crash_rate": 1.0,
      "rewards": [
        -37.534917588040116,
        341.08931849561145,
        94.1013684905156,
        216.5303093657003,
        -35.28799351201269,
        359.6226869602394,
        261.48266280598125,
        373.91479389412643
      ],
      "gates": [
        0,
        3,
        1,
        2,
        0,
        3,
        4,
        3
      ],
      "maneuver": "threading"
    },
    "diagonal": {
      "n_episodes": 8,
      "reward_mean": 122.64449492001681,
      "reward_std": 113.07408403927614,
      "gates_mean": 2.375,
      "gates_std": 1.3169567191065923,