{
  "step": 60000016,
  "config": {
    "n_episodes_per_maneuver": 8,
    "max_steps_per_ep": 30000,
    "seed_base": 42,
    "maneuvers": [
      "sprint",
      "gentle_arc",
      "hard_turn",
      "hairpin",
      "climb",
      "dive",
      "chicane",
      "speed_trap",
      "spiral",
      "threading",
      "diagonal"
    ]
  },
  "curriculum": {
    "n_episodes": 8,
    "reward_mean": 1608.294826798659,
    "reward_std": 1464.5577853238874,
    "gates_mean": 11.0,
    "gates_std": 10.087120500916008,
    "gates_max": 27,
    "gates_total": 88,
    "ep_len_mean": 10505.75,
    "crash_rate": 0.875,
    "rewards": [
      3737.868125794798,
      1600.1113682498826,
      4049.8649909399173,
      130.50286562673136,
      1404.9145082563873,
      91.03112661378509,
      1702.1568715013682,
      149.9087574064024
    ],
    "gates": [
      27,
      10,
      27,
      1,
      10,
      1,
      11,
      1
    ]
  },
  "per_maneuver": {
    "sprint": {
      "n_episodes": 8,
      "reward_mean": 520.8857571804393,
      "reward_std": 389.4758748104104,
      "gates_mean": 3.375,
      "gates_std": 2.2325713874364688,
      "gates_max": 6,
      "gates_total": 27,
      "ep_len_mean": 5623.5,
      "crash_rate": 1.0,
      "rewards": [
        129.14768162279506,
        1040.3062657667806,
        950.4096585145944,
        98.78425717282153,
        282.94927216933866,
        643.822005003055,
        932.5475942536859,
        89.11932294044368
      ],
      "gates": [
        1,
        6,
        6,
        1,
        2,
        4,
        6,
        1
      ],
      "maneuver": "sprint"
    },
    "gentle_arc": {
      "n_episodes": 8,
      "reward_mean": 894.4276635876546,
      "reward_std": 765.0714115543061,
      "gates_mean": 5.625,
      "gates_std": 4.3857011982122085,
      "gates_max": 15,
      "gates_total": 45,
      "ep_len_mean": 4925.375,
      "crash_rate": 1.0,
      "rewards": [
        482.8993167048725,
        132.5753822821158,
        437.2103603187479,
        738.1128533913615,
        150.8356702799938,
        1112.9241857794232,
        2511.981814079226,
        1588.8817258654963
      ],
      "gates": [
        4,
        1,
        3,
        5,
        1,
        7,
        15,
        9
      ],
      "maneuver": "gentle_arc"
    },
    "hard_turn": {
      "n_episodes": 8,
      "reward_mean": 3973.228593738785,
      "reward_std": 1533.7070677166075,
      "gates_mean": 27.875,
      "gates_std": 10.588171466310886,
      "gates_max": 39,
      "gates_total": 223,
      "ep_len_mean": 24649.375,
      "crash_rate": 0.375,
      "rewards": [
        4683.513605256861,
        5698.221264463646,
        3146.8106128683366,
        5226.558818846752,
        3997.2507381312907,
        5119.804255966862,
        608.2707038964488,
        3305.398750480082
      ],
      "gates": [
        32,
        39,
        22,
        36,
        30,
        36,
        4,
        24
      ],
      "maneuver": "hard_turn"
    },
    "hairpin": {
      "n_episodes": 8,
      "reward_mean": 3999.218037082415,
      "reward_std": 1938.2866303362114,
      "gates_mean": 29.5,
      "gates_std": 14.265342617687105,
      "gates_max": 44,
      "gates_total": 236,
      "ep_len_mean": 22845.875,
      "crash_rate": 0.375,
      "rewards": [
        3592.337380215173,
        1527.2520390710633,
        5454.374500566551,
        260.77815997901416,
        5961.983130310984,
        5149.906190904621,
        4570.240178179138,
        5476.872717432771
      ],
      "gates": [
        27,
        11,
        40,
        2,
        44,
        38,
        34,
        40
      ],
      "maneuver": "hairpin"
    },
    "climb": {
      "n_episodes": 8,
      "reward_mean": 1738.4042042586475,
      "reward_std": 172.4811395543638,
      "gates_mean": 11.125,
      "gates_std": 0.9270248108869579,
      "gates_max": 13,
      "gates_total": 89,
      "ep_len_mean": 8736.125,
      "crash_rate": 1.0,
      "rewards": [
        1721.8877795373269,
        1923.7507287774765,
        1751.9340346270956,
        1711.4850465673435,
        1737.8814390125008,
        1564.2558224094519,
        1454.803354848487,
        2041.2354282894976
      ],
      "gates": [
        11,
        12,
        11,
        11,
        11,
        10,
        10,
        13
      ],
      "maneuver": "climb"
    },
    "dive": {
      "n_episodes": 8,
      "reward_mean": 826.9706885449884,
      "reward_std": 480.42264831140585,
      "gates_mean": 5.0,
      "gates_std": 2.8284271247461903,
      "gates_max": 9,
      "gates_total": 40,
      "ep_len_mean": 2813.5,
      "crash_rate": 1.0,
      "rewards": [
        125.86586999031442,
        997.3787693566301,
        1536.592025278187,
        146.01314058257594,
        1170.3206637429394,
        1273.1904661296926,
        671.9137602756709,
        694.4908130038966
      ],
      "gates": [
        1,
        6,
        9,
        1,
        7,
        8,
        4,
        4
      ],
      "maneuver": "dive"
    },
    "chicane": {
      "n_episodes": 8,
      "reward_mean": 5606.4841033140465,
      "reward_std": 2662.315489139654,
      "gates_mean": 39.125,
      "gates_std": 18.346917315996166,
      "gates_max": 60,
      "gates_total": 313,
      "ep_len_mean": 20983.5,
      "crash_rate": 0.625,
      "rewards": [
        4934.504004050017,
        4390.763519371196,
        7429.002502900708,
        8824.238553992787,
        8515.016366895674,
        7251.879520415133,
        1409.4440272801203,
        2097.0243316067367
      ],
      "gates": [
        35,
        30,
        52,
        60,
        59,
        52,
        10,
        15
      ],
      "maneuver": "chicane"
    },
    "speed_trap": {
      "n_episodes": 8,
      "reward_mean": 900.9721891475594,
      "reward_std": 178.8353190570643,
      "gates_mean": 5.25,
      "gates_std": 0.6614378277661477,
      "gates_max": 6,
      "gates_total": 42,
      "ep_len_mean": 6104.125,
      "crash_rate": 1.0,
      "rewards": [
        937.1341583209214,
        848.250269892927,
        981.0284048272251,
        1126.016281150649,
        739.0225247199196,
        569.3636189730314,
        1140.425164343098,
        866.5370909527046
      ],
      "gates": [
        5,
        5,
        6,
        6,
        5,
        4,
        6,
        5
      ],
      "maneuver": "speed_trap"
    },
    "spiral": {
      "n_episodes": 8,
      "reward_mean": 5313.402442026435,
      "reward_std": 1911.2828507428696,
      "gates_mean": 35.25,
      "gates_std": 12.427288521636568,
      "gates_max": 57,
      "gates_total": 282,
      "ep_len_mean": 21156.75,
      "crash_rate": 0.75,
      "rewards": [
        4169.157617547357,
        2544.93058587127,
        4883.229541620217,
        8689.01650693659,
        4800.126003479697,
        7485.573480099529,
        6280.893553063192,
        3654.2922475936243
      ],
      "gates": [
        28,
        17,
        33,
        57,
        33,
        50,
        40,
        24
      ],
      "maneuver": "spiral"
    },
    "threading": {
      "n_episodes": 8,
      "reward_mean": 7489.970678519181,
      "reward_std": 2588.8947052835247,
      "gates_mean": 52.375,
      "gates_std": 17.881117834184753,
      "gates_max": 94,
      "gates_total": 419,
      "ep_len_mean": 19302.875,
      "crash_rate": 0.875,
      "rewards": [
        8473.070186014478,
        8416.451949942115,
        5829.497957748597,
        6075.157584704348,
        4989.547939107329,
        13603.321994115162,
        5810.475856768713,
        6722.241959752712
      ],
      "gates": [
        59,
        60,
        39,
        44,
        34,
        94,
        42,
        47
      ],
      "maneuver": "threading"
    },
    "diagonal": {
      "n_episodes": 8,
      "reward_mean": 1557.2824903163546,
      "reward_std": 1338.8013538853181,