{
  "step": 22500016,
  "config": {
    "n_episodes_per_maneuver": 8,
    "max_steps_per_ep": 30000,
    "seed_base": 42,
    "maneuvers": [
      "sprint",
      "gentle_arc",
      "hard_turn",
      "hairpin",
      "climb",
      "dive",
      "chicane",
      "speed_trap",
      "spiral",
      "threading",
      "diagonal"
    ]
  },
  "curriculum": {
    "n_episodes": 8,
    "reward_mean": 1653.3541567712882,
    "reward_std": 658.5256801372591,
    "gates_mean": 12.375,
    "gates_std": 4.846067993745032,
    "gates_max": 19,
    "gates_total": 99,
    "ep_len_mean": 15867.625,
    "crash_rate": 0.875,
    "rewards": [
      2154.522754145866,
      384.8165190721038,
      1826.414501166022,
      2281.284774672643,
      1460.1364267674312,
      1085.468277782508,
      2546.340624274078,
      1487.8493762896542
    ],
    "gates": [
      17,
      3,
      14,
      16,
      11,
      9,
      19,
      10
    ]
  },
  "per_maneuver": {
    "sprint": {
      "n_episodes": 8,
      "reward_mean": 488.01147967603265,
      "reward_std": 265.29976852745256,
      "gates_mean": 3.375,
      "gates_std": 1.653594569415369,
      "gates_max": 7,
      "gates_total": 27,
      "ep_len_mean": 5249.0,
      "crash_rate": 1.0,
      "rewards": [
        731.3573028674691,
        224.9188475821809,
        1082.805644226854,
        398.04953417584875,
        429.6871035330296,
        295.8322555685045,
        321.14908544855643,
        420.29206400581825
      ],
      "gates": [
        5,
        2,
        7,
        3,
        3,
        2,
        2,
        3
      ],
      "maneuver": "sprint"
    },
    "gentle_arc": {
      "n_episodes": 8,
      "reward_mean": 1305.4444586755903,
      "reward_std": 399.3638573235371,
      "gates_mean": 9.0,
      "gates_std": 2.7386127875258306,
      "gates_max": 12,
      "gates_total": 72,
      "ep_len_mean": 11271.125,
      "crash_rate": 1.0,
      "rewards": [
        798.1365354871959,
        1396.3044133295653,
        1306.5672142458975,
        1488.1903835055912,
        521.0433720429419,
        1566.6202150785102,
        1620.8984717798041,
        1745.7950639352157
      ],
      "gates": [
        5,
        10,
        9,
        11,
        4,
        10,
        11,
        12
      ],
      "maneuver": "gentle_arc"
    },
    "hard_turn": {
      "n_episodes": 8,
      "reward_mean": 2518.4594468677187,
      "reward_std": 1732.788074045536,
      "gates_mean": 18.625,
      "gates_std": 13.018616477951872,
      "gates_max": 39,
      "gates_total": 149,
      "ep_len_mean": 15451.125,
      "crash_rate": 0.625,
      "rewards": [
        3614.5142848712026,
        5328.075941184786,
        258.588212478674,
        793.8095370826097,
        4699.846428061568,
        1450.8693500995682,
        2453.7354098045143,
        1548.2364113588294
      ],
      "gates": [
        27,
        39,
        2,
        6,
        36,
        10,
        18,
        11
      ],
      "maneuver": "hard_turn"
    },
    "hairpin": {
      "n_episodes": 8,
      "reward_mean": 3871.722063521919,
      "reward_std": 1813.713711321225,
      "gates_mean": 30.5,
      "gates_std": 14.203872711341791,
      "gates_max": 42,
      "gates_total": 244,
      "ep_len_mean": 23622.125,
      "crash_rate": 0.25,
      "rewards": [
        5200.518216437168,
        4943.31816467458,
        5259.234110276369,
        3950.157472125742,
        1034.5103384509994,
        4458.252741050113,
        637.7708131956488,
        5490.014651964731
      ],
      "gates": [
        41,
        39,
        41,
        32,
        8,
        36,
        5,
        42
      ],
      "maneuver": "hairpin"
    },
    "climb": {
      "n_episodes": 8,
      "reward_mean": 1576.5281028825686,
      "reward_std": 164.81080333006054,
      "gates_mean": 11.125,
      "gates_std": 0.9270248108869579,
      "gates_max": 13,
      "gates_total": 89,
      "ep_len_mean": 10164.0,
      "crash_rate": 1.0,
      "rewards": [
        1614.614917467836,
        1611.2710299151643,
        1572.48380991574,
        1484.2094656570644,
        1531.2179951756311,
        1386.058969464506,
        1447.194859547405,
        1965.1737759172029
      ],
      "gates": [
        11,
        12,
        11,
        11,
        11,
        10,
        10,
        13
      ],
      "maneuver": "climb"
    },
    "dive": {
      "n_episodes": 8,
      "reward_mean": 289.38920786721303,
      "reward_std": 130.89461039458325,
      "gates_mean": 2.125,
      "gates_std": 0.7806247497997998,
      "gates_max": 3,
      "gates_total": 17,
      "ep_len_mean": 2400.0,
      "crash_rate": 1.0,
      "rewards": [
        234.36498491258203,
        285.2336237434911,
        292.34761159348227,
        126.94214640838618,
        444.84360063088343,
        437.71306678370456,
        416.8881074784155,
        76.78052138675912
      ],
      "gates": [
        2,
        2,
        2,
        1,
        3,
        3,
        3,
        1
      ],
      "maneuver": "dive"
    },
    "chicane": {
      "n_episodes": 8,
      "reward_mean": 4999.187724921097,
      "reward_std": 805.982699383378,
      "gates_mean": 38.0,
      "gates_std": 6.48074069840786,
      "gates_max": 46,
      "gates_total": 304,
      "ep_len_mean": 24032.125,
      "crash_rate": 0.5,
      "rewards": [
        4686.198667763188,
        4013.398314639087,
        5769.060444385674,
        3920.0480601050426,
        6042.478757410875,
        5691.997142419542,
        5564.936137999508,
        4305.384274645854
      ],
      "gates": [
        35,
        30,
        45,
        30,
        46,
        43,
        43,
        32
      ],
      "maneuver": "chicane"
    },
    "speed_trap": {
      "n_episodes": 8,
      "reward_mean": 485.3179805273569,
      "reward_std": 285.0965551799132,
      "gates_mean": 3.5,
      "gates_std": 1.5811388300841898,
      "gates_max": 5,
      "gates_total": 28,
      "ep_len_mean": 9328.75,
      "crash_rate": 0.875,
      "rewards": [
        125.2850878264635,
        827.9782929244011,
        783.5415490926167,
        209.22410011962216,
        747.0403983431659,
        218.47164017682786,
        707.232987348294,
        263.76978838746413
      ],
      "gates": [
        1,
        5,
        5,
        2,
        5,
        3,
        5,
        2
      ],
      "maneuver": "speed_trap"
    },
    "spiral": {
      "n_episodes": 8,
      "reward_mean": 3905.5517835058126,
      "reward_std": 1079.42369092928,
      "gates_mean": 29.0,
      "gates_std": 7.92148975887743,
      "gates_max": 41,
      "gates_total": 232,
      "ep_len_mean": 22460.0,
      "crash_rate": 0.75,
      "rewards": [
        3791.2616775282995,
        2276.691381539372,
        4373.06911124048,
        3785.917983254912,
        5644.656259329213,
        2338.447319634843,
        4206.042949545443,
        4828.327585973939
      ],
      "gates": [
        28,
        17,
        33,
        29,
        41,
        17,
        31,
        36
      ],
      "maneuver": "spiral"
    },
    "threading": {
      "n_episodes": 8,
      "reward_mean": 4685.708446345064,
      "reward_std": 2395.3929472355903,
      "gates_mean": 37.125,
      "gates_std": 19.02917168454791,
      "gates_max": 60,
      "gates_total": 297,
      "ep_len_mean": 18600.375,
      "crash_rate": 0.875,
      "rewards": [
        7588.449383367689,
        7523.530658335945,
        2287.665748154047,
        4997.359163267659,
        5250.466675601251,
        6671.150700438999,
        1398.674611644659,
        1768.3706299502614
      ],
      "gates": [
        59,
        60,
        18,
        39,
        42,
        54,
        11,
        14
      ],
      "maneuver": "threading"
    },
    "diagonal": {
      "n_episodes": 8,
      "reward_mean": 2038.8083859965918,
      "reward_std": 1234.7412082485603,
      "gates_mean": 15.125,