{
  "step": 17500016,
  "config": {
    "n_episodes_per_maneuver": 8,
    "max_steps_per_ep": 30000,
    "seed_base": 42,
    "maneuvers": [
      "sprint",
      "gentle_arc",
      "hard_turn",
      "hairpin",
      "climb",
      "dive",
      "chicane",
      "speed_trap",
      "spiral",
      "threading",
      "diagonal"
    ]
  },
  "curriculum": {
    "n_episodes": 8,
    "reward_mean": 240.72402756408334,
    "reward_std": 251.51220591437075,
    "gates_mean": 2.5,
    "gates_std": 1.7320508075688772,
    "gates_max": 5,
    "gates_total": 20,
    "ep_len_mean": 10517.125,
    "crash_rate": 0.75,
    "rewards": [
      379.6174576561998,
      129.56072257089295,
      -279.29604308261474,
      413.84420117437276,
      109.21092121219863,
      188.7429589977637,
      374.3832901805422,
      609.7287118033113
    ],
    "gates": [
      5,
      1,
      0,
      3,
      1,
      2,
      3,
      5
    ]
  },
  "per_maneuver": {
    "sprint": {
      "n_episodes": 8,
      "reward_mean": 42.29097584717286,
      "reward_std": 138.70701805246281,
      "gates_mean": 1.125,
      "gates_std": 0.5994789404140899,
      "gates_max": 2,
      "gates_total": 9,
      "ep_len_mean": 12067.25,
      "crash_rate": 0.75,
      "rewards": [
        123.73684526336365,
        235.42056336266432,
        -274.8885434883716,
        22.767228603427156,
        125.91814805256092,
        6.9011856304032335,
        31.095210211782074,
        67.37716914155317
      ],
      "gates": [
        1,
        2,
        0,
        1,
        1,
        2,
        1,
        1
      ],
      "maneuver": "sprint"
    },
    "gentle_arc": {
      "n_episodes": 8,
      "reward_mean": 255.16653988950569,
      "reward_std": 203.1039684950149,
      "gates_mean": 2.375,
      "gates_std": 1.2183492931011204,
      "gates_max": 4,
      "gates_total": 19,
      "ep_len_mean": 10497.75,
      "crash_rate": 0.75,
      "rewards": [
        333.11788102423384,
        352.0980137312463,
        602.4156166094526,
        283.0764747163839,
        129.8564757249369,
        360.87385699195056,
        -123.22832978742645,
        103.12233010526779
      ],
      "gates": [
        3,
        4,
        4,
        2,
        1,
        3,
        1,
        1
      ],
      "maneuver": "gentle_arc"
    },
    "hard_turn": {
      "n_episodes": 8,
      "reward_mean": 441.27795952005187,
      "reward_std": 504.0169980035299,
      "gates_mean": 3.875,
      "gates_std": 3.950870157319777,
      "gates_max": 11,
      "gates_total": 31,
      "ep_len_mean": 9710.75,
      "crash_rate": 0.875,
      "rewards": [
        -199.40567212528478,
        111.51421246398968,
        387.45552606260435,
        -48.85520746884504,
        119.60740479153355,
        1206.8944914389697,
        915.9327966310558,
        1037.0801243663918
      ],
      "gates": [
        0,
        1,
        3,
        0,
        1,
        11,
        7,
        8
      ],
      "maneuver": "hard_turn"
    },
    "hairpin": {
      "n_episodes": 8,
      "reward_mean": 723.2512100224096,
      "reward_std": 658.5650492304976,
      "gates_mean": 6.25,
      "gates_std": 5.5170191226784775,
      "gates_max": 19,
      "gates_total": 50,
      "ep_len_mean": 11166.0,
      "crash_rate": 0.875,
      "rewards": [
        -41.40402501725612,
        1123.9013635353353,
        242.0350668888202,
        386.27624328090496,
        473.29738720065785,
        655.0227754823268,
        2243.7080295804935,
        703.1728392279942
      ],
      "gates": [
        0,
        9,
        2,
        3,
        4,
        7,
        19,
        6
      ],
      "maneuver": "hairpin"
    },
    "climb": {
      "n_episodes": 8,
      "reward_mean": 774.4892491662462,
      "reward_std": 514.6104189581258,
      "gates_mean": 7.375,
      "gates_std": 3.5685256059050494,
      "gates_max": 12,
      "gates_total": 59,
      "ep_len_mean": 27237.375,
      "crash_rate": 0.25,
      "rewards": [
        285.80305885918506,
        573.2835183288485,
        1072.8740387819378,
        1454.4279314233609,
        1257.5150630644152,
        1250.4641649782222,
        -7.393462846289424,
        308.93968074028896
      ],
      "gates": [
        4,
        6,
        10,
        12,
        10,
        11,
        2,
        4
      ],
      "maneuver": "climb"
    },
    "dive": {
      "n_episodes": 8,
      "reward_mean": 203.2770078271511,
      "reward_std": 251.21014210317395,
      "gates_mean": 1.5,
      "gates_std": 1.5811388300841898,
      "gates_max": 5,
      "gates_total": 12,
      "ep_len_mean": 1746.25,
      "crash_rate": 1.0,
      "rewards": [
        753.4597373047231,
        454.82967507701323,
        116.62895863846234,
        125.53065469456283,
        114.10925341622601,
        -30.989993396414775,
        -34.97692408717012,
        127.6247009698061
      ],
      "gates": [
        5,
        3,
        1,
        1,
        1,
        0,
        0,
        1
      ],
      "maneuver": "dive"
    },
    "chicane": {
      "n_episodes": 8,
      "reward_mean": 534.1287871847909,
      "reward_std": 263.5425784780953,
      "gates_mean": 4.5,
      "gates_std": 2.29128784747792,
      "gates_max": 8,
      "gates_total": 36,
      "ep_len_mean": 6486.5,
      "crash_rate": 1.0,
      "rewards": [
        482.34621180627823,
        578.602499153968,
        886.4971056294643,
        -25.24874256860494,
        517.6256954551718,
        391.40013640040974,
        612.5109520562335,
        829.2964395454069
      ],
      "gates": [
        4,
        5,
        7,
        0,
        4,
        3,
        5,
        8
      ],
      "maneuver": "chicane"
    },
    "speed_trap": {
      "n_episodes": 8,
      "reward_mean": 89.99691921116418,
      "reward_std": 67.18528901854637,
      "gates_mean": 0.875,
      "gates_std": 0.33071891388307384,
      "gates_max": 1,
      "gates_total": 7,
      "ep_len_mean": 2747.375,
      "crash_rate": 1.0,
      "rewards": [
        50.09800661633972,
        129.01035808700726,
        122.12877709377517,
        105.03049898089458,
        98.08201365769946,
        -71.15509030181508,
        144.22784470591796,
        142.55294484949445
      ],
      "gates": [
        1,
        1,
        1,
        1,
        1,
        0,
        1,
        1
      ],
      "maneuver": "speed_trap"
    },
    "spiral": {
      "n_episodes": 8,
      "reward_mean": 2050.1322598159286,
      "reward_std": 866.8473469004324,
      "gates_mean": 17.0,
      "gates_std": 6.18465843842649,
      "gates_max": 27,
      "gates_total": 136,
      "ep_len_mean": 29651.0,
      "crash_rate": 0.125,
      "rewards": [
        3435.0592804934204,
        2137.596722391616,
        1407.9469742544632,
        3101.221084645223,
        1931.5972763894135,
        824.4345685842549,
        1107.832325921194,
        2455.3698458478425
      ],
      "gates": [
        27,
        18,
        13,
        24,
        16,
        8,
        10,
        20
      ],
      "maneuver": "spiral"
    },
    "threading": {
      "n_episodes": 8,
      "reward_mean": 822.6110805370048,
      "reward_std": 874.9594311702207,
      "gates_mean": 7.0,
      "gates_std": 7.0710678118654755,
      "gates_max": 20,
      "gates_total": 56,
      "ep_len_mean": 10397.875,
      "crash_rate": 0.875,
      "rewards": [
        -25.121142118545322,
        878.0206757626627,
        383.6154856650119,
        2510.0741675165496,
        -30.086581479159577,
        373.0309455839538,
        1978.9159228730227,
        512.439170492543
      ],
      "gates": [
        0,
        7,
        3,
        20,
        0,
        3,
        17,
        6
      ],
      "maneuver": "threading"
    },
    "diagonal": {
      "n_episodes": 8,
      "reward_mean": 321.0605477343847,
      "reward_std": 307.96270280180715,
      "gates_mean": 3.375,