{
  "step": 37500016,
  "config": {
    "n_episodes_per_maneuver": 8,
    "max_steps_per_ep": 30000,
    "seed_base": 42,
    "maneuvers": [
      "sprint",
      "gentle_arc",
      "hard_turn",
      "hairpin",
      "climb",
      "dive",
      "chicane",
      "speed_trap",
      "spiral",
      "threading",
      "diagonal"
    ]
  },
  "curriculum": {
    "n_episodes": 8,
    "reward_mean": 2392.2108649888255,
    "reward_std": 2117.9128075026138,
    "gates_mean": 16.0,
    "gates_std": 14.517231140957975,
    "gates_max": 40,
    "gates_total": 128,
    "ep_len_mean": 11334.25,
    "crash_rate": 1.0,
    "rewards": [
      5862.809320613187,
      3006.6966474203264,
      433.30081498251,
      1737.1399266421686,
      447.0935975864104,
      787.7635818485112,
      1120.8559415415639,
      5742.027089275925
    ],
    "gates": [
      40,
      20,
      3,
      11,
      3,
      5,
      7,
      39
    ]
  },
  "per_maneuver": {
    "sprint": {
      "n_episodes": 8,
      "reward_mean": 984.7859863769123,
      "reward_std": 83.42787749298321,
      "gates_mean": 6.0,
      "gates_std": 0.5,
      "gates_max": 7,
      "gates_total": 48,
      "ep_len_mean": 6722.625,
      "crash_rate": 1.0,
      "rewards": [
        874.551119858022,
        944.9994472923846,
        1127.9354960975445,
        1026.7649066822296,
        941.3400250625386,
        880.5821377825278,
        1023.535297723356,
        1058.5794605166957
      ],
      "gates": [
        5,
        6,
        7,
        6,
        6,
        6,
        6,
        6
      ],
      "maneuver": "sprint"
    },
    "gentle_arc": {
      "n_episodes": 8,
      "reward_mean": 1598.5960145980061,
      "reward_std": 328.4716011491792,
      "gates_mean": 10.375,
      "gates_std": 2.117634293262177,
      "gates_max": 13,
      "gates_total": 83,
      "ep_len_mean": 8952.25,
      "crash_rate": 1.0,
      "rewards": [
        1406.834385904096,
        1808.0154833101224,
        880.5150113591351,
        2011.4122958551898,
        1807.800396794659,
        1443.0435808704788,
        1691.7868456912129,
        1739.3601169991562
      ],
      "gates": [
        9,
        12,
        6,
        13,
        12,
        9,
        11,
        11
      ],
      "maneuver": "gentle_arc"
    },
    "hard_turn": {
      "n_episodes": 8,
      "reward_mean": 2771.3055479181853,
      "reward_std": 2346.372230639224,
      "gates_mean": 19.625,
      "gates_std": 16.415979258027832,
      "gates_max": 43,
      "gates_total": 157,
      "ep_len_mean": 15310.125,
      "crash_rate": 0.625,
      "rewards": [
        6178.569036802673,
        705.1512320717125,
        5495.544225439639,
        4884.058122261533,
        407.6186599878956,
        476.5700125168855,
        3473.0625429206866,
        549.8705513444552
      ],
      "gates": [
        43,
        5,
        39,
        35,
        3,
        4,
        24,
        4
      ],
      "maneuver": "hard_turn"
    },
    "hairpin": {
      "n_episodes": 8,
      "reward_mean": 3963.751549093936,
      "reward_std": 1863.394321505923,
      "gates_mean": 30.125,
      "gates_std": 13.769872003762417,
      "gates_max": 45,
      "gates_total": 241,
      "ep_len_mean": 23790.25,
      "crash_rate": 0.375,
      "rewards": [
        95.97619661603017,
        6020.935045113096,
        5112.958917320678,
        3304.021753234046,
        5021.830392305899,
        3819.5631207249126,
        2492.9890772710905,
        5841.737890165735
      ],
      "gates": [
        1,
        45,
        39,
        26,
        38,
        30,
        19,
        43
      ],
      "maneuver": "hairpin"
    },
    "climb": {
      "n_episodes": 8,
      "reward_mean": 1630.6348362381189,
      "reward_std": 180.08419724219888,
      "gates_mean": 11.125,
      "gates_std": 0.9270248108869579,
      "gates_max": 13,
      "gates_total": 89,
      "ep_len_mean": 9355.25,
      "crash_rate": 1.0,
      "rewards": [
        1604.8645724147482,
        1795.889381449409,
        1574.3745862747082,
        1580.4257996523406,
        1605.0696467065857,
        1397.0560580739498,
        1474.4378978649079,
        2012.9607474683016
      ],
      "gates": [
        11,
        12,
        11,
        11,
        11,
        10,
        10,
        13
      ],
      "maneuver": "climb"
    },
    "dive": {
      "n_episodes": 8,
      "reward_mean": 573.9582013452982,
      "reward_std": 335.0838764259763,
      "gates_mean": 3.625,
      "gates_std": 2.057759704144291,
      "gates_max": 7,
      "gates_total": 29,
      "ep_len_mean": 2352.125,
      "crash_rate": 1.0,
      "rewards": [
        312.2024485273687,
        119.0015193591571,
        326.15141906785175,
        1134.5820353344316,
        328.1577703093735,
        791.6333189306342,
        941.493205852661,
        638.4438933809074
      ],
      "gates": [
        2,
        1,
        2,
        7,
        2,
        5,
        6,
        4
      ],
      "maneuver": "dive"
    },
    "chicane": {
      "n_episodes": 8,
      "reward_mean": 7190.311750180938,
      "reward_std": 1655.041491246811,
      "gates_mean": 51.375,
      "gates_std": 11.682652738141282,
      "gates_max": 66,
      "gates_total": 411,
      "ep_len_mean": 26017.125,
      "crash_rate": 0.75,
      "rewards": [
        4889.723464784698,
        4181.197030074377,
        7139.527835107313,
        8478.175465487355,
        7906.174164857962,
        9264.742666054455,
        8196.676163041533,
        7466.2772120398095
      ],
      "gates": [
        35,
        30,
        52,
        60,
        57,
        66,
        58,
        53
      ],
      "maneuver": "chicane"
    },
    "speed_trap": {
      "n_episodes": 8,
      "reward_mean": 766.2929993413825,
      "reward_std": 269.4783352614269,
      "gates_mean": 4.625,
      "gates_std": 1.4947825928876748,
      "gates_max": 6,
      "gates_total": 37,
      "ep_len_mean": 5116.5,
      "crash_rate": 1.0,
      "rewards": [
        817.8226470595737,
        722.6967338637974,
        1094.8792962545213,
        988.7771739820191,
        834.258027915158,
        146.1228956622981,
        641.0921944512945,
        884.6950255423981
      ],
      "gates": [
        5,
        5,
        6,
        6,
        5,
        1,
        4,
        5
      ],
      "maneuver": "speed_trap"
    },
    "spiral": {
      "n_episodes": 8,
      "reward_mean": 4355.338773939564,
      "reward_std": 1508.1555765209655,
      "gates_mean": 30.875,
      "gates_std": 10.469449603489192,
      "gates_max": 52,
      "gates_total": 247,
      "ep_len_mean": 20054.625,
      "crash_rate": 0.875,
      "rewards": [
        4047.675722074438,
        2292.4496388783627,
        4635.221800369786,
        7355.930664140526,
        4958.723285526111,
        3143.7729257441624,
        5405.867885819323,
        3003.0682689638033
      ],
      "gates": [
        28,
        17,
        33,
        52,
        35,
        22,
        38,
        22
      ],
      "maneuver": "spiral"
    },
    "threading": {
      "n_episodes": 8,
      "reward_mean": 6862.951732322359,
      "reward_std": 2083.0607639203745,
      "gates_mean": 51.125,
      "gates_std": 15.727662731633076,
      "gates_max": 68,
      "gates_total": 409,
      "ep_len_mean": 20772.375,
      "crash_rate": 0.625,
      "rewards": [
        8303.438039390361,
        6611.765122999069,
        5184.949922547269,
        6409.096075392936,
        2444.625422606845,
        9026.004507332085,
        8808.204947114937,
        8115.529821195374
      ],
      "gates": [
        60,
        52,
        38,
        46,
        18,
        68,
        66,
        61
      ],
      "maneuver": "threading"
    },
    "diagonal": {
      "n_episodes": 8,
      "reward_mean": 2589.504705179653,
      "reward_std": 1508.3166938033435,
      "gates_mean": 18.125,