{
  "step": 10000016,
  "config": {
    "n_episodes_per_maneuver": 8,
    "max_steps_per_ep": 30000,
    "seed_base": 42,
    "maneuvers": [
      "sprint",
      "gentle_arc",
      "hard_turn",
      "hairpin",
      "climb",
      "dive",
      "chicane",
      "speed_trap",
      "spiral",
      "threading",
      "diagonal"
    ]
  },
  "curriculum": {
    "n_episodes": 8,
    "reward_mean": 17.583345762298578,
    "reward_std": 76.36920757327933,
    "gates_mean": 0.375,
    "gates_std": 0.4841229182759271,
    "gates_max": 1,
    "gates_total": 3,
    "ep_len_mean": 2304.375,
    "crash_rate": 1.0,
    "rewards": [
      105.62700729914059,
      112.09209878829051,
      -46.71052515687188,
      -25.568615606520325,
      122.5082247221286,
      -79.9763652444808,
      -18.615647846758748,
      -28.689410856539325
    ],
    "gates": [
      1,
      1,
      0,
      0,
      1,
      0,
      0,
      0
    ]
  },
  "per_maneuver": {
    "sprint": {
      "n_episodes": 8,
      "reward_mean": 29.735793174973633,
      "reward_std": 67.5544856107872,
      "gates_mean": 0.375,
      "gates_std": 0.4841229182759271,
      "gates_max": 1,
      "gates_total": 3,
      "ep_len_mean": 816.25,
      "crash_rate": 1.0,
      "rewards": [
        113.20404484538537,
        117.88086029962705,
        -16.85638100891265,
        -27.334510833532022,
        -17.660166591173038,
        119.30816155624689,
        -22.990704003690098,
        -27.66495886416243
      ],
      "gates": [
        1,
        1,
        0,
        0,
        0,
        1,
        0,
        0
      ],
      "maneuver": "sprint"
    },
    "gentle_arc": {
      "n_episodes": 8,
      "reward_mean": 10.241935056557583,
      "reward_std": 66.70852285175934,
      "gates_mean": 0.25,
      "gates_std": 0.4330127018922193,
      "gates_max": 1,
      "gates_total": 2,
      "ep_len_mean": 1261.125,
      "crash_rate": 1.0,
      "rewards": [
        -24.683706931476536,
        -18.976664678152105,
        -35.55799529716387,
        -17.78482744273424,
        -49.762042623695834,
        -19.844655591179617,
        116.15322637971258,
        132.3921466371503
      ],
      "gates": [
        0,
        0,
        0,
        0,
        0,
        0,
        1,
        1
      ],
      "maneuver": "gentle_arc"
    },
    "hard_turn": {
      "n_episodes": 8,
      "reward_mean": -18.146274182962742,
      "reward_std": 48.45639335543299,
      "gates_mean": 0.125,
      "gates_std": 0.33071891388307384,
      "gates_max": 1,
      "gates_total": 1,
      "ep_len_mean": 1981.625,
      "crash_rate": 1.0,
      "rewards": [
        -42.15484160799451,
        -29.67630786000518,
        -46.57722037665371,
        107.11504047533708,
        -26.671899489372663,
        -53.16009909582999,
        -19.280300797894597,
        -34.76456471128836
      ],
      "gates": [
        0,
        0,
        0,
        1,
        0,
        0,
        0,
        0
      ],
      "maneuver": "hard_turn"
    },
    "hairpin": {
      "n_episodes": 8,
      "reward_mean": 21.58868980967075,
      "reward_std": 70.39202213354747,
      "gates_mean": 0.375,
      "gates_std": 0.4841229182759271,
      "gates_max": 1,
      "gates_total": 3,
      "ep_len_mean": 1423.375,
      "crash_rate": 1.0,
      "rewards": [
        -20.777528533864825,
        -16.869798711733893,
        -25.687561171042034,
        -35.035011991255175,
        -61.39272762744804,
        107.68259059882666,
        104.16409603811553,
        120.62545987576777
      ],
      "gates": [
        0,
        0,
        0,
        0,
        0,
        1,
        1,
        1
      ],
      "maneuver": "hairpin"
    },
    "climb": {
      "n_episodes": 8,
      "reward_mean": -25.129080505183225,
      "reward_std": 48.80100479311265,
      "gates_mean": 0.125,
      "gates_std": 0.33071891388307384,
      "gates_max": 1,
      "gates_total": 1,
      "ep_len_mean": 2741.25,
      "crash_rate": 1.0,
      "rewards": [
        -64.64606840858437,
        -29.267141519634606,
        -48.206304609565905,
        -65.53486284716246,
        95.30772994094423,
        -16.634582019643858,
        -20.313476637182248,
        -51.737937940636584
      ],
      "gates": [
        0,
        0,
        0,
        0,
        1,
        0,
        0,
        0
      ],
      "maneuver": "climb"
    },
    "dive": {
      "n_episodes": 8,
      "reward_mean": 32.808789912985944,
      "reward_std": 74.59689210696682,
      "gates_mean": 0.375,
      "gates_std": 0.4841229182759271,
      "gates_max": 1,
      "gates_total": 3,
      "ep_len_mean": 877.5,
      "crash_rate": 1.0,
      "rewards": [
        120.93145470000854,
        -17.534998809103854,
        -18.03657857363578,
        -32.955159927856585,
        -22.402313467224303,
        128.7926344581938,
        136.46022058173185,
        -32.78493965822611
      ],
      "gates": [
        1,
        0,
        0,
        0,
        0,
        1,
        1,
        0
      ],
      "maneuver": "dive"
    },
    "chicane": {
      "n_episodes": 8,
      "reward_mean": -9.389700572889772,
      "reward_std": 42.56440058887249,
      "gates_mean": 0.125,
      "gates_std": 0.33071891388307384,
      "gates_max": 1,
      "gates_total": 1,
      "ep_len_mean": 1004.25,
      "crash_rate": 1.0,
      "rewards": [
        -21.392505038762465,
        -22.127300533102698,
        -28.96426541229539,
        -28.543677932976323,
        -19.92132302797836,
        102.76090889947136,
        -31.711743040166766,
        -25.217698497307538
      ],
      "gates": [
        0,
        0,
        0,
        0,
        0,
        1,
        0,
        0
      ],
      "maneuver": "chicane"
    },
    "speed_trap": {
      "n_episodes": 8,
      "reward_mean": 13.237561799482137,
      "reward_std": 65.42707509207013,
      "gates_mean": 0.25,
      "gates_std": 0.4330127018922193,
      "gates_max": 1,
      "gates_total": 2,
      "ep_len_mean": 1051.125,
      "crash_rate": 1.0,
      "rewards": [
        -52.23474862119383,
        -19.313284228799603,
        -19.593342193245917,
        124.22471299935751,
        -16.898419278440997,
        -17.66857082907427,
        125.6883192056157,
        -18.304172658361495
      ],
      "gates": [
        0,
        0,
        0,
        1,
        0,
        0,
        1,
        0
      ],
      "maneuver": "speed_trap"
    },
    "spiral": {
      "n_episodes": 8,
      "reward_mean": -10.45652009027193,
      "reward_std": 41.28281801741733,
      "gates_mean": 0.125,
      "gates_std": 0.33071891388307384,
      "gates_max": 1,
      "gates_total": 1,
      "ep_len_mean": 1092.625,
      "crash_rate": 1.0,
      "rewards": [
        -38.41567522636615,
        -21.065613559330814,
        -32.563876158460516,
        -27.34559218464301,
        -17.958845642308006,
        -20.708403482089864,
        97.45943424171662,
        -23.053588710693703
      ],
      "gates": [
        0,
        0,
        0,
        0,
        0,
        0,
        1,
        0
      ],
      "maneuver": "spiral"
    },
    "threading": {
      "n_episodes": 8,
      "reward_mean": -2.0499715565334213,
      "reward_std": 51.85803122573629,
      "gates_mean": 0.25,
      "gates_std": 0.4330127018922193,
      "gates_max": 1,
      "gates_total": 2,
      "ep_len_mean": 1690.125,
      "crash_rate": 1.0,
      "rewards": [
        -24.906673304720243,
        -26.38990369089879,
        -48.8006444726343,
        -29.142090186072892,
        77.22351852394377,
        -34.41340347798541,
        95.84362912694087,
        -25.814204970840365
      ],
      "gates": [
        0,
        0,
        0,
        0,
        1,
        0,
        1,
        0
      ],
      "maneuver": "threading"
    },
    "diagonal": {
      "n_episodes": 8,
      "reward_mean": -9.996529842279585,
      "reward_std": 53.2546253485271,