{
  "step": 52500016,
  "config": {
    "n_episodes_per_maneuver": 8,
    "max_steps_per_ep": 30000,
    "seed_base": 42,
    "maneuvers": [
      "sprint",
      "gentle_arc",
      "hard_turn",
      "hairpin",
      "climb",
      "dive",
      "chicane",
      "speed_trap",
      "spiral",
      "threading",
      "diagonal"
    ]
  },
  "curriculum": {
    "n_episodes": 8,
    "reward_mean": 1995.7241530392737,
    "reward_std": 1025.5520689764155,
    "gates_mean": 13.125,
    "gates_std": 6.899954709996291,
    "gates_max": 28,
    "gates_total": 105,
    "ep_len_mean": 11603.125,
    "crash_rate": 0.875,
    "rewards": [
      4143.708260717802,
      1281.7496791433014,
      2282.3404822059993,
      1817.6978956125504,
      2265.0743202476187,
      2233.490911657802,
      282.8007436898497,
      1658.9309310392673
    ],
    "gates": [
      28,
      9,
      15,
      12,
      15,
      14,
      2,
      10
    ]
  },
  "per_maneuver": {
    "sprint": {
      "n_episodes": 8,
      "reward_mean": 797.5935701026095,
      "reward_std": 412.10254836850174,
      "gates_mean": 4.875,
      "gates_std": 2.315032397181517,
      "gates_max": 7,
      "gates_total": 39,
      "ep_len_mean": 5192.75,
      "crash_rate": 1.0,
      "rewards": [
        97.33288587136144,
        941.8959314942572,
        1097.348206893489,
        113.22557758223365,
        1242.5169663128,
        1020.5932887244162,
        980.6787943949239,
        887.1569095473951
      ],
      "gates": [
        1,
        6,
        7,
        1,
        7,
        6,
        6,
        5
      ],
      "maneuver": "sprint"
    },
    "gentle_arc": {
      "n_episodes": 8,
      "reward_mean": 1568.6428446966775,
      "reward_std": 536.9522553248468,
      "gates_mean": 9.875,
      "gates_std": 3.6206870894900596,
      "gates_max": 17,
      "gates_total": 79,
      "ep_len_mean": 8133.125,
      "crash_rate": 1.0,
      "rewards": [
        946.3137735536693,
        616.951267014424,
        1789.2131309456859,
        2507.804914515627,
        1754.3939133110507,
        1640.9115780708344,
        1522.4415165604196,
        1771.112663601708
      ],
      "gates": [
        6,
        4,
        11,
        17,
        11,
        10,
        9,
        11
      ],
      "maneuver": "gentle_arc"
    },
    "hard_turn": {
      "n_episodes": 8,
      "reward_mean": 2813.8309929708475,
      "reward_std": 1839.023089831123,
      "gates_mean": 19.625,
      "gates_std": 12.358574958303242,
      "gates_max": 36,
      "gates_total": 157,
      "ep_len_mean": 16884.625,
      "crash_rate": 0.875,
      "rewards": [
        5372.410556717456,
        1065.5638882450871,
        3149.417931228749,
        799.8930446045629,
        5131.378809618291,
        2533.4286129900647,
        4120.263623750906,
        338.2914766116619
      ],
      "gates": [
        36,
        8,
        23,
        6,
        36,
        17,
        28,
        3
      ],
      "maneuver": "hard_turn"
    },
    "hairpin": {
      "n_episodes": 8,
      "reward_mean": 3495.1659456809602,
      "reward_std": 1846.458778468363,
      "gates_mean": 25.375,
      "gates_std": 13.095204274848102,
      "gates_max": 50,
      "gates_total": 203,
      "ep_len_mean": 18514.125,
      "crash_rate": 0.625,
      "rewards": [
        2353.101993229551,
        1903.3101373121135,
        2529.1197600754303,
        7132.5656356794425,
        4616.681745662941,
        4982.322720287404,
        1090.2378404479186,
        3353.987732752879
      ],
      "gates": [
        17,
        14,
        18,
        50,
        34,
        37,
        8,
        25
      ],
      "maneuver": "hairpin"
    },
    "climb": {
      "n_episodes": 8,
      "reward_mean": 1683.2125543444467,
      "reward_std": 139.65819917063828,
      "gates_mean": 11.0,
      "gates_std": 0.7071067811865476,
      "gates_max": 12,
      "gates_total": 88,
      "ep_len_mean": 8736.125,
      "crash_rate": 1.0,
      "rewards": [
        1720.3181784627113,
        1944.8405046663524,
        1564.5665233774907,
        1770.1496051124295,
        1684.5985247041872,
        1554.6387378849163,
        1474.975612620658,
        1751.6127479268298
      ],
      "gates": [
        11,
        12,
        11,
        11,
        11,
        10,
        10,
        12
      ],
      "maneuver": "climb"
    },
    "dive": {
      "n_episodes": 8,
      "reward_mean": 950.9590981343543,
      "reward_std": 653.2041061162108,
      "gates_mean": 5.875,
      "gates_std": 3.887077951366553,
      "gates_max": 10,
      "gates_total": 47,
      "ep_len_mean": 3905.75,
      "crash_rate": 1.0,
      "rewards": [
        263.4682166162165,
        298.4913281733703,
        1660.4641662164931,
        1667.0496935421681,
        319.70232996657614,
        320.0340267742249,
        1610.5874152766123,
        1467.8756085091736
      ],
      "gates": [
        2,
        2,
        10,
        10,
        2,
        2,
        10,
        9
      ],
      "maneuver": "dive"
    },
    "chicane": {
      "n_episodes": 8,
      "reward_mean": 5034.727752214412,
      "reward_std": 2900.699088683109,
      "gates_mean": 35.875,
      "gates_std": 19.776485405652846,
      "gates_max": 63,
      "gates_total": 287,
      "ep_len_mean": 22890.75,
      "crash_rate": 0.625,
      "rewards": [
        640.1288815016378,
        1739.532222797121,
        3431.4265860476935,
        8628.564247954053,
        9228.46411641016,
        4080.6547835370166,
        6006.7387967058385,
        6522.3123827617765
      ],
      "gates": [
        5,
        12,
        27,
        60,
        63,
        30,
        43,
        47
      ],
      "maneuver": "chicane"
    },
    "speed_trap": {
      "n_episodes": 8,
      "reward_mean": 792.7310694859809,
      "reward_std": 223.36982507961181,
      "gates_mean": 4.75,
      "gates_std": 1.1989578808281798,
      "gates_max": 6,
      "gates_total": 38,
      "ep_len_mean": 6290.125,
      "crash_rate": 1.0,
      "rewards": [
        797.3941629062194,
        739.0546012299824,
        1064.7905980155801,
        1029.7844790554336,
        890.9150120638787,
        655.6376306657501,
        309.27729735276534,
        854.9947745982372
      ],
      "gates": [
        5,
        5,
        6,
        6,
        5,
        4,
        2,
        5
      ],
      "maneuver": "speed_trap"
    },
    "spiral": {
      "n_episodes": 8,
      "reward_mean": 5612.434378571965,
      "reward_std": 2304.987206465028,
      "gates_mean": 37.25,
      "gates_std": 15.13068075137401,
      "gates_max": 63,
      "gates_total": 298,
      "ep_len_mean": 20407.5,
      "crash_rate": 0.625,
      "rewards": [
        4279.318255064002,
        2584.1197650919726,
        4840.324211177485,
        9668.03231353685,
        5645.644273853962,
        8188.783564957562,
        3016.2971890539147,
        6676.955455839973
      ],
      "gates": [
        28,
        17,
        33,
        63,
        37,
        54,
        20,
        46
      ],
      "maneuver": "spiral"
    },
    "threading": {
      "n_episodes": 8,
      "reward_mean": 6036.710899730933,
      "reward_std": 3651.1241408922565,
      "gates_mean": 41.75,
      "gates_std": 25.23762072779445,
      "gates_max": 79,
      "gates_total": 334,
      "ep_len_mean": 13132.375,
      "crash_rate": 0.875,
      "rewards": [
        8713.46238308281,
        735.71648416415,
        9023.781597002046,
        5707.416547176941,
        144.82479668712926,
        11258.968224319351,
        6638.035343386671,
        6071.481822028368
      ],
      "gates": [
        60,
        6,
        62,
        39,
        1,
        79,
        46,
        41
      ],
      "maneuver": "threading"
    },
    "diagonal": {
      "n_episodes": 8,
      "reward_mean": 2645.093151355062,
      "reward_std": 1172.1839934051109,