{
  "step": 12500016,
  "config": {
    "n_episodes_per_maneuver": 8,
    "max_steps_per_ep": 30000,
    "seed_base": 42,
    "maneuvers": [
      "sprint",
      "gentle_arc",
      "hard_turn",
      "hairpin",
      "climb",
      "dive",
      "chicane",
      "speed_trap",
      "spiral",
      "threading",
      "diagonal"
    ]
  },
  "curriculum": {
    "n_episodes": 8,
    "reward_mean": -25.80395175475431,
    "reward_std": 63.86880347389505,
    "gates_mean": 0.25,
    "gates_std": 0.4330127018922193,
    "gates_max": 1,
    "gates_total": 2,
    "ep_len_mean": 4709.625,
    "crash_rate": 1.0,
    "rewards": [
      -56.10730730985233,
      18.2771736370359,
      -18.652033244656195,
      -65.58010688355894,
      -17.29271167198567,
      -135.1124326203544,
      -32.91851351634614,
      100.9543175716833
    ],
    "gates": [
      0,
      1,
      0,
      0,
      0,
      0,
      0,
      1
    ]
  },
  "per_maneuver": {
    "sprint": {
      "n_episodes": 8,
      "reward_mean": 19.27779544937183,
      "reward_std": 83.93801771662673,
      "gates_mean": 0.375,
      "gates_std": 0.4841229182759271,
      "gates_max": 1,
      "gates_total": 3,
      "ep_len_mean": 2557.875,
      "crash_rate": 1.0,
      "rewards": [
        136.39063698393875,
        -55.277497301352014,
        -23.952094889715,
        -28.028063278556147,
        -30.07582504465745,
        -82.48580845082148,
        105.1681923664537,
        132.48282320968428
      ],
      "gates": [
        1,
        0,
        0,
        0,
        0,
        0,
        1,
        1
      ],
      "maneuver": "sprint"
    },
    "gentle_arc": {
      "n_episodes": 8,
      "reward_mean": 19.036361163268424,
      "reward_std": 73.35314197837407,
      "gates_mean": 0.375,
      "gates_std": 0.4841229182759271,
      "gates_max": 1,
      "gates_total": 3,
      "ep_len_mean": 1984.375,
      "crash_rate": 1.0,
      "rewards": [
        120.7737174306385,
        117.15276078368561,
        -50.56503935407886,
        -44.63769846685682,
        -27.96032501852369,
        -44.84075740596745,
        -17.549981320495135,
        99.91821265774524
      ],
      "gates": [
        1,
        1,
        0,
        0,
        0,
        0,
        0,
        1
      ],
      "maneuver": "gentle_arc"
    },
    "hard_turn": {
      "n_episodes": 8,
      "reward_mean": 86.81483924162482,
      "reward_std": 57.33124980437392,
      "gates_mean": 0.875,
      "gates_std": 0.33071891388307384,
      "gates_max": 1,
      "gates_total": 7,
      "ep_len_mean": 1976.625,
      "crash_rate": 1.0,
      "rewards": [
        -61.05625305479407,
        107.31503673068391,
        101.62650966238493,
        112.04013667330446,
        134.63344135130137,
        87.96820460287563,
        114.03912243276329,
        97.95251553447906
      ],
      "gates": [
        0,
        1,
        1,
        1,
        1,
        1,
        1,
        1
      ],
      "maneuver": "hard_turn"
    },
    "hairpin": {
      "n_episodes": 8,
      "reward_mean": 44.82902675975747,
      "reward_std": 80.4616637262061,
      "gates_mean": 0.625,
      "gates_std": 0.4841229182759271,
      "gates_max": 1,
      "gates_total": 5,
      "ep_len_mean": 2586.25,
      "crash_rate": 1.0,
      "rewards": [
        111.93171103733403,
        -111.36397066016252,
        112.87803239893174,
        69.48450524663394,
        -16.91003578249365,
        107.64643438796566,
        112.79032084517621,
        -27.824783395325653
      ],
      "gates": [
        1,
        0,
        1,
        1,
        0,
        1,
        1,
        0
      ],
      "maneuver": "hairpin"
    },
    "climb": {
      "n_episodes": 8,
      "reward_mean": 11.873255542282777,
      "reward_std": 52.66286944796806,
      "gates_mean": 0.5,
      "gates_std": 0.5,
      "gates_max": 1,
      "gates_total": 4,
      "ep_len_mean": 4514.25,
      "crash_rate": 1.0,
      "rewards": [
        -31.649742505700488,
        17.637797999109353,
        32.33182073728017,
        89.6987472689907,
        -26.732568470051774,
        -15.982646738197218,
        -60.988100599806785,
        90.67073664663826
      ],
      "gates": [
        0,
        1,
        1,
        1,
        0,
        0,
        0,
        1
      ],
      "maneuver": "climb"
    },
    "dive": {
      "n_episodes": 8,
      "reward_mean": 86.97600479263201,
      "reward_std": 65.13634670703755,
      "gates_mean": 0.75,
      "gates_std": 0.4330127018922193,
      "gates_max": 1,
      "gates_total": 6,
      "ep_len_mean": 919.0,
      "crash_rate": 1.0,
      "rewards": [
        129.76455437174263,
        -16.711825553566996,
        118.30916965549773,
        -33.7537897589209,
        132.07075731326404,
        124.45346705847442,
        114.87436838538972,
        126.80133686917543
      ],
      "gates": [
        1,
        0,
        1,
        0,
        1,
        1,
        1,
        1
      ],
      "maneuver": "dive"
    },
    "chicane": {
      "n_episodes": 8,
      "reward_mean": 49.70818859927044,
      "reward_std": 71.50982820609704,
      "gates_mean": 0.625,
      "gates_std": 0.4841229182759271,
      "gates_max": 1,
      "gates_total": 5,
      "ep_len_mean": 2059.75,
      "crash_rate": 1.0,
      "rewards": [
        -19.31395082180211,
        100.92665026419263,
        108.21794630652519,
        -74.69325775690686,
        112.27906208967579,
        81.47982292949928,
        113.81629050904576,
        -25.047054726066108
      ],
      "gates": [
        0,
        1,
        1,
        0,
        1,
        1,
        1,
        0
      ],
      "maneuver": "chicane"
    },
    "speed_trap": {
      "n_episodes": 8,
      "reward_mean": -43.00748334784201,
      "reward_std": 84.34384193024438,
      "gates_mean": 0.125,
      "gates_std": 0.33071891388307384,
      "gates_max": 1,
      "gates_total": 1,
      "ep_len_mean": 4773.0,
      "crash_rate": 1.0,
      "rewards": [
        -209.0105714384589,
        -61.016938678104,
        -44.72508385121182,
        -70.0964693940632,
        -23.161955264949484,
        122.8791871372232,
        -32.096218541784765,
        -26.831816751387123
      ],
      "gates": [
        0,
        0,
        0,
        0,
        0,
        1,
        0,
        0
      ],
      "maneuver": "speed_trap"
    },
    "spiral": {
      "n_episodes": 8,
      "reward_mean": 31.89761997891079,
      "reward_std": 63.31936721349391,
      "gates_mean": 0.5,
      "gates_std": 0.5,
      "gates_max": 1,
      "gates_total": 4,
      "ep_len_mean": 2102.5,
      "crash_rate": 1.0,
      "rewards": [
        98.62859160176868,
        97.04849698373073,
        85.26419168412212,
        -23.578937039856385,
        -42.651482351953746,
        -19.36761673072033,
        97.95530123703884,
        -38.11758555284359
      ],
      "gates": [
        1,
        1,
        1,
        0,
        0,
        0,
        1,
        0
      ],
      "maneuver": "spiral"
    },
    "threading": {
      "n_episodes": 8,
      "reward_mean": 18.432258531707667,
      "reward_std": 63.25405924999219,
      "gates_mean": 0.375,
      "gates_std": 0.4841229182759271,
      "gates_max": 1,
      "gates_total": 3,
      "ep_len_mean": 1496.0,
      "crash_rate": 1.0,
      "rewards": [
        -26.261854340293212,
        115.23503434291456,
        -21.638366859273447,
        -26.90971085968522,
        -35.076514173963005,
        93.73852441420695,
        -40.538150942938955,
        88.90910667269367
      ],
      "gates": [
        0,
        1,
        0,
        0,
        0,
        1,
        0,
        1
      ],
      "maneuver": "threading"
    },
    "diagonal": {
      "n_episodes": 8,
      "reward_mean": 38.92071959544704,
      "reward_std": 52.145798115399934,
      "gates_mean": 0.75,
      "gates_std": 0.4330127018922193,
      "gates_max": 1,