{"type": "FeatureCollection", "features": [{"type": "Feature", "geometry": {"type": "LineString", "coordinates": [[-120.64384219597513, 46.52376663981523], [-120.6258052377956, 46.52725914007567], [-120.60747212303328, 46.531770015260776], [-120.59446088403388, 46.53566109981953], [-120.58440462441551, 46.538119235151704], [-120.57967175511973, 46.5391435758787]]}, "properties": {"fault_name": "Ahtanum Ridge structures", "age": "late Quaternary", "slip_rate": "Less than 0.2 mm/yr", "dip_direction": "S", "strike": "N88\u00b0E", "linetype": "Inferred", "total_fault_length": 59}}, {"type": "Feature", "geometry": {"type": "LineString", "coordinates": [[-120.47146680184366, 46.538185178914595], [-120.46952208400084, 46.5379566271223], [-120.46784362321499, 46.538005783242774], [-120.46726939762748, 46.53802267304068], [-120.46697830035632, 46.53805138191568], [-120.4642878613517, 46.538316479790765], [-120.46200184209142, 46.53842808717054], [-120.4600144479844, 46.538402728870864], [-120.45829165444093, 46.53858361180174], [-120.45478034840446, 46.53848767090981], [-120.45080564732696, 46.53834523485467], [-120.44832151271561, 46.53834199693701], [-120.44691076425745, 46.538383426202806], [-120.4453400626781, 46.538429473788064], [-120.44356421822722, 46.53846700204685], [-120.44229206544436, 46.53849387422422], [-120.43964178921782, 46.53869602687079], [-120.43689730307418, 46.538735162769974], [-120.4367264237442, 46.53873764000624], [-120.43416810895161, 46.538858564714985], [-120.43391078564017, 46.53887075622315], [-120.43116055926185, 46.539118329137764], [-120.42947232839894, 46.538985418057926], [-120.42553067095086, 46.53867519310263], [-120.4198345139214, 46.53809453788864], [-120.41437223327613, 46.537010582189744], [-120.40917674598207, 46.53542381371285]]}, "properties": {"fault_name": "Ahtanum Ridge structures", "age": "late Quaternary", "slip_rate": "Less than 0.2 mm/yr", "dip_direction": "S", "strike": "N88\u00b0E", "linetype": "Inferred", "total_fault_length": 59}}, {"type": "Feature", "geometry": {"type": "LineString", "coordinates": [[-120.47211367239157, 46.53840883579905], [-120.47590522315227, 46.5389427027495], [-120.47976694221815, 46.539815639831716], [-120.48475225697342, 46.54093087788039], [-120.48847384604149, 46.541658137694526], [-120.49149327415425, 46.542530589956584], [-120.49542569781953, 46.54369373382354], [-120.49851558529159, 46.54432372917323], [-120.50055213790593, 46.54442064893724], [-120.50567861392493, 46.54417823273684], [-120.51298197377868, 46.54369308815742], [-120.52098735534886, 46.54296507523152], [-120.52569235171805, 46.54291566100558], [-120.52955472924903, 46.54301163670637], [-120.53390905297567, 46.543688797103236], [-120.53798254807315, 46.544317430139486], [-120.54226659210354, 46.54465511107257], [-120.5457080478385, 46.545089880853844], [-120.54985187742945, 46.54557269790083], [-120.55378505118796, 46.54600700993083], [-120.5563835889457, 46.546102666924234], [-120.55933290983877, 46.54585890022761], [-120.56059706492067, 46.54590669180566], [-120.56228225768129, 46.545663511794764], [-120.5686715026817, 46.54449693408898], [-120.57604274103494, 46.54269943716973], [-120.58074593628197, 46.54148483721754]]}, "properties": {"fault_name": "Ahtanum Ridge structures", "age": "late Quaternary", "slip_rate": "Less than 0.2 mm/yr", "dip_direction": "S", "strike": "N88\u00b0E", "linetype": "Inferred", "total_fault_length": 59}}, {"type": "Feature", "geometry": {"type": "LineString", "coordinates": [[-120.72795500167763, 46.485034222873075], [-120.72765774286192, 46.48511430879206], [-120.72748375625939, 46.48516110294277], [-120.72417798835316, 46.484490139851474], [-120.72282125738967, 46.48448696799977], [-120.72162738739392, 46.48487277403254], [-120.72030255740279, 46.485029588230475], [-120.7188458457448, 46.48509468905793], [-120.71762222714011, 46.48500027795705], [-120.71480985171718, 46.484833186149466], [-120.71282396138994, 46.48485112975704], [-120.71120364406082, 46.48457271802994], [-120.71003552876427, 46.48432378810372], [-120.70968340803752, 46.48424876685195], [-120.70802964193882, 46.48403884126734], [-120.7071130432437, 46.48389422682289], [-120.70640946025532, 46.483783240996026], [-120.70442635560376, 46.48334376876972], [-120.7023430582553, 46.48304112187799], [-120.70217429086456, 46.483027709807246], [-120.7013364169277, 46.48296123517388], [-120.70055711674061, 46.48289936373755], [-120.69964591961535, 46.48283699800574]]}, "properties": {"fault_name": "Ahtanum Ridge structures", "age": "late Quaternary", "slip_rate": "Less than 0.2 mm/yr", "dip_direction": "N", "strike": "N88\u00b0E", "linetype": "Inferred", "total_fault_length": 59}}, {"type": "Feature", "geometry": {"type": "LineString", "coordinates": [[-120.6446568385804, 46.48696505313433], [-120.64317162876836, 46.48717180995745], [-120.64088420903451, 46.487690620254874], [-120.636839416907, 46.48859258407968], [-120.63435259633292, 46.48920208008348], [-120.63173210913952, 46.489971152967556], [-120.62993882210075, 46.490719946028676], [-120.62873445978249, 46.49120128219605], [-120.62817962433041, 46.49142308296484], [-120.62728388541454, 46.491671739825456], [-120.62669578085591, 46.49189185710569]]}, "properties": {"fault_name": "Ahtanum Ridge structures", "age": "late Quaternary", "slip_rate": "Less than 0.2 mm/yr", "dip_direction": "N", "strike": "N88\u00b0E", "linetype": "Inferred", "total_fault_length": 59}}, {"type": "Feature", "geometry": {"type": "LineString", "coordinates": [[-120.56906993695125, 46.52095074270381], [-120.57059322814482, 46.52042519627354], [-120.57248103412114, 46.51957950280239], [-120.57338733003823, 46.51890168816551], [-120.57407038562408, 46.518390684300904], [-120.57469365114126, 46.51773934907769], [-120.5752960784388, 46.517110219804216], [-120.57708378693962, 46.51548684591108], [-120.57873938470318, 46.51390920999648], [-120.58016356477148, 46.51269736690406], [-120.58165347277249, 46.51132546926497], [-120.58291123723944, 46.51013641886807], [-120.58403699697034, 46.5086957691196], [-120.58496394335921, 46.50746092125887], [-120.58628799630762, 46.50622610902896], [-120.58646058063998, 46.50611654817436]]}, "properties": {"fault_name": "Ahtanum Ridge structures", "age": "late Quaternary", "slip_rate": "Less than 0.2 mm/yr", "dip_direction": "N", "strike": "N88\u00b0E", "linetype": "Inferred", "total_fault_length": 59}}, {"type": "Feature", "geometry": {"type": "LineString", "coordinates": [[-120.49063340317105, 46.52630892105797], [-120.49142353075223, 46.52618189100385], [-120.49385550917822, 46.52579085684952], [-120.49640614696838, 46.525312880777044], [-120.4991553789117, 46.52510949778952], [-120.50042321708624, 46.52506939590971]]}, "properties": {"fault_name": "Ahtanum Ridge structures", "age": "late Quaternary", "slip_rate": "Less than 0.2 mm/yr", "dip_direction": "N", "strike": "N88\u00b0E", "linetype": "Inferred", "total_fault_length": 59}}, {"type": "Feature", "geometry": {"type": "LineString", "coordinates": [[-120.46164062322748, 46.519978773772586], [-120.46230789990535, 46.519672626256614], [-120.46393007764541, 46.51978900686087], [-120.46700774533468, 46.52061602290196], [-120.46876179665678, 46.52116701172911], [-120.47127632576579, 46.52231356710501], [-120.47340951285015, 46.52359408822825], [-120.47403255917841, 46.523968883133456], [-120.47448383774287, 46.524240548286], [-120.47491724612134, 46.5245098071283], [-120.47520322569035, 46.524647493068144], [-120.47652003103103, 46.525078466766914], [-120.47788107121298, 46.52547361497656], [-120.47868439055412, 46.52564041812639]]}, "properties": {"fault_name": "Ahtanum Ridge structures", "age": "late Quaternary", "slip_rate": "Less than 0.2 mm/yr", "dip_direction": "N", "strike": "N88\u00b0E", "linetype": "Inferred", "total_fault_length": 59}}, {"type": "Feature", "geometry": {"type": "LineString", "coordinates": [[-120.75052147213216, 46.48473300120764], [-120.7482426142413, 46.48383630089798], [-120.74667981693815, 46.4834726581127], [-120.7463584176958, 46.483397769293624], [-120.74305300642078, 46.48261295026405], [-120.7410033572679, 46.482219672063806], [-120.73998560198362, 46.482217445241936], [-120.73931570042848, 46.48221593718863], [-120.73669941285902, 46.48250726781707], [-120.73471311379834, 46.482639908833534], [-120.732791000263, 46.4830470370931], [-120.73093191522297, 46.48346300196881], [-120.73086944907304, 46.48347701083038], [-120.72954102312582, 46.48429704190866], [-120.7287658390194, 46.48475526282586], [-120.72857773359551, 46.48486644274418], [-120.72795500167763, 46.485034222873075]]}, "properties": {"fault_name": "Ahtanum Ridge structures", "age": "late Quaternary", "slip_rate": "Less than 0.2 mm/yr", "dip_direction": "N", "strike": "N88\u00b0E", "linetype": "Well Constrained", "total_fault_length": 59}}, {"type": "Feature", "geometry": {"type": "LineString", "coordinates": [[-120.69964591961535, 46.48283699800574], [-120.69897376598378, 46.48279098803941], [-120.69847295161964, 46.482756725023215], [-120.69681960593248, 46.48250087625324], [-120.69531232092062, 46.48242745270047], [-120.6948343776636, 46.482404189300425], [-120.69342468382757, 46.48256263494672], [-120.69264840736976, 46.48264989914414], [-120.6897661708655, 46.48316811979101], [-120.68804269190744, 46.48357502018406], [-120.68622234671405, 46.48352435875178], [-120.68387301958242, 46.48347212183212], [-120.68171882898837, 46.4839006138932], [-120.679299146702, 46.48448844506336], [-120.67704396660541, 46.48516809169219], [-120.67498975311258, 46.48555105510761], [-120.67308252106827, 46.48581610116315], [-120.67257111197365, 46.48588722976339], [-120.67009025711138, 46.48569719722694], [-120.66724645322991, 46.485277467761094], [-120.66424708988734, 46.484929446947504], [-120.66360870033404, 46.484855380925275], [-120.66145927799752, 46.484620382305806], [-120.65761984164227, 46.48460903529246], [-120.65520236471994, 46.48485340471662], [-120.65185216524146, 46.48589506579166], [-120.64953268104188, 46.4862538432214], [-120.64751173126574, 46.486544917810654], [-120.64638521425502, 46.486724440132036], [-120.64556073958896, 46.48683921018232], [-120.6446568385804, 46.48696505313433]]}, "properties": {"fault_name": "Ahtanum Ridge structures", "age": "late Quaternary", "slip_rate": "Less than 0.2 mm/yr", "dip_direction": "N", "strike": "N88\u00b0E", "linetype": "Well Constrained", "total_fault_length": 59}}, {"type": "Feature", "geometry": {"type": "LineString", "coordinates": [[-120.61145881931472, 46.49630676026649], [-120.61179255961245, 46.495919097246706], [-120.61262242596686, 46.49567045485814], [-120.61368317731561, 46.49546819526758], [-120.61460984612505, 46.49547129598012], [-120.61486151364346, 46.495482954880266], [-120.6156691350165, 46.49552053074468], [-120.61679239922753, 46.495775783976676], [-120.61847669457119, 46.49633020385989], [-120.61999637992722, 46.496723924236846], [-120.62115407835974, 46.49681919311119], [-120.62201903740072, 46.49629613798393], [-120.62305225179274, 46.49533919891432], [-120.62319890176288, 46.49522198303879], [-120.62441765778696, 46.494246062926734], [-120.62488112199823, 46.493767041898444], [-120.62669578085591, 46.49189185710569], [-120.62522599871053, 46.492442348021974], [-120.6238327368577, 46.49282657688585], [-120.62221037765794, 46.492866972819435], [-120.62062319468808, 46.492655967295875], [-120.61946632899382, 46.49244637595659], [-120.61928224442917, 46.4924675638897], [-120.61714714932312, 46.492713058827164], [-120.61643662505253, 46.4928045362621], [-120.61558964938521, 46.49291362671792], [-120.6136999856929, 46.49329600622183], [-120.61359135781548, 46.49332739182327], [-120.61224217539528, 46.49371691995325], [-120.61174267526641, 46.49386111929244], [-120.60998026601892, 46.49486125119355], [-120.60907656802962, 46.49616149510117], [-120.60740006107947, 46.496989003043815], [-120.6072820431124, 46.497047128308175], [-120.60474595263996, 46.49796075179259]]}, "properties": {"fault_name": "Ahtanum Ridge structures", "age": "late Quaternary", "slip_rate": "Less than 0.2 mm/yr", "dip_direction": "N", "strike": "N88\u00b0E", "linetype": "Well Constrained", "total_fault_length": 59}}, {"type": "Feature", "geometry": {"type": "LineString", "coordinates": [[-120.60474595263996, 46.49796075179259], [-120.60283882390188, 46.49790078472255], [-120.60108266243718, 46.498146237818965], [-120.60002565077497, 46.498276566304085], [-120.5994589324083, 46.49834638805464], [-120.5980333644429, 46.49861567070581], [-120.59736917527465, 46.49886492294687]]}, "properties": {"fault_name": "Ahtanum Ridge structures", "age": "late Quaternary", "slip_rate": "Less than 0.2 mm/yr", "dip_direction": "N", "strike": "N88\u00b0E", "linetype": "Well Constrained", "total_fault_length": 59}}, {"type": "Feature", "geometry": {"type": "LineString", "coordinates": [[-120.60474595263996, 46.49796075179259], [-120.60432731436133, 46.498111698782516], [-120.60213632787496, 46.498881583132054], [-120.60080752194038, 46.49940283991563], [-120.59977191623307, 46.49985167176906]]}, "properties": {"fault_name": "Ahtanum Ridge structures", "age": "late Quaternary", "slip_rate": "Less than 0.2 mm/yr", "dip_direction": "N", "strike": "N88\u00b0E", "linetype": "Well Constrained", "total_fault_length": 59}}, {"type": "Feature", "geometry": {"type": "LineString", "coordinates": [[-120.58669069487979, 46.505970779959114], [-120.58790967907593, 46.50519723177927], [-120.58996486274926, 46.503983320942844], [-120.59042557991242, 46.50371096525125], [-120.5915283535518, 46.50326353607718], [-120.59307359418104, 46.50263629393139], [-120.59527462742557, 46.50177531219805], [-120.59582127832712, 46.50156156303077], [-120.59774117032876, 46.500921259034094], [-120.59838775970394, 46.50053422500465], [-120.59952819521165, 46.49985154191319]]}, "properties": {"fault_name": "Ahtanum Ridge structures", "age": "late Quaternary", "slip_rate": "Less than 0.2 mm/yr", "dip_direction": "N", "strike": "N88\u00b0E", "linetype": "Well Constrained", "total_fault_length": 59}}, {"type": "Feature", "geometry": {"type": "LineString", "coordinates": [[-120.47868439055412, 46.52564041812639], [-120.47876794465532, 46.525657767285956], [-120.47944924403477, 46.525799286033795], [-120.482562549688, 46.52568822997388], [-120.48574186264997, 46.52569149893132], [-120.48602739934955, 46.525756747009176], [-120.48619574093884, 46.525795157971054], [-120.4883568979679, 46.5262887370634], [-120.49017847564991, 46.526382057304104], [-120.49063340317105, 46.52630892105797]]}, "properties": {"fault_name": "Ahtanum Ridge structures", "age": "late Quaternary", "slip_rate": "Less than 0.2 mm/yr", "dip_direction": "N", "strike": "N88\u00b0E", "linetype": "Well Constrained", "total_fault_length": 59}}, {"type": "Feature", "geometry": {"type": "LineString", "coordinates": [[-120.41355801737062, 46.49985327888957], [-120.41411114063375, 46.50038182727689], [-120.4151752894109, 46.50139878124898], [-120.41613233924325, 46.50236105871835], [-120.41728903874916, 46.502957560271284], [-120.41857907519271, 46.50337136025302], [-120.42079603107565, 46.503718007884046], [-120.42308008482212, 46.50367577927953], [-120.42417190171, 46.50388337408121], [-120.42575964433027, 46.504457623935416], [-120.42741285616846, 46.50510061917589], [-120.42913174473536, 46.506040988153394], [-120.43055288670138, 46.50693513306759], [-120.43106824838324, 46.507284218715164], [-120.43197399003984, 46.5078979011364], [-120.43266639888441, 46.50881386417235], [-120.43277307112945, 46.50886774172454], [-120.4342536016172, 46.5096167957802], [-120.43451705682878, 46.509756970816696], [-120.43462769783076, 46.50981599187415], [-120.43567508404469, 46.510373595970876], [-120.43713090277728, 46.51109517601585], [-120.43752835698486, 46.511292147242486], [-120.43775809842381, 46.51140590286402], [-120.43950975214241, 46.51268924974028], [-120.4402361855767, 46.513536628728616], [-120.44066255026505, 46.515023979823795], [-120.44079268381037, 46.51589340993639], [-120.44128457880207, 46.51788398479635], [-120.44177584137982, 46.52003471779709], [-120.44180671557784, 46.52088104393909], [-120.44180565736241, 46.52140711692164], [-120.44206868138266, 46.52202510077255], [-120.44259752677692, 46.5225061091372], [-120.44368915771358, 46.52285071183266], [-120.44474875742213, 46.522966573226064], [-120.44560999923446, 46.52280759628422], [-120.44680326735897, 46.52232887325235], [-120.44859365912757, 46.521576531726986], [-120.44975347758412, 46.52123495899904], [-120.45054795031636, 46.52128175173955], [-120.45130822777898, 46.5218088370173], [-120.4515051528623, 46.52260964074504], [-120.45170212286139, 46.523364685104106], [-120.4525281686809, 46.52425778725566], [-120.45358641193337, 46.524853876693655], [-120.45441337223785, 46.52531241413304], [-120.45500926429168, 46.525358923993664], [-120.45689967717895, 46.52433201594302], [-120.45898894832403, 46.5229165282648], [-120.46038424755596, 46.52101976391928], [-120.46101493585229, 46.520265790949416], [-120.46118580889404, 46.5201874399619], [-120.46164062322748, 46.519978773772586]]}, "properties": {"fault_name": "Ahtanum Ridge structures", "age": "late Quaternary", "slip_rate": "Less than 0.2 mm/yr", "dip_direction": "N", "strike": "N88\u00b0E", "linetype": "Well Constrained", "total_fault_length": 59}}, {"type": "Feature", "geometry": {"type": "LineString", "coordinates": [[-120.5053703758998, 46.53396113621038], [-120.50470391129895, 46.534037822291324], [-120.50392636013173, 46.53403785195399], [-120.50337095784269, 46.533884555076696], [-120.50186027989402, 46.53350130419254], [-120.50079393204105, 46.533194687200734], [-120.49999417901161, 46.53302604279142], [-120.49955072118001, 46.53304913869262]]}, "properties": {"fault_name": "Ahtanum Ridge structures", "age": "late Quaternary", "slip_rate": "Less than 0.2 mm/yr", "dip_direction": "N", "strike": "N88\u00b0E", "linetype": "Inferred", "total_fault_length": 59}}, {"type": "Feature", "geometry": {"type": "LineString", "coordinates": [[-120.50112726001207, 46.53791677201163], [-120.4992387883841, 46.53808542100682], [-120.49886170976384, 46.538119358118905]]}, "properties": {"fault_name": "Ahtanum Ridge structures", "age": "late Quaternary", "slip_rate": "Less than 0.2 mm/yr", "dip_direction": "N", "strike": "N88\u00b0E", "linetype": "Inferred", "total_fault_length": 59}}, {"type": "Feature", "geometry": {"type": "LineString", "coordinates": [[-120.48126675773842, 46.5327792028415], [-120.48048922723247, 46.53277907306435], [-120.47937853674046, 46.532594901020104], [-120.47857879179584, 46.532594753938795], [-120.47773461617726, 46.53259459326175]]}, "properties": {"fault_name": "Ahtanum Ridge structures", "age": "late Quaternary", "slip_rate": "Less than 0.2 mm/yr", "dip_direction": "N", "strike": "N88\u00b0E", "linetype": "Inferred", "total_fault_length": 59}}, {"type": "Feature", "geometry": {"type": "LineString", "coordinates": [[-120.47453974978444, 46.535174590069055], [-120.474067965377, 46.53501619018835], [-120.47173569455768, 46.53420307028369], [-120.47064732001395, 46.533834840902394], [-120.46949242522344, 46.533267275296225], [-120.46881257662314, 46.53298844897395]]}, "properties": {"fault_name": "Ahtanum Ridge structures", "age": "late Quaternary", "slip_rate": "Less than 0.2 mm/yr", "dip_direction": "N", "strike": "N88\u00b0E", "linetype": "Inferred", "total_fault_length": 59}}, {"type": "Feature", "geometry": {"type": "LineString", "coordinates": [[-120.45494222571698, 46.5321892622677], [-120.45307644732974, 46.53186655017468], [-120.4524432033264, 46.53174790699489]]}, "properties": {"fault_name": "Ahtanum Ridge structures", "age": "late Quaternary", "slip_rate": "Less than 0.2 mm/yr", "dip_direction": "N", "strike": "N88\u00b0E", "linetype": "Inferred", "total_fault_length": 59}}, {"type": "Feature", "geometry": {"type": "LineString", "coordinates": [[-120.40438995081976, 46.52095059620912], [-120.40269080901939, 46.52076541978434], [-120.40080313060386, 46.52065647669133], [-120.39977124302351, 46.520637073760646]]}, "properties": {"fault_name": "Ahtanum Ridge structures", "age": "late Quaternary", "slip_rate": "Less than 0.2 mm/yr", "dip_direction": "N", "strike": "N88\u00b0E", "linetype": "Inferred", "total_fault_length": 59}}, {"type": "Feature", "geometry": {"type": "LineString", "coordinates": [[-120.49955072118001, 46.53304913869262], [-120.49881676525352, 46.53308736281081], [-120.49755048924925, 46.533133337021376], [-120.49566218470794, 46.53313328078499], [-120.49366280168515, 46.53314851899564], [-120.49201885596912, 46.53320974308958], [-120.4906859564118, 46.533071658005646], [-120.48955302542998, 46.5328109246995], [-120.48857555868786, 46.53279549976221], [-120.48742036924992, 46.53279537925486], [-120.48610966975822, 46.53279522723022], [-120.4852654806649, 46.53284111517003], [-120.48366599077565, 46.532810235026886], [-120.48164441667039, 46.53277926525815], [-120.48126675773842, 46.5327792028415]]}, "properties": {"fault_name": "Ahtanum Ridge structures", "age": "late Quaternary", "slip_rate": "Less than 0.2 mm/yr", "dip_direction": "N", "strike": "N88\u00b0E", "linetype": "Well Constrained", "total_fault_length": 59}}, {"type": "Feature", "geometry": {"type": "LineString", "coordinates": [[-120.49886170976384, 46.538119358118905], [-120.49821678496686, 46.538177399237995], [-120.49706147784963, 46.53819270585884], [-120.49552847137623, 46.53826931304923], [-120.49415099292293, 46.53823858923791], [-120.49319566785594, 46.53802389591793], [-120.49230699957965, 46.53785519297185], [-120.491040659795, 46.53757913382313], [-120.49035193583968, 46.537533084280874], [-120.48957433077356, 46.5375636781077], [-120.48848565709086, 46.53771688797599], [-120.48775248180037, 46.53774747613785], [-120.48646391140736, 46.53762467785841], [-120.4856863270025, 46.5375632572959], [-120.48404234176058, 46.53727174210037], [-120.48282045870101, 46.53710291879139], [-120.48073222061849, 46.536657974275315], [-120.47911049473103, 46.53639705426534], [-120.47773321121214, 46.53602883914272]]}, "properties": {"fault_name": "Ahtanum Ridge structures", "age": "late Quaternary", "slip_rate": "Less than 0.2 mm/yr", "dip_direction": "N", "strike": "N88\u00b0E", "linetype": "Well Constrained", "total_fault_length": 59}}, {"type": "Feature", "geometry": {"type": "LineString", "coordinates": [[-120.47773461617726, 46.53259459326175], [-120.47764575572766, 46.5325945747221], [-120.47693492962313, 46.53245644975865], [-120.47584639877252, 46.53244089370671], [-120.47484671310016, 46.53245600974958], [-120.47415803765391, 46.53247118882328]]}, "properties": {"fault_name": "Ahtanum Ridge structures", "age": "late Quaternary", "slip_rate": "Less than 0.2 mm/yr", "dip_direction": "N", "strike": "N88\u00b0E", "linetype": "Well Constrained", "total_fault_length": 59}}, {"type": "Feature", "geometry": {"type": "LineString", "coordinates": [[-120.47753325700968, 46.536044132156384], [-120.47691122577771, 46.535967350036536], [-120.47566728817961, 46.535553143192274], [-120.47453974978444, 46.535174590069055]]}, "properties": {"fault_name": "Ahtanum Ridge structures", "age": "late Quaternary", "slip_rate": "Less than 0.2 mm/yr", "dip_direction": "N", "strike": "N88\u00b0E", "linetype": "Well Constrained", "total_fault_length": 59}}, {"type": "Feature", "geometry": {"type": "LineString", "coordinates": [[-120.46881257662314, 46.53298844897395], [-120.46807098142352, 46.53268429114935], [-120.46629421440281, 46.53196320171823], [-120.46476179542762, 46.53133414877378], [-120.4637401468449, 46.530996537019256], [-120.46222964766095, 46.5308733959292], [-120.46023028170613, 46.530964705950254], [-120.45927496921553, 46.5310870217955], [-120.4584086016162, 46.53108670970258], [-120.4570980440583, 46.53096357314305], [-120.45612080458994, 46.530717899274194], [-120.45498823922246, 46.530272846202806], [-120.454366614029, 46.529827987251025], [-120.45332272944802, 46.5296282551401], [-120.45285634301713, 46.52950541316152], [-120.45245666637756, 46.529305936963276], [-120.45163481119886, 46.529244267197456], [-120.45036890619878, 46.52893709528381], [-120.44963596986014, 46.52881412319149], [-120.44919179876622, 46.528706605971244], [-120.44819220292541, 46.528690825735346], [-120.44730381133022, 46.52853710524426], [-120.44606025282118, 46.52813790520367], [-120.44486127590304, 46.527600731788695], [-120.44432849229455, 46.527278512829206], [-120.44355108575608, 46.5272321368747], [-120.44272917488185, 46.52726239101518]]}, "properties": {"fault_name": "Ahtanum Ridge structures", "age": "late Quaternary", "slip_rate": "Less than 0.2 mm/yr", "dip_direction": "N", "strike": "N88\u00b0E", "linetype": "Well Constrained", "total_fault_length": 59}}, {"type": "Feature", "geometry": {"type": "LineString", "coordinates": [[-120.4524432033264, 46.53174790699489], [-120.45201030968256, 46.53166679898631], [-120.45087757902503, 46.53142101273198], [-120.44914536574753, 46.53085299176567], [-120.44767984880312, 46.530193077086096], [-120.44592548037572, 46.52964032697028], [-120.44490410398252, 46.52917989410942], [-120.4438383993233, 46.528642774879536], [-120.44217293895623, 46.52812067302763], [-120.44117365483079, 46.527828864870166], [-120.44039627703843, 46.52775180414018], [-120.4397298834045, 46.527751454945495], [-120.43828623684398, 46.52756670713904], [-120.43688717007777, 46.52725931374758], [-120.43588805573394, 46.52686014016327], [-120.4344671940423, 46.52623074195344], [-120.43280205078051, 46.525585851985866], [-120.43133656258222, 46.525171031947124], [-120.42884935034267, 46.524755559140964], [-120.42707301002174, 46.52429449522237], [-120.42545203692247, 46.52394082569458], [-120.42358671577772, 46.52361763192943], [-120.42192129583482, 46.523309876239004], [-120.41887866423826, 46.523093115085295], [-120.41683565183875, 46.52281567979544], [-120.41481518176298, 46.52233891622871], [-120.41341633059241, 46.52206189678309], [-120.41186187324836, 46.521876729708936], [-120.41050744556526, 46.521615040834035], [-120.40910845605416, 46.521445291130206], [-120.40691002972059, 46.52119821682285], [-120.40564432594316, 46.5210285331918], [-120.40453391303056, 46.52096628473921], [-120.40438995081976, 46.52095059620912]]}, "properties": {"fault_name": "Ahtanum Ridge structures", "age": "late Quaternary", "slip_rate": "Less than 0.2 mm/yr", "dip_direction": "N", "strike": "N88\u00b0E", "linetype": "Well Constrained", "total_fault_length": 59}}, {"type": "Feature", "geometry": {"type": "LineString", "coordinates": [[-120.40917907800855, 46.51905363280082], [-120.40780255087112, 46.51877656322452], [-120.40433860042317, 46.51835976379844], [-120.40120733924405, 46.51821911704621], [-120.39880899733558, 46.518079034922515], [-120.39641017123515, 46.518199537071695], [-120.39336711293882, 46.518396046754056], [-120.39119007998376, 46.518654630107825], [-120.38930159398276, 46.51899011118271], [-120.3883464243243, 46.51906583802723]]}, "properties": {"fault_name": "Ahtanum Ridge structures", "age": "late Quaternary", "slip_rate": "Less than 0.2 mm/yr", "dip_direction": "N", "strike": "N88\u00b0E", "linetype": "Well Constrained", "total_fault_length": 59}}, {"type": "Feature", "geometry": {"type": "LineString", "coordinates": [[-120.39977124302351, 46.520637073760646], [-120.39909299791601, 46.52062431628358], [-120.39493968570892, 46.52062057291943]]}, "properties": {"fault_name": "Ahtanum Ridge structures", "age": "late Quaternary", "slip_rate": "Less than 0.2 mm/yr", "dip_direction": "N", "strike": "N88\u00b0E", "linetype": "Well Constrained", "total_fault_length": 59}}, {"type": "Feature", "geometry": {"type": "LineString", "coordinates": [[-120.40592902900615, 46.498200451212014], [-120.40612141580065, 46.49802965008619], [-120.40618057255703, 46.49797699670178], [-120.40661448039886, 46.49763628978838], [-120.4073805555883, 46.49722866778824], [-120.40814596961772, 46.49691247615379], [-120.40857630216469, 46.4969147060845], [-120.40903820869727, 46.497031361757514], [-120.40946678683449, 46.49719366375708], [-120.40999642993272, 46.49717351594471], [-120.41036250239415, 46.49701535588406], [-120.41092535980174, 46.49701819492799], [-120.41145032267734, 46.4974325051426], [-120.4115428778977, 46.49759342508711], [-120.41187252636932, 46.49816637228494], [-120.41229481540122, 46.49885447678184], [-120.4131795858875, 46.49963642416452], [-120.41379344334868, 46.500050961773475]]}, "properties": {"fault_name": "Ahtanum Ridge structures", "age": "late Quaternary", "slip_rate": "Less than 0.2 mm/yr", "dip_direction": "N", "strike": "N88\u00b0E", "linetype": "Well Constrained", "total_fault_length": 59}}, {"type": "Feature", "geometry": {"type": "LineString", "coordinates": [[-120.44028950687702, 46.531469155066304], [-120.4386019380725, 46.53094056102197], [-120.4350939575992, 46.52974619717019], [-120.43281152441351, 46.52880507829739], [-120.42973432744144, 46.52765681876775], [-120.42688803881991, 46.526989195225205], [-120.42420772382859, 46.526298901065644], [-120.42248732788862, 46.52567869628605]]}, "properties": {"fault_name": "Ahtanum Ridge structures", "age": "late Quaternary", "slip_rate": "Less than 0.2 mm/yr", "dip_direction": "S", "strike": "N88\u00b0E", "linetype": "Well Constrained", "total_fault_length": 59}}, {"type": "Feature", "geometry": {"type": "LineString", "coordinates": [[-120.50652564079623, 46.534375025202486], [-120.5036375868022, 46.534482473730925], [-120.50268478959438, 46.53455863689419]]}, "properties": {"fault_name": "Ahtanum Ridge structures", "age": "late Quaternary", "slip_rate": "Less than 0.2 mm/yr", "dip_direction": "S", "strike": "N88\u00b0E", "linetype": "Inferred", "total_fault_length": 59}}, {"type": "Feature", "geometry": {"type": "LineString", "coordinates": [[-120.48069008873337, 46.53401283396085], [-120.4805998601496, 46.53402094114152], [-120.48022223265866, 46.533913555969164], [-120.47928926576076, 46.533668088252945], [-120.47808973817536, 46.53339189781746], [-120.47791785632553, 46.5333700133025]]}, "properties": {"fault_name": "Ahtanum Ridge structures", "age": "late Quaternary", "slip_rate": "Less than 0.2 mm/yr", "dip_direction": "S", "strike": "N88\u00b0E", "linetype": "Inferred", "total_fault_length": 59}}, {"type": "Feature", "geometry": {"type": "LineString", "coordinates": [[-120.47262098786345, 46.535217344183344], [-120.47202406813692, 46.53504637201743], [-120.47038039910201, 46.53444803070234], [-120.46882563004253, 46.53384969021034], [-120.46808734693134, 46.53353026573907]]}, "properties": {"fault_name": "Ahtanum Ridge structures", "age": "late Quaternary", "slip_rate": "Less than 0.2 mm/yr", "dip_direction": "S", "strike": "N88\u00b0E", "linetype": "Inferred", "total_fault_length": 59}}, {"type": "Feature", "geometry": {"type": "LineString", "coordinates": [[-120.45381652976643, 46.53234979319456], [-120.45233556269746, 46.53230830123415], [-120.45129332742336, 46.532086499161935]]}, "properties": {"fault_name": "Ahtanum Ridge structures", "age": "late Quaternary", "slip_rate": "Less than 0.2 mm/yr", "dip_direction": "S", "strike": "N88\u00b0E", "linetype": "Inferred", "total_fault_length": 59}}, {"type": "Feature", "geometry": {"type": "LineString", "coordinates": [[-120.52842292205962, 46.534088897053394], [-120.52771200971682, 46.534073741296815], [-120.52666794008289, 46.53421197214571], [-120.52542394768757, 46.53441156504272], [-120.52431325719554, 46.534641778015825], [-120.52338023909368, 46.53476462506236], [-120.52280267356997, 46.53488739273178], [-120.52211397656414, 46.534887529301514], [-120.52075876016023, 46.534795793919166], [-120.51951459798327, 46.53461203595343], [-120.51860364340311, 46.53432088929116]]}, "properties": {"fault_name": "Ahtanum Ridge structures", "age": "late Quaternary", "slip_rate": "Less than 0.2 mm/yr", "dip_direction": "S", "strike": "N88\u00b0E", "linetype": "Well Constrained", "total_fault_length": 59}}, {"type": "Feature", "geometry": {"type": "LineString", "coordinates": [[-120.51720397925723, 46.53410646907415], [-120.516226452328, 46.53399929170969], [-120.51587099256335, 46.53396867795347], [-120.51551554717172, 46.53398405806354]]}, "properties": {"fault_name": "Ahtanum Ridge structures", "age": "late Quaternary", "slip_rate": "Less than 0.2 mm/yr", "dip_direction": "S", "strike": "N88\u00b0E", "linetype": "Well Constrained", "total_fault_length": 59}}, {"type": "Feature", "geometry": {"type": "LineString", "coordinates": [[-120.50268478959438, 46.53455863689419], [-120.50152708038208, 46.534651169234394], [-120.4988833771285, 46.534773825308896], [-120.49595085922283, 46.53480442192617], [-120.49390697905072, 46.534865657130574], [-120.49255179678278, 46.53488090721442], [-120.49121881997034, 46.53495747025813], [-120.49035238679397, 46.53498806306418], [-120.48933048578465, 46.53478866323674], [-120.48850854436768, 46.53454327981167], [-120.48719790236814, 46.53412919126126], [-120.48608717684182, 46.53388375727228], [-120.48442102926356, 46.53379155424115], [-120.48286592692912, 46.53382199382835], [-120.48111083715456, 46.53397503195157], [-120.48069008873337, 46.53401283396085]]}, "properties": {"fault_name": "Ahtanum Ridge structures", "age": "late Quaternary", "slip_rate": "Less than 0.2 mm/yr", "dip_direction": "S", "strike": "N88\u00b0E", "linetype": "Well Constrained", "total_fault_length": 59}}, {"type": "Feature", "geometry": {"type": "LineString", "coordinates": [[-120.47791785632553, 46.5333700133025], [-120.4764014570068, 46.533176920838585], [-120.47486857360262, 46.53322258907248], [-120.47386887535384, 46.53323769624607]]}, "properties": {"fault_name": "Ahtanum Ridge structures", "age": "late Quaternary", "slip_rate": "Less than 0.2 mm/yr", "dip_direction": "S", "strike": "N88\u00b0E", "linetype": "Well Constrained", "total_fault_length": 59}}, {"type": "Feature", "geometry": {"type": "LineString", "coordinates": [[-120.47384554071603, 46.535568071746596], [-120.47262098786345, 46.535217344183344]]}, "properties": {"fault_name": "Ahtanum Ridge structures", "age": "late Quaternary", "slip_rate": "Less than 0.2 mm/yr", "dip_direction": "S", "strike": "N88\u00b0E", "linetype": "Well Constrained", "total_fault_length": 59}}, {"type": "Feature", "geometry": {"type": "LineString", "coordinates": [[-120.46808734693134, 46.53353026573907], [-120.46680454012919, 46.53297522720119], [-120.46529427989714, 46.532376850706584], [-120.46422832191298, 46.53182459002105], [-120.46331768892972, 46.53156366718175], [-120.46222922185952, 46.53148665501052], [-120.46096300783897, 46.5314555670667], [-120.45958552758906, 46.53168506024165]]}, "properties": {"fault_name": "Ahtanum Ridge structures", "age": "late Quaternary", "slip_rate": "Less than 0.2 mm/yr", "dip_direction": "S", "strike": "N88\u00b0E", "linetype": "Well Constrained", "total_fault_length": 59}}, {"type": "Feature", "geometry": {"type": "LineString", "coordinates": [[-120.45947443203957, 46.53171568393709], [-120.45829699043372, 46.5317919171064], [-120.45765274925465, 46.53180701108202], [-120.45698631609486, 46.53179143074217], [-120.4562088862002, 46.53168381620964], [-120.4554760118453, 46.53142289702008], [-120.45476525580939, 46.53128463373395], [-120.45383243893014, 46.53105428910855], [-120.4530108343814, 46.530670667839566], [-120.45263337667204, 46.53045587290914], [-120.45227806872266, 46.530317741270416], [-120.45076778243944, 46.53001047221858], [-120.4500793558265, 46.52978020005997], [-120.44921334036674, 46.52942719477775], [-120.44836925907127, 46.529380821893795], [-120.44736969556979, 46.52931903973227], [-120.44663668556932, 46.52927270569166], [-120.44585938593039, 46.529088362923765], [-120.44512669034026, 46.52873539022712], [-120.44419417619326, 46.52829032400122], [-120.44350583222534, 46.52802935080891], [-120.4431726327134, 46.528029185174034]]}, "properties": {"fault_name": "Ahtanum Ridge structures", "age": "late Quaternary", "slip_rate": "Less than 0.2 mm/yr", "dip_direction": "S", "strike": "N88\u00b0E", "linetype": "Well Constrained", "total_fault_length": 59}}, {"type": "Feature", "geometry": {"type": "LineString", "coordinates": [[-120.45129332742336, 46.532086499161935], [-120.45118060412659, 46.53206250984902], [-120.4493446102809, 46.531591545789496], [-120.44721261076933, 46.53095688012465], [-120.44490313470031, 46.530138111953974], [-120.44277145858224, 46.52929894276184], [-120.44111342818088, 46.528746168713845], [-120.44004731299158, 46.52862296195444], [-120.43827062681927, 46.52827450285387], [-120.43702698476692, 46.528008077847645], [-120.43572436382455, 46.52753718678888], [-120.43436255378643, 46.52704580570752], [-120.43359283323355, 46.52677961509799], [-120.43211233867841, 46.52649255816551], [-120.43051355217005, 46.526082758157635], [-120.42852985373207, 46.5256113689334], [-120.42601324232824, 46.525037390778586], [-120.4239110444262, 46.52464761297549], [-120.42115760118087, 46.52407337122263], [-120.41932165225096, 46.523928994887974], [-120.41724900532853, 46.52364132581637], [-120.41562029144646, 46.52355836688033], [-120.41372546513618, 46.52320943706091], [-120.41153461699035, 46.52279892186814], [-120.40854454941434, 46.522183307988385], [-120.4057908249963, 46.52193576789184], [-120.40487310161048, 46.52175102997562]]}, "properties": {"fault_name": "Ahtanum Ridge structures", "age": "late Quaternary", "slip_rate": "Less than 0.2 mm/yr", "dip_direction": "S", "strike": "N88\u00b0E", "linetype": "Well Constrained", "total_fault_length": 59}}, {"type": "Feature", "geometry": {"type": "LineString", "coordinates": [[-120.40438113295691, 46.51943300605528], [-120.40293760856729, 46.51937046277673], [-120.40129434107932, 46.51923107284815], [-120.40069465184678, 46.519245884115186]]}, "properties": {"fault_name": "Ahtanum Ridge structures", "age": "late Quaternary", "slip_rate": "Less than 0.2 mm/yr", "dip_direction": "S", "strike": "N88\u00b0E", "linetype": "Well Constrained", "total_fault_length": 59}}, {"type": "Feature", "geometry": {"type": "LineString", "coordinates": [[-120.95183789336534, 46.489103746268185], [-120.95144389587496, 46.48695426326703], [-120.95035529765075, 46.48475876001016], [-120.94880467611296, 46.48194574074265], [-120.9476503149217, 46.479270060825044], [-120.94723237912568, 46.47798378092332], [-120.94695903436113, 46.47714332129161], [-120.94633330925674, 46.47519953823776], [-120.94550990628078, 46.472981268190885], [-120.94494837478656, 46.47220354174165]]}, "properties": {"fault_name": "Ahtanum Ridge structures", "age": "late Quaternary", "slip_rate": "Less than 0.2 mm/yr", "dip_direction": "Unspecified", "strike": "N88\u00b0E", "linetype": "Well Constrained", "total_fault_length": 59}}, {"type": "Feature", "geometry": {"type": "LineString", "coordinates": [[-120.91915543610585, 46.4958772960875], [-120.9154201073055, 46.493428236884995], [-120.91079243701766, 46.49047529681695], [-120.90550498200145, 46.48715576901981], [-120.89949094532889, 46.4831266713023], [-120.89678159139768, 46.48143232588001], [-120.8953605680093, 46.48063077808594]]}, "properties": {"fault_name": "Ahtanum Ridge structures", "age": "late Quaternary", "slip_rate": "Less than 0.2 mm/yr", "dip_direction": "Unspecified", "strike": "N88\u00b0E", "linetype": "Well Constrained", "total_fault_length": 59}}, {"type": "Feature", "geometry": {"type": "LineString", "coordinates": [[-120.54050031381215, 46.54186603228832], [-120.53863354907472, 46.54133518775444], [-120.53715209332222, 46.541029049991], [-120.53534466230934, 46.540539016264404], [-120.533626125882, 46.540028485949044], [-120.531848446173, 46.53964060024039], [-120.52971540461569, 46.5394367537096], [-120.52799716732736, 46.539334978147146], [-120.52651602508689, 46.53943754092795], [-120.52382034890422, 46.53966299509216], [-120.5221614462387, 46.53976553871615], [-120.52008792615383, 46.540215645055284], [-120.5184882332453, 46.54027724119097], [-120.5174218234086, 46.54048182728077], [-120.51668130528897, 46.54078856687035], [-120.51564450572064, 46.54101357424922], [-120.51457799886589, 46.54095238923014]]}, "properties": {"fault_name": "Ahtanum Ridge structures", "age": "late Quaternary", "slip_rate": "Less than 0.2 mm/yr", "dip_direction": "Unspecified", "strike": "N88\u00b0E", "linetype": "Inferred", "total_fault_length": 59}}, {"type": "Feature", "geometry": {"type": "LineString", "coordinates": [[-120.50190490640068, 46.53905128909075], [-120.50008304934265, 46.53932726969512], [-120.49947990069796, 46.539407588930764]]}, "properties": {"fault_name": "Ahtanum Ridge structures", "age": "late Quaternary", "slip_rate": "Less than 0.2 mm/yr", "dip_direction": "Unspecified", "strike": "N88\u00b0E", "linetype": "Inferred", "total_fault_length": 59}}, {"type": "Feature", "geometry": {"type": "LineString", "coordinates": [[-120.50108283472801, 46.538361384893136], [-120.49979421941923, 46.538545366835294], [-120.49886171784868, 46.53859684024201]]}, "properties": {"fault_name": "Ahtanum Ridge structures", "age": "late Quaternary", "slip_rate": "Less than 0.2 mm/yr", "dip_direction": "Unspecified", "strike": "N88\u00b0E", "linetype": "Inferred", "total_fault_length": 59}}, {"type": "Feature", "geometry": {"type": "LineString", "coordinates": [[-120.4702688741578, 46.5352605691482], [-120.46864753274924, 46.5344935631505], [-120.46780353769205, 46.534140704063134], [-120.46749897287813, 46.53405101599663]]}, "properties": {"fault_name": "Ahtanum Ridge structures", "age": "late Quaternary", "slip_rate": "Less than 0.2 mm/yr", "dip_direction": "Unspecified", "strike": "N88\u00b0E", "linetype": "Inferred", "total_fault_length": 59}}, {"type": "Feature", "geometry": {"type": "LineString", "coordinates": [[-120.46920214272423, 46.535888875857836], [-120.4681360203484, 46.53542864118841], [-120.46680339028565, 46.53486099830883], [-120.46679901728685, 46.5348584189318]]}, "properties": {"fault_name": "Ahtanum Ridge structures", "age": "late Quaternary", "slip_rate": "Less than 0.2 mm/yr", "dip_direction": "Unspecified", "strike": "N88\u00b0E", "linetype": "Inferred", "total_fault_length": 59}}, {"type": "Feature", "geometry": {"type": "LineString", "coordinates": [[-120.54093302419965, 46.5416093667342], [-120.54019961714381, 46.541356658781226], [-120.5398496128479, 46.541276291143966], [-120.53909948455136, 46.54093159278349], [-120.538232752236, 46.540632923121684], [-120.53749948891058, 46.54055267490325], [-120.53658288841888, 46.54041498973468], [-120.53619963567763, 46.540438109063054], [-120.53574962733099, 46.5403002678929], [-120.53439955288376, 46.539806242091366], [-120.532799540175, 46.53928927612494], [-120.53123296904933, 46.538921760940575], [-120.53084970103674, 46.53889886712414], [-120.53026648780482, 46.5388990228392], [-120.52943325366641, 46.53877275569891], [-120.52898331628668, 46.5387153788612], [-120.52835011360585, 46.53871553704847], [-120.52768366607299, 46.53887668081319], [-120.52695056444435, 46.53903783707589], [-120.52603411217463, 46.539107039840346], [-120.52455108167544, 46.53911886672328], [-120.52331800291249, 46.53914212192672], [-120.52220157577908, 46.53918833879485], [-120.52180166737413, 46.53921141230203], [-120.5212851540521, 46.53934949289668], [-120.52101862031402, 46.53955651828121], [-120.5205021078903, 46.53970609293671], [-120.51941901633874, 46.53980976910199], [-120.51865250636469, 46.53984439286591]]}, "properties": {"fault_name": "Ahtanum Ridge structures", "age": "late Quaternary", "slip_rate": "Less than 0.2 mm/yr", "dip_direction": "Unspecified", "strike": "N88\u00b0E", "linetype": "Well Constrained", "total_fault_length": 59}}, {"type": "Feature", "geometry": {"type": "LineString", "coordinates": [[-120.51991882189483, 46.53953371680094], [-120.5191189987968, 46.53960284602015], [-120.5184191545966, 46.53967194981719], [-120.51788597303441, 46.53982151797562], [-120.51708624875107, 46.540224091155935], [-120.51641978684515, 46.54051165325195], [-120.51583659966438, 46.54066121600782], [-120.51470345308688, 46.54063836988494], [-120.51343697855494, 46.54053503885332], [-120.51275375139086, 46.54047762371443], [-120.5124037767393, 46.54032818094346], [-120.51203714732243, 46.54020173608131], [-120.5112372855968, 46.54017882117797], [-120.51020411701887, 46.540063932003186], [-120.50980417268131, 46.53997197797647], [-120.50933757155309, 46.53985703089879], [-120.50872101555278, 46.53983408310089], [-120.50818777829505, 46.53981112478895], [-120.50765452935926, 46.53969617613488], [-120.50708796190958, 46.53963871994488], [-120.50645474665232, 46.539638758255215], [-120.50612148066506, 46.53967327028678], [-120.50597151770815, 46.539742270803615]]}, "properties": {"fault_name": "Ahtanum Ridge structures", "age": "late Quaternary", "slip_rate": "Less than 0.2 mm/yr", "dip_direction": "Unspecified", "strike": "N88\u00b0E", "linetype": "Well Constrained", "total_fault_length": 59}}, {"type": "Feature", "geometry": {"type": "LineString", "coordinates": [[-120.49947990069796, 46.539407588930764], [-120.49881662601467, 46.53949591121985], [-120.49688365364419, 46.53967985224337], [-120.49526174090713, 46.53963380201102], [-120.49386201118425, 46.53960307279272], [-120.49235122004784, 46.539373008760066], [-120.49104042263977, 46.53902029013162], [-120.49017396610718, 46.538820910053694], [-120.48901868324447, 46.53863682770629], [-120.48701912415186, 46.538544630273556], [-120.48564165378339, 46.538467807816865], [-120.48504178129456, 46.53846773119455], [-120.48397536606792, 46.53837559712077]]}, "properties": {"fault_name": "Ahtanum Ridge structures", "age": "late Quaternary", "slip_rate": "Less than 0.2 mm/yr", "dip_direction": "Unspecified", "strike": "N88\u00b0E", "linetype": "Well Constrained", "total_fault_length": 59}}, {"type": "Feature", "geometry": {"type": "LineString", "coordinates": [[-120.49886171784868, 46.53859684024201], [-120.49868334117932, 46.538606684947965], [-120.49672819209943, 46.538606646019026], [-120.49446200674228, 46.53852990212606], [-120.4929290011672, 46.53848382187611], [-120.49212918705231, 46.53837644985428], [-120.4910183663046, 46.53803907590709], [-120.49026300711816, 46.53787036806471], [-120.48957424902687, 46.537992958782894], [-120.48846335102404, 46.53813083608896], [-120.48686372279423, 46.538038674254715], [-120.48479755092838, 46.53788510318829], [-120.4835089886202, 46.53774694224631], [-120.48186498631031, 46.5375320529516], [-120.48064313109853, 46.53728654783101], [-120.47904363941265, 46.53693364324392]]}, "properties": {"fault_name": "Ahtanum Ridge structures", "age": "late Quaternary", "slip_rate": "Less than 0.2 mm/yr", "dip_direction": "Unspecified", "strike": "N88\u00b0E", "linetype": "Well Constrained", "total_fault_length": 59}}, {"type": "Feature", "geometry": {"type": "LineString", "coordinates": [[-120.46749897287813, 46.53405101599663], [-120.46644862222375, 46.53374169722933], [-120.46540484005072, 46.53318945289449], [-120.46422780807664, 46.53260649386776], [-120.46353928175074, 46.532391636142144], [-120.4629616910742, 46.532391450126845], [-120.46229523006657, 46.532406564947514], [-120.46138440035223, 46.53242159200935], [-120.46058464732278, 46.53243664996651], [-120.45996274005832, 46.53228311991232]]}, "properties": {"fault_name": "Ahtanum Ridge structures", "age": "late Quaternary", "slip_rate": "Less than 0.2 mm/yr", "dip_direction": "Unspecified", "strike": "N88\u00b0E", "linetype": "Well Constrained", "total_fault_length": 59}}, {"type": "Feature", "geometry": {"type": "LineString", "coordinates": [[-120.46679901728685, 46.5348584189318], [-120.46589286689682, 46.53432412683067], [-120.46484902992655, 46.53384853583424], [-120.46380527200805, 46.5332809468879], [-120.46282792025029, 46.53309665603895], [-120.46165060440859, 46.53295828330466], [-120.46067321043003, 46.532850630297155], [-120.46007353287557, 46.53266644428184]]}, "properties": {"fault_name": "Ahtanum Ridge structures", "age": "late Quaternary", "slip_rate": "Less than 0.2 mm/yr", "dip_direction": "Unspecified", "strike": "N88\u00b0E", "linetype": "Well Constrained", "total_fault_length": 59}}, {"type": "Feature", "geometry": {"type": "LineString", "coordinates": [[-120.45452253461288, 46.52932211070296], [-120.45325653528968, 46.52910695878132], [-120.45221271808236, 46.528845891863604], [-120.45099122129838, 46.528569409296225], [-120.45039174855981, 46.52824718804843], [-120.44996980717592, 46.52812435283502], [-120.44950323030218, 46.52823146824677], [-120.44910340364397, 46.52821595919175], [-120.44854805615215, 46.52823104180036]]}, "properties": {"fault_name": "Ahtanum Ridge structures", "age": "late Quaternary", "slip_rate": "Less than 0.2 mm/yr", "dip_direction": "Unspecified", "strike": "N88\u00b0E", "linetype": "Well Constrained", "total_fault_length": 59}}, {"type": "Feature", "geometry": {"type": "LineString", "coordinates": [[-120.91053348236565, 46.56302568320077], [-120.90981969361731, 46.562320486777146], [-120.90768838670682, 46.56067960720758], [-120.9048915629181, 46.558468693217975], [-120.90299345236716, 46.55694147294819], [-120.90052962057953, 46.55502689474337], [-120.8980002099795, 46.55308961072933], [-120.89517071715885, 46.550924334887355], [-120.89151391279242, 46.54871529199699], [-120.88848651213152, 46.546596117074195], [-120.8861228631593, 46.544589453200956], [-120.88385921374623, 46.54271985727219], [-120.88152981214589, 46.540873144944506], [-120.87767364197353, 46.53838976114668], [-120.87395149325503, 46.536203253273335], [-120.87012635358754, 46.533216487740845], [-120.86746426900656, 46.53095854689024], [-120.86320702531437, 46.527560833848966], [-120.86087836572247, 46.52562226176452], [-120.85811741705292, 46.52331865503149], [-120.85716583616406, 46.52239450488525], [-120.8561208313839, 46.52137928809894], [-120.85594191931868, 46.521205458078406], [-120.85365763380686, 46.51898338021847], [-120.85187356078798, 46.51730139311926], [-120.85165524322449, 46.51709545679005]]}, "properties": {"fault_name": "Ahtanum Ridge structures", "age": "late Quaternary", "slip_rate": "Less than 0.2 mm/yr", "dip_direction": "Vertical", "strike": "N88\u00b0E", "linetype": "Inferred", "total_fault_length": 59}}, {"type": "Feature", "geometry": {"type": "LineString", "coordinates": [[-120.8124609505727, 46.479802499770834], [-120.81088150658901, 46.47839874896563], [-120.80880450912565, 46.476566145775166], [-120.80784806924939, 46.475718551176506]]}, "properties": {"fault_name": "Ahtanum Ridge structures", "age": "late Quaternary", "slip_rate": "Less than 0.2 mm/yr", "dip_direction": "Vertical", "strike": "N88\u00b0E", "linetype": "Inferred", "total_fault_length": 59}}, {"type": "Feature", "geometry": {"type": "LineString", "coordinates": [[-120.82845206935447, 46.49628341375199], [-120.82607928541412, 46.49367335519027], [-120.82347454478933, 46.49099423393214], [-120.82054149957258, 46.487720054015554], [-120.81820113223765, 46.48517838028758], [-120.81556397321086, 46.482590604263955], [-120.813123809336, 46.480391624138754], [-120.81276720421936, 46.480074673964126], [-120.8124609505727, 46.479802499770834]]}, "properties": {"fault_name": "Ahtanum Ridge structures", "age": "late Quaternary", "slip_rate": "Less than 0.2 mm/yr", "dip_direction": "Vertical", "strike": "N88\u00b0E", "linetype": "Moderately Constrained", "total_fault_length": 59}}, {"type": "Feature", "geometry": {"type": "LineString", "coordinates": [[-120.85165524322449, 46.51709545679005], [-120.85126207398083, 46.5167245787873], [-120.84896797617118, 46.514694136285556], [-120.84644163241954, 46.51273282214189], [-120.84510476320699, 46.511746410973444], [-120.84492418836015, 46.511613014985194], [-120.84475409056446, 46.511487557964124], [-120.8429189842543, 46.510133194106494], [-120.83959090399304, 46.507074756713926], [-120.83677785483368, 46.50455723709181], [-120.8343958937044, 46.50211259789679], [-120.83213042699948, 46.499851556753875]]}, "properties": {"fault_name": "Ahtanum Ridge structures", "age": "late Quaternary", "slip_rate": "Less than 0.2 mm/yr", "dip_direction": "Vertical", "strike": "N88\u00b0E", "linetype": "Well Constrained", "total_fault_length": 59}}, {"type": "Feature", "geometry": {"type": "LineString", "coordinates": [[-120.83213438497663, 46.499849487717505], [-120.82845206935447, 46.49628341375199]]}, "properties": {"fault_name": "Ahtanum Ridge structures", "age": "late Quaternary", "slip_rate": "Less than 0.2 mm/yr", "dip_direction": "Vertical", "strike": "N88\u00b0E", "linetype": "Well Constrained", "total_fault_length": 59}}, {"type": "Feature", "geometry": {"type": "LineString", "coordinates": [[-120.34970368378225, 46.50788372792207], [-120.35074369392937, 46.50772244397575], [-120.35566652636506, 46.5069588960574], [-120.36007208999553, 46.50632784276229], [-120.36229169590857, 46.505920752113646], [-120.36321977417467, 46.505625365971426], [-120.36362159778778, 46.50534279988515], [-120.36464751965632, 46.50462187678535], [-120.36620591790953, 46.50396181288146], [-120.36796217639227, 46.503576605987604], [-120.36961709502948, 46.503625638024744], [-120.3713042398292, 46.50390357196405], [-120.37315487890895, 46.50475358279059], [-120.37500460799532, 46.50580940006606], [-120.37573342735502, 46.506437303028676], [-120.3758295470904, 46.50652010200161], [-120.37612857558724, 46.506662249929676], [-120.3764578566479, 46.506818655068166]]}, "properties": {"fault_name": "Rattlesnake Hills structures", "age": "undifferentiated Quaternary", "slip_rate": "Less than 0.2 mm/yr", "dip_direction": "N", "strike": "N61\u00b0W", "linetype": "Well Constrained", "total_fault_length": 107}}, {"type": "Feature", "geometry": {"type": "LineString", "coordinates": [[-120.30496583720648, 46.516513960095054], [-120.30602108098421, 46.51731725207953], [-120.30773638796813, 46.51864832129666], [-120.30875902290101, 46.51942865127015], [-120.3109746411925, 46.52000605873848], [-120.31368728834755, 46.52060762814659], [-120.31663162718402, 46.521141121822644], [-120.32113153278394, 46.52190707398558], [-120.32493816985152, 46.522259429061016], [-120.32788536533063, 46.522266563242695], [-120.32987417069096, 46.52195101727953], [-120.33262638414269, 46.52108837523372], [-120.33388658034912, 46.52063389412714]]}, "properties": {"fault_name": "Rattlesnake Hills structures", "age": "undifferentiated Quaternary", "slip_rate": "Less than 0.2 mm/yr", "dip_direction": "N", "strike": "N61\u00b0W", "linetype": "Well Constrained", "total_fault_length": 107}}, {"type": "Feature", "geometry": {"type": "LineString", "coordinates": [[-120.6575494020459, 46.29145856994978], [-120.65590559736539, 46.291974072019855], [-120.65463179078408, 46.292432022066244], [-120.65389156821018, 46.29249005091292], [-120.65343927005787, 46.29254768802713], [-120.6525775557317, 46.29329018874196], [-120.65192069591784, 46.29374727804364], [-120.65044122634045, 46.29423396823489], [-120.64896118543454, 46.29452104601804], [-120.64830350635717, 46.29469298373072], [-120.64768749293927, 46.2950644569749], [-120.64698951274327, 46.29555008278594]]}, "properties": {"fault_name": "Toppenish Ridge structures", "age": "latest Quaternary", "slip_rate": "Less than 0.2 mm/yr", "dip_direction": "N", "strike": "N89\u00b0W", "linetype": "Well Constrained", "total_fault_length": 82}}, {"type": "Feature", "geometry": {"type": "LineString", "coordinates": [[-120.63622342774362, 46.30166102570564], [-120.63372389600829, 46.30153568129804], [-120.6319647260857, 46.30134527012635], [-120.6305451714428, 46.3012399826937]]}, "properties": {"fault_name": "Toppenish Ridge structures", "age": "latest Quaternary", "slip_rate": "Less than 0.2 mm/yr", "dip_direction": "N", "strike": "N89\u00b0W", "linetype": "Well Constrained", "total_fault_length": 82}}, {"type": "Feature", "geometry": {"type": "LineString", "coordinates": [[-120.63379263689046, 46.29858875916288], [-120.63292806322673, 46.29830464085848], [-120.63120010886195, 46.29822110510322], [-120.63008887309256, 46.29799427677555], [-120.62864855389186, 46.29776780872979], [-120.6275788723909, 46.29771198570156], [-120.6271265032717, 46.297769519256406]]}, "properties": {"fault_name": "Toppenish Ridge structures", "age": "latest Quaternary", "slip_rate": "Less than 0.2 mm/yr", "dip_direction": "N", "strike": "N89\u00b0W", "linetype": "Well Constrained", "total_fault_length": 82}}, {"type": "Feature", "geometry": {"type": "LineString", "coordinates": [[-120.62885820181458, 46.299449846895996], [-120.62750065697742, 46.299451376144205], [-120.6256085139349, 46.29953901925008], [-120.6241687579779, 46.299569113234355], [-120.62293449343879, 46.29951342609986], [-120.6216177662515, 46.29937227473049], [-120.62042471192608, 46.29934503122682], [-120.61964340669927, 46.299488421300644], [-120.6191091139211, 46.29971708609946], [-120.61840970720046, 46.29968930281601], [-120.61754531769135, 46.299462093914], [-120.61676345820405, 46.299348846907016], [-120.61606417814585, 46.29937807520682], [-120.61532412086196, 46.29957842027773], [-120.61384434406074, 46.30015017170795], [-120.61228249717514, 46.300836038892584], [-120.61141939405354, 46.301236069087985], [-120.61072031970953, 46.30137931829485], [-120.6101033450943, 46.30143694295023], [-120.60891127172913, 46.301922813242854], [-120.60767781387713, 46.30229465697055], [-120.60611499591272, 46.30255274269447], [-120.60426390767533, 46.30266850705492], [-120.60315306985962, 46.302641005159835], [-120.60233053465623, 46.30278431399187], [-120.60080866010583, 46.30295675016326], [-120.59850495032266, 46.3030443069806], [-120.59632505982667, 46.303359816936], [-120.5943097056564, 46.30367515006717], [-120.59192381799103, 46.30384817919587], [-120.59110075817152, 46.30370627629866], [-120.59044245656165, 46.30367828776288], [-120.58916722615061, 46.3037648337303], [-120.58813888332237, 46.30387968698951], [-120.58706898712404, 46.30373794428563], [-120.58649278793787, 46.30359581893159], [-120.58566992664603, 46.30356792777197], [-120.58521750991613, 46.303653806780915], [-120.58385972792375, 46.30356927569299]]}, "properties": {"fault_name": "Toppenish Ridge structures", "age": "latest Quaternary", "slip_rate": "Less than 0.2 mm/yr", "dip_direction": "N", "strike": "N89\u00b0W", "linetype": "Well Constrained", "total_fault_length": 82}}, {"type": "Feature", "geometry": {"type": "LineString", "coordinates": [[-120.6211238069313, 46.29096230512292], [-120.6185737862837, 46.2910220177105]]}, "properties": {"fault_name": "Toppenish Ridge structures", "age": "latest Quaternary", "slip_rate": "Less than 0.2 mm/yr", "dip_direction": "N", "strike": "N89\u00b0W", "linetype": "Well Constrained", "total_fault_length": 82}}, {"type": "Feature", "geometry": {"type": "LineString", "coordinates": [[-120.61022446314743, 46.30029629974097], [-120.60927884976698, 46.30058234281537], [-120.60857983471178, 46.300754090825826], [-120.60771659414792, 46.301097070117706], [-120.60672975887573, 46.30135461720777], [-120.60574241875034, 46.30135553882087], [-120.60479621697336, 46.30135641388784], [-120.60364464505108, 46.30152854673258]]}, "properties": {"fault_name": "Toppenish Ridge structures", "age": "latest Quaternary", "slip_rate": "Less than 0.2 mm/yr", "dip_direction": "N", "strike": "N89\u00b0W", "linetype": "Well Constrained", "total_fault_length": 82}}, {"type": "Feature", "geometry": {"type": "LineString", "coordinates": [[-120.59706842740236, 46.30495591880832], [-120.59636881317088, 46.30484246099865], [-120.59525783521796, 46.30475785727697], [-120.59427062804323, 46.304872732034696], [-120.59316038221729, 46.30521580281323], [-120.592748961902, 46.30521613916277], [-120.5921316360455, 46.30510258880656], [-120.59159650424084, 46.30493194106285], [-120.59085618734383, 46.3050751011663], [-120.59003344103638, 46.305132780265545], [-120.5889221890973, 46.3048770357221], [-120.58674130865786, 46.304650614140925], [-120.58439614431926, 46.30459534982384], [-120.58188624872048, 46.30442610673341], [-120.57978807167767, 46.3044561099092], [-120.578430237583, 46.30434300169195], [-120.57616741731489, 46.3043160237881], [-120.5751390762833, 46.304459274245104], [-120.57419274335231, 46.30440286786708], [-120.57184737599447, 46.30417626869983], [-120.56925540132815, 46.30412084813737], [-120.56588188427988, 46.304179878009755]]}, "properties": {"fault_name": "Toppenish Ridge structures", "age": "latest Quaternary", "slip_rate": "Less than 0.2 mm/yr", "dip_direction": "N", "strike": "N89\u00b0W", "linetype": "Well Constrained", "total_fault_length": 82}}, {"type": "Feature", "geometry": {"type": "LineString", "coordinates": [[-120.57776885026011, 46.30214794593666], [-120.57604129564567, 46.30237721774934], [-120.57447809140568, 46.30246378997704], [-120.57324381429012, 46.30240756586203], [-120.57180365229462, 46.30220889188275], [-120.5707341630331, 46.30232361373513], [-120.56966466928003, 46.30243832479689], [-120.56847164370065, 46.302467561997695], [-120.56789572029727, 46.302496421236334]]}, "properties": {"fault_name": "Toppenish Ridge structures", "age": "latest Quaternary", "slip_rate": "Less than 0.2 mm/yr", "dip_direction": "N", "strike": "N89\u00b0W", "linetype": "Well Constrained", "total_fault_length": 82}}, {"type": "Feature", "geometry": {"type": "LineString", "coordinates": [[-120.56370370956604, 46.30466276008268], [-120.56267529936416, 46.30477738308606], [-120.56160561337161, 46.30477796704814], [-120.5602888547433, 46.304579080744965]]}, "properties": {"fault_name": "Toppenish Ridge structures", "age": "latest Quaternary", "slip_rate": "Less than 0.2 mm/yr", "dip_direction": "N", "strike": "N89\u00b0W", "linetype": "Well Constrained", "total_fault_length": 82}}, {"type": "Feature", "geometry": {"type": "LineString", "coordinates": [[-120.53622329191231, 46.30806788076043], [-120.53503025285819, 46.30829635769556], [-120.53400164323034, 46.308296669825225], [-120.53256141835274, 46.30801196025977], [-120.53132699301518, 46.30784122788375], [-120.52972243393279, 46.30795571205688], [-120.52840590796815, 46.30812712604718], [-120.52708940266476, 46.30835555123058]]}, "properties": {"fault_name": "Toppenish Ridge structures", "age": "latest Quaternary", "slip_rate": "Less than 0.2 mm/yr", "dip_direction": "N", "strike": "N89\u00b0W", "linetype": "Well Constrained", "total_fault_length": 82}}, {"type": "Feature", "geometry": {"type": "LineString", "coordinates": [[-120.51902586506138, 46.31060971672128], [-120.51676283279089, 46.31063858718042], [-120.51552842092805, 46.310553222983614], [-120.51363569937052, 46.310553464982775], [-120.51182529942561, 46.31069623187416]]}, "properties": {"fault_name": "Toppenish Ridge structures", "age": "latest Quaternary", "slip_rate": "Less than 0.2 mm/yr", "dip_direction": "N", "strike": "N89\u00b0W", "linetype": "Well Constrained", "total_fault_length": 82}}, {"type": "Feature", "geometry": {"type": "LineString", "coordinates": [[-120.51885886914839, 46.30362404023043], [-120.51515631268622, 46.30408080373011]]}, "properties": {"fault_name": "Toppenish Ridge structures", "age": "latest Quaternary", "slip_rate": "Less than 0.2 mm/yr", "dip_direction": "N", "strike": "N89\u00b0W", "linetype": "Well Constrained", "total_fault_length": 82}}, {"type": "Feature", "geometry": {"type": "LineString", "coordinates": [[-120.502220418983, 46.301197206086584], [-120.50154163308969, 46.3015393739442], [-120.50080112395321, 46.30166769107165], [-120.49990634264142, 46.30162492286665], [-120.49864130810886, 46.30153937580602], [-120.49737627986453, 46.3013255047769], [-120.49632722637742, 46.30141101493486], [-120.4958335670945, 46.30126130519944], [-120.49515477670963, 46.30117573895216], [-120.49302583236832, 46.301154243260896], [-120.49089689611188, 46.30108993921881]]}, "properties": {"fault_name": "Toppenish Ridge structures", "age": "latest Quaternary", "slip_rate": "Less than 0.2 mm/yr", "dip_direction": "N", "strike": "N89\u00b0W", "linetype": "Well Constrained", "total_fault_length": 82}}, {"type": "Feature", "geometry": {"type": "LineString", "coordinates": [[-120.485559005184, 46.301474313826574], [-120.483183301719, 46.30117459887888], [-120.48154810110225, 46.30093911273142], [-120.47945019355403, 46.30046828696863], [-120.47685873541903, 46.29982624610259], [-120.4743598783185, 46.29922693430487], [-120.47229286383286, 46.29892706182445]]}, "properties": {"fault_name": "Toppenish Ridge structures", "age": "latest Quaternary", "slip_rate": "Less than 0.2 mm/yr", "dip_direction": "N", "strike": "N89\u00b0W", "linetype": "Well Constrained", "total_fault_length": 82}}, {"type": "Feature", "geometry": {"type": "LineString", "coordinates": [[-120.46719669517492, 46.307950099892395], [-120.46519086224838, 46.308035043700336], [-120.46349370392818, 46.307970358041025], [-120.4616423354164, 46.307798669900855], [-120.46009952562831, 46.30766983099388]]}, "properties": {"fault_name": "Toppenish Ridge structures", "age": "latest Quaternary", "slip_rate": "Less than 0.2 mm/yr", "dip_direction": "N", "strike": "N89\u00b0W", "linetype": "Well Constrained", "total_fault_length": 82}}, {"type": "Feature", "geometry": {"type": "LineString", "coordinates": [[-120.46336679623302, 46.29667121176485], [-120.46182426761764, 46.29658516477388], [-120.46123804143626, 46.29664912094637], [-120.46055925464465, 46.29671304228676], [-120.45917100359448, 46.29660562822491], [-120.45849239466926, 46.296434304774586]]}, "properties": {"fault_name": "Toppenish Ridge structures", "age": "latest Quaternary", "slip_rate": "Less than 0.2 mm/yr", "dip_direction": "N", "strike": "N89\u00b0W", "linetype": "Well Constrained", "total_fault_length": 82}}, {"type": "Feature", "geometry": {"type": "LineString", "coordinates": [[-120.45751151073583, 46.30245099998269], [-120.45427201873461, 46.30210758605944], [-120.45288367964953, 46.30195732588762]]}, "properties": {"fault_name": "Toppenish Ridge structures", "age": "latest Quaternary", "slip_rate": "Less than 0.2 mm/yr", "dip_direction": "N", "strike": "N89\u00b0W", "linetype": "Well Constrained", "total_fault_length": 82}}, {"type": "Feature", "geometry": {"type": "LineString", "coordinates": [[-120.45675624587248, 46.30712606917196], [-120.45493569586316, 46.30706120806391], [-120.45320792475472, 46.30676112530607], [-120.45058559960823, 46.30613985517734], [-120.44706830270715, 46.3057105781961], [-120.44441485093607, 46.305474080174555], [-120.442532838195, 46.30523791313667], [-120.43997230276706, 46.30472335384458], [-120.43812138341293, 46.30431605171427], [-120.43633208040245, 46.30401567712704], [-120.43426540188678, 46.30345849782458], [-120.43256887059063, 46.30302980924201], [-120.4307492709989, 46.30234440085851], [-120.42843612800691, 46.301594501087905], [-120.42627778090805, 46.30050249704484], [-120.42470523329081, 46.29977438170704], [-120.42374963783091, 46.29915358589839], [-120.42162230506725, 46.29808289974057], [-120.41986505484444, 46.29716212688763], [-120.41789193586558, 46.29621978816583], [-120.41634998396859, 46.29581235201543], [-120.41409841060786, 46.29544713411093], [-120.41249443004051, 46.29527483318326]]}, "properties": {"fault_name": "Toppenish Ridge structures", "age": "latest Quaternary", "slip_rate": "Less than 0.2 mm/yr", "dip_direction": "N", "strike": "N89\u00b0W", "linetype": "Well Constrained", "total_fault_length": 82}}, {"type": "Feature", "geometry": {"type": "LineString", "coordinates": [[-120.45670347434111, 46.29583486212877], [-120.45312530939299, 46.29514913091698], [-120.45219996829354, 46.29493489603148], [-120.45031917815962, 46.293715156131555], [-120.44942500141397, 46.293201525122846], [-120.4477288536985, 46.29258060017259], [-120.4465879016595, 46.29208821818412]]}, "properties": {"fault_name": "Toppenish Ridge structures", "age": "latest Quaternary", "slip_rate": "Less than 0.2 mm/yr", "dip_direction": "N", "strike": "N89\u00b0W", "linetype": "Well Constrained", "total_fault_length": 82}}, {"type": "Feature", "geometry": {"type": "LineString", "coordinates": [[-120.45627037498306, 46.29731025087146], [-120.45259943382904, 46.29677416000068], [-120.45099542721053, 46.29645270703544], [-120.4490831816686, 46.29585309328416]]}, "properties": {"fault_name": "Toppenish Ridge structures", "age": "latest Quaternary", "slip_rate": "Less than 0.2 mm/yr", "dip_direction": "N", "strike": "N89\u00b0W", "linetype": "Well Constrained", "total_fault_length": 82}}, {"type": "Feature", "geometry": {"type": "LineString", "coordinates": [[-120.44529127517502, 46.29304991902045], [-120.44458207861442, 46.29270741878997], [-120.44344099991297, 46.2923646997874], [-120.44236136238368, 46.292278618717994], [-120.4410041319569, 46.292149614176125], [-120.4394621207711, 46.29174249224502], [-120.4367171782833, 46.291206377283594], [-120.43545276089333, 46.29088489287684], [-120.43431190587239, 46.290435160268224], [-120.4334485458326, 46.29011388611154], [-120.431536366766, 46.28979197815099], [-120.42913120215296, 46.28904203496306], [-120.4266645254008, 46.288206462713475], [-120.42462935978529, 46.28767051116577], [-120.42321110320798, 46.287177711949255], [-120.42240909630546, 46.28717716814986], [-120.42083574379771, 46.287304392228855], [-120.41966357799758, 46.28730357094471], [-120.414173274407, 46.28706432779747], [-120.41152041911731, 46.287105065020945], [-120.41025557772252, 46.28718961407769]]}, "properties": {"fault_name": "Toppenish Ridge structures", "age": "latest Quaternary", "slip_rate": "Less than 0.2 mm/yr", "dip_direction": "N", "strike": "N89\u00b0W", "linetype": "Well Constrained", "total_fault_length": 82}}, {"type": "Feature", "geometry": {"type": "LineString", "coordinates": [[-120.44461862657174, 46.30618553772907], [-120.4430142938648, 46.305956641170866], [-120.4413685865525, 46.30595580527288], [-120.43935250025532, 46.306040287995394], [-120.43774803100442, 46.305953882769565], [-120.4361851753108, 46.30546829399654], [-120.43449902404775, 46.304897074083435], [-120.43322390323118, 46.30466822923078], [-120.4321542190353, 46.304667596862515], [-120.43124953110252, 46.30432489623831], [-120.42968685417362, 46.3037821928026]]}, "properties": {"fault_name": "Toppenish Ridge structures", "age": "latest Quaternary", "slip_rate": "Less than 0.2 mm/yr", "dip_direction": "N", "strike": "N89\u00b0W", "linetype": "Well Constrained", "total_fault_length": 82}}, {"type": "Feature", "geometry": {"type": "LineString", "coordinates": [[-120.44165189722682, 46.3103469661135], [-120.44095238540326, 46.31037511815762], [-120.43963605886461, 46.31006078293789], [-120.43836079791086, 46.30983199628264], [-120.43762027529966, 46.30974605312394], [-120.43667392799561, 46.30974553126682]]}, "properties": {"fault_name": "Toppenish Ridge structures", "age": "latest Quaternary", "slip_rate": "Less than 0.2 mm/yr", "dip_direction": "N", "strike": "N89\u00b0W", "linetype": "Well Constrained", "total_fault_length": 82}}, {"type": "Feature", "geometry": {"type": "LineString", "coordinates": [[-120.43415903057733, 46.289301674819065], [-120.4321860292778, 46.2882954267984], [-120.4300894701008, 46.28748153418297], [-120.42882517757667, 46.28715997700954], [-120.42688196890354, 46.28707320614714], [-120.42555607171387, 46.286708802781], [-120.42333616756014, 46.285980245162165], [-120.42268858824148, 46.28585149520853]]}, "properties": {"fault_name": "Toppenish Ridge structures", "age": "latest Quaternary", "slip_rate": "Less than 0.2 mm/yr", "dip_direction": "N", "strike": "N89\u00b0W", "linetype": "Well Constrained", "total_fault_length": 82}}, {"type": "Feature", "geometry": {"type": "LineString", "coordinates": [[-120.43125284858087, 46.294475088076474], [-120.42958846259887, 46.29327651830513], [-120.42832457162169, 46.29254864392774], [-120.42628968897546, 46.29167056582482], [-120.4237612979633, 46.29079212106674], [-120.42077005269594, 46.290062993290604]]}, "properties": {"fault_name": "Toppenish Ridge structures", "age": "latest Quaternary", "slip_rate": "Less than 0.2 mm/yr", "dip_direction": "N", "strike": "N89\u00b0W", "linetype": "Well Constrained", "total_fault_length": 82}}, {"type": "Feature", "geometry": {"type": "LineString", "coordinates": [[-120.59663069812736, 46.306427399877926], [-120.59326743983956, 46.30653713106608]]}, "properties": {"fault_name": "Toppenish Ridge structures", "age": "latest Quaternary", "slip_rate": "Less than 0.2 mm/yr", "dip_direction": "S", "strike": "N89\u00b0W", "linetype": "Inferred", "total_fault_length": 82}}, {"type": "Feature", "geometry": {"type": "LineString", "coordinates": [[-120.50710338418635, 46.319478469974726], [-120.50512802301256, 46.31925047090513], [-120.50227476256612, 46.31909849519376], [-120.49854358667733, 46.31940264782777], [-120.49558057725595, 46.31947860522395], [-120.49371498122676, 46.319478517125845], [-120.49146531409104, 46.319326301948735], [-120.48844746072497, 46.31925000001246], [-120.48438715918407, 46.31890735904437], [-120.48164374113729, 46.31867884574979], [-120.47961370400375, 46.31829832626845], [-120.47560849793584, 46.317727276851336], [-120.4707803946435, 46.31707984516202], [-120.46825670631186, 46.31666097688297], [-120.4671047364359, 46.3162424602928], [-120.46452597598744, 46.31624168473517], [-120.45991734998364, 46.31593601490408], [-120.45695477624521, 46.31563079381443], [-120.45410199909237, 46.31528752275579], [-120.45086512657856, 46.31502004994812], [-120.44784782387977, 46.31467655107095], [-120.44406294760161, 46.31383837120675], [-120.43989435235657, 46.312809774943354], [-120.434848333946, 46.31159044129551], [-120.43238041392549, 46.3108666699117], [-120.43073484495375, 46.3106375757497], [-120.42804677839985, 46.31052185616394], [-120.42612683070266, 46.31036855685685], [-120.42321987615504, 46.309872405691294], [-120.42113631470191, 46.30907261379094], [-120.4191078442302, 46.30815877224012], [-120.41647664193209, 46.306826262295154], [-120.41401031372627, 46.30537976117712], [-120.41381838237763, 46.30533948621819]]}, "properties": {"fault_name": "Toppenish Ridge structures", "age": "latest Quaternary", "slip_rate": "Less than 0.2 mm/yr", "dip_direction": "S", "strike": "N89\u00b0W", "linetype": "Inferred", "total_fault_length": 82}}, {"type": "Feature", "geometry": {"type": "LineString", "coordinates": [[-120.65467030156032, 46.29445195795248], [-120.65374538895726, 46.29466706121147], [-120.65251243865339, 46.29505364772416], [-120.6511557732669, 46.29533346108042], [-120.65001487243188, 46.2955488197008], [-120.64875108296431, 46.29595679097269], [-120.64801175062085, 46.29636406777725], [-120.6476428026522, 46.296835013242635], [-120.64761379784832, 46.297519367825636], [-120.64733734042132, 46.297968808275236], [-120.64690598020164, 46.298183213762925], [-120.64616671882511, 46.29863324830757], [-120.64496470470301, 46.29910525293013], [-120.64410172015899, 46.299448506941815], [-120.64271460637597, 46.299942106219525], [-120.64203616184248, 46.3000712636989], [-120.64092548572349, 46.30009403024326], [-120.63984566224296, 46.30011674588655], [-120.63901320874054, 46.30035299894125], [-120.63833474983399, 46.300482136832635], [-120.63750169625695, 46.30048314596851], [-120.63703915641209, 46.300590626898966], [-120.63629908834842, 46.300762595204084], [-120.63543528094762, 46.30080639617556], [-120.63364569317122, 46.3007871271286], [-120.6313314317767, 46.300704282189486], [-120.62966495990662, 46.30055649880013], [-120.62802975210337, 46.300579736196106], [-120.62685774799994, 46.30077351069544], [-120.62553190920076, 46.3011599070127], [-120.62402087372259, 46.30152510791638], [-120.62303386597382, 46.301675873210776], [-120.62229369190896, 46.30182636378062], [-120.6211521649482, 46.301870355048656], [-120.62004120855485, 46.301785993115985], [-120.61865214722425, 46.30150944674652]]}, "properties": {"fault_name": "Toppenish Ridge structures", "age": "latest Quaternary", "slip_rate": "Less than 0.2 mm/yr", "dip_direction": "S", "strike": "N89\u00b0W", "linetype": "Well Constrained", "total_fault_length": 82}}, {"type": "Feature", "geometry": {"type": "LineString", "coordinates": [[-120.64317263757638, 46.298862475256556], [-120.64214464868438, 46.29903484309665], [-120.64099309742338, 46.299150328159826], [-120.64008821725113, 46.29920847277429], [-120.63885372903152, 46.29906741805937], [-120.63753690033462, 46.29889793817249], [-120.63659038504561, 46.29875651399491], [-120.63568536563452, 46.298757595777964], [-120.63457529318346, 46.29901553308454], [-120.63358883161035, 46.299358852205], [-120.63276635479747, 46.29947386800445], [-120.63194359860853, 46.29947482502546], [-120.63116164120487, 46.299333162771696], [-120.63025640799474, 46.29924866287165]]}, "properties": {"fault_name": "Toppenish Ridge structures", "age": "latest Quaternary", "slip_rate": "Less than 0.2 mm/yr", "dip_direction": "S", "strike": "N89\u00b0W", "linetype": "Well Constrained", "total_fault_length": 82}}, {"type": "Feature", "geometry": {"type": "LineString", "coordinates": [[-120.62380295501106, 46.3006699499767], [-120.62195195391025, 46.300778872864605], [-120.62028564643187, 46.30069510690943], [-120.61849560320961, 46.300461751167205], [-120.61695281677773, 46.30042057826893], [-120.61541052980914, 46.30061461585518], [-120.61380719333383, 46.30112946697758], [-120.61282060689496, 46.30149399223646], [-120.61192678767885, 46.301965341039875], [-120.61066239274678, 46.30228734997599], [-120.610076666927, 46.30254453586234], [-120.60958431469282, 46.30320794169219], [-120.60903011255301, 46.3038072477702], [-120.60822849731595, 46.30412878602058], [-120.60764219298116, 46.304107957995654], [-120.60727213110155, 46.30421523074147], [-120.60687179509857, 46.30462191924984], [-120.60625508818126, 46.30483634522836], [-120.60532890176715, 46.30458058812969], [-120.60418636689664, 46.30413255792652], [-120.6029825004484, 46.303877035845], [-120.60196421785304, 46.303856568905616], [-120.60054540072699, 46.30415721804294], [-120.59940462385947, 46.304650071135605], [-120.59860355569644, 46.30531369781755], [-120.59820353590041, 46.30593420410104], [-120.59740190090044, 46.30629843425218], [-120.5966307358566, 46.30644878614241]]}, "properties": {"fault_name": "Toppenish Ridge structures", "age": "latest Quaternary", "slip_rate": "Less than 0.2 mm/yr", "dip_direction": "S", "strike": "N89\u00b0W", "linetype": "Well Constrained", "total_fault_length": 82}}, {"type": "Feature", "geometry": {"type": "LineString", "coordinates": [[-120.61984133609907, 46.29282088995375], [-120.61655128332045, 46.293090430199335], [-120.61287775681502, 46.29358836219303], [-120.60969807644209, 46.2942377699952], [-120.60772410226708, 46.294467760176154], [-120.60525642658835, 46.294660156027234], [-120.60256942363974, 46.294890716088105], [-120.60010136258374, 46.294892912703396], [-120.59834581826166, 46.2946283220306]]}, "properties": {"fault_name": "Toppenish Ridge structures", "age": "latest Quaternary", "slip_rate": "Less than 0.2 mm/yr", "dip_direction": "S", "strike": "N89\u00b0W", "linetype": "Well Constrained", "total_fault_length": 82}}, {"type": "Feature", "geometry": {"type": "LineString", "coordinates": [[-120.61898346476568, 46.29869074489701], [-120.61700869827658, 46.298607253175994], [-120.61400515327637, 46.29835368393512], [-120.61141311932127, 46.298156657969784]]}, "properties": {"fault_name": "Toppenish Ridge structures", "age": "latest Quaternary", "slip_rate": "Less than 0.2 mm/yr", "dip_direction": "S", "strike": "N89\u00b0W", "linetype": "Well Constrained", "total_fault_length": 82}}, {"type": "Feature", "geometry": {"type": "LineString", "coordinates": [[-120.61363693563804, 46.29932349881986], [-120.61055195566234, 46.29949761602262]]}, "properties": {"fault_name": "Toppenish Ridge structures", "age": "latest Quaternary", "slip_rate": "Less than 0.2 mm/yr", "dip_direction": "S", "strike": "N89\u00b0W", "linetype": "Well Constrained", "total_fault_length": 82}}, {"type": "Feature", "geometry": {"type": "LineString", "coordinates": [[-120.6128746181014, 46.29206766304064], [-120.60986016575701, 46.29302105169916], [-120.60695477876958, 46.29370813475613], [-120.60399360640297, 46.29393898372588], [-120.60158050337776, 46.29397918203581], [-120.60020945237031, 46.2940184151308], [-120.59828946963883, 46.29379198526356], [-120.59735717827402, 46.293830803864964]]}, "properties": {"fault_name": "Toppenish Ridge structures", "age": "latest Quaternary", "slip_rate": "Less than 0.2 mm/yr", "dip_direction": "S", "strike": "N89\u00b0W", "linetype": "Well Constrained", "total_fault_length": 82}}, {"type": "Feature", "geometry": {"type": "LineString", "coordinates": [[-120.61058657763174, 46.296275599060515], [-120.60935297155771, 46.29650489484296], [-120.6077903826637, 46.29679151818615], [-120.60618686472871, 46.297192209144384], [-120.60421293097791, 46.297507678965744], [-120.6032260903158, 46.297736682225384], [-120.6017457089484, 46.298023147061194]]}, "properties": {"fault_name": "Toppenish Ridge structures", "age": "latest Quaternary", "slip_rate": "Less than 0.2 mm/yr", "dip_direction": "S", "strike": "N89\u00b0W", "linetype": "Well Constrained", "total_fault_length": 82}}, {"type": "Feature", "geometry": {"type": "LineString", "coordinates": [[-120.59587517095596, 46.29314774701717], [-120.59263885809256, 46.29284628698372]]}, "properties": {"fault_name": "Toppenish Ridge structures", "age": "latest Quaternary", "slip_rate": "Less than 0.2 mm/yr", "dip_direction": "S", "strike": "N89\u00b0W", "linetype": "Well Constrained", "total_fault_length": 82}}, {"type": "Feature", "geometry": {"type": "LineString", "coordinates": [[-120.59483471614276, 46.29406103906848], [-120.591599564801, 46.29448188218], [-120.58885797482586, 46.29490224785187], [-120.58595162574274, 46.29520862107953], [-120.58359394158401, 46.29566658690607], [-120.57915202762557, 46.29612597397059], [-120.57684856038753, 46.29620358797548], [-120.5738320203584, 46.29624360214528], [-120.5726801304325, 46.2961683082753]]}, "properties": {"fault_name": "Toppenish Ridge structures", "age": "latest Quaternary", "slip_rate": "Less than 0.2 mm/yr", "dip_direction": "S", "strike": "N89\u00b0W", "linetype": "Well Constrained", "total_fault_length": 82}}, {"type": "Feature", "geometry": {"type": "LineString", "coordinates": [[-120.59323658181124, 46.306537155888336], [-120.59234175468539, 46.30655927002196], [-120.59132364187163, 46.30666701579147], [-120.59061395842411, 46.3066889672874], [-120.58941058784593, 46.306732689051096], [-120.58839246515069, 46.30684040779552], [-120.58712757973845, 46.30701246072241], [-120.58626397266198, 46.307269737971545], [-120.58512233610672, 46.3073347521076], [-120.58382617764451, 46.30725017519796], [-120.5825608817022, 46.307165560304156], [-120.58114130100819, 46.30708104208532], [-120.58006072114618, 46.30669687997605], [-120.57845426302528, 46.30539352478072], [-120.57768223829369, 46.30496635810401], [-120.57691082531481, 46.304966881868395], [-120.5756458581559, 46.30507465373334], [-120.57333193722287, 46.305311401087955], [-120.57237529702229, 46.305247859024874], [-120.57148003421351, 46.30492765289411], [-120.57086257271142, 46.30467142023924], [-120.56996768809336, 46.304629204833184], [-120.56870287544466, 46.304865208182925], [-120.56642041171627, 46.30561503212549], [-120.5643844906176, 46.306150821103124], [-120.56324307504791, 46.30640808006189], [-120.56231738091056, 46.30642997581152], [-120.56142244688519, 46.30636630721182], [-120.56040420830725, 46.306409622147505], [-120.55926265080376, 46.30655991602064], [-120.5578126935784, 46.30688143313889], [-120.55660973622524, 46.30735250409514], [-120.55491324625162, 46.308037649964646], [-120.55358667802041, 46.308380437801624], [-120.55266107191795, 46.30853056430441], [-120.5517044793281, 46.30855238722318], [-120.55099501417119, 46.308852095289666], [-120.55028536306305, 46.308959335158946], [-120.54908189277187, 46.30898124478073], [-120.54803267668969, 46.308960308147896], [-120.54605806291421, 46.30936743486442], [-120.54433025587313, 46.30973166326909], [-120.54232457655851, 46.309946275244336], [-120.54084337862253, 46.31001096973784], [-120.53994847693647, 46.310032672306704], [-120.53926947904075, 46.30990459879258], [-120.53849784687296, 46.30969101423568], [-120.53692401825812, 46.30967015109575], [-120.5347946966244, 46.309606666836494], [-120.5331591923771, 46.30964992584329], [-120.53155460634527, 46.30980007616708], [-120.52930198914217, 46.30999314104783], [-120.5238710776666, 46.31074287799601], [-120.52217388970203, 46.31097845290048], [-120.52053841959071, 46.31125676206418], [-120.51939658540608, 46.31121419308582], [-120.51828558319866, 46.31108606897298], [-120.5171745657199, 46.310893777996235], [-120.51556985661887, 46.31089400882472], [-120.51353311356169, 46.31091565519784], [-120.51041631975022, 46.311172600126454], [-120.50841045628096, 46.311386613873154], [-120.50547876662199, 46.311579254941314], [-120.50276308495792, 46.31185735628634], [-120.50097318366949, 46.31183600005732], [-120.49884383688295, 46.310980607296486]]}, "properties": {"fault_name": "Toppenish Ridge structures", "age": "latest Quaternary", "slip_rate": "Less than 0.2 mm/yr", "dip_direction": "S", "strike": "N89\u00b0W", "linetype": "Well Constrained", "total_fault_length": 82}}, {"type": "Feature", "geometry": {"type": "LineString", "coordinates": [[-120.59110880707647, 46.29619306383864], [-120.58820289277793, 46.2968036329761], [-120.58595479410073, 46.29722354574192], [-120.5850774607667, 46.29737627485677]]}, "properties": {"fault_name": "Toppenish Ridge structures", "age": "latest Quaternary", "slip_rate": "Less than 0.2 mm/yr", "dip_direction": "S", "strike": "N89\u00b0W", "linetype": "Well Constrained", "total_fault_length": 82}}, {"type": "Feature", "geometry": {"type": "LineString", "coordinates": [[-120.5848018378746, 46.29977325401727], [-120.58365058305762, 46.300173290115715], [-120.58155316598955, 46.30060250873524], [-120.57974385839601, 46.301145539104716], [-120.5776049104157, 46.3013466100341], [-120.57542456986376, 46.301376590073], [-120.57254463574158, 46.301235894694784], [-120.56904748715397, 46.30098145386559], [-120.5676897590605, 46.300868216827915], [-120.56579733843857, 46.300840813948454], [-120.56464565422687, 46.301012551838824], [-120.56312393957663, 46.301384077787944], [-120.56193138561275, 46.301812429233124], [-120.56032769879451, 46.302497604724174], [-120.5587236328872, 46.302869113148816], [-120.55732492185386, 46.30292685290845], [-120.55547340242512, 46.302728177710534], [-120.55378664929087, 46.30272898821326]]}, "properties": {"fault_name": "Toppenish Ridge structures", "age": "latest Quaternary", "slip_rate": "Less than 0.2 mm/yr", "dip_direction": "S", "strike": "N89\u00b0W", "linetype": "Well Constrained", "total_fault_length": 82}}, {"type": "Feature", "geometry": {"type": "LineString", "coordinates": [[-120.57558644717628, 46.29943759118631], [-120.57357061869557, 46.29938188529893], [-120.5714313446268, 46.299297708826586], [-120.56912785313422, 46.29947020997465], [-120.56608413906775, 46.29987120219807], [-120.56283488417607, 46.30044330370672], [-120.5600378403001, 46.30078697073202], [-120.55687059710226, 46.3012162937692], [-120.55411467091346, 46.30161682202011]]}, "properties": {"fault_name": "Toppenish Ridge structures", "age": "latest Quaternary", "slip_rate": "Less than 0.2 mm/yr", "dip_direction": "S", "strike": "N89\u00b0W", "linetype": "Well Constrained", "total_fault_length": 82}}, {"type": "Feature", "geometry": {"type": "LineString", "coordinates": [[-120.57434932689286, 46.297242896108344], [-120.57369126513315, 46.29732886386257], [-120.5719224464061, 46.29735850784163], [-120.56945423892472, 46.2973315289787], [-120.56739743019907, 46.297332764713715], [-120.56591690420288, 46.2976472760517], [-120.56344951329011, 46.2983329939798], [-120.5615578229985, 46.298875781843506], [-120.56036505972718, 46.29907601269251], [-120.55909020032036, 46.29944735069607], [-120.5577331953707, 46.29996128371051]]}, "properties": {"fault_name": "Toppenish Ridge structures", "age": "latest Quaternary", "slip_rate": "Less than 0.2 mm/yr", "dip_direction": "S", "strike": "N89\u00b0W", "linetype": "Well Constrained", "total_fault_length": 82}}, {"type": "Feature", "geometry": {"type": "LineString", "coordinates": [[-120.55107179317855, 46.303157936077405], [-120.55004353928352, 46.303443522961054], [-120.54856277523379, 46.303786322811305], [-120.54704094829411, 46.30424317121789], [-120.54560123904952, 46.304528887106], [-120.54387356406079, 46.304871722979726], [-120.54259847738024, 46.30527139106233]]}, "properties": {"fault_name": "Toppenish Ridge structures", "age": "latest Quaternary", "slip_rate": "Less than 0.2 mm/yr", "dip_direction": "S", "strike": "N89\u00b0W", "linetype": "Well Constrained", "total_fault_length": 82}}, {"type": "Feature", "geometry": {"type": "LineString", "coordinates": [[-120.55000164275698, 46.30261666086672], [-120.54827418426225, 46.30310212971518], [-120.546423221789, 46.30353059618074], [-120.54490131400094, 46.3039018779082], [-120.54309146292667, 46.304358786167384], [-120.54276239836001, 46.30444444983565]]}, "properties": {"fault_name": "Toppenish Ridge structures", "age": "latest Quaternary", "slip_rate": "Less than 0.2 mm/yr", "dip_direction": "S", "strike": "N89\u00b0W", "linetype": "Well Constrained", "total_fault_length": 82}}, {"type": "Feature", "geometry": {"type": "LineString", "coordinates": [[-120.54991821621654, 46.30136212230296], [-120.54761481725046, 46.301819319241424], [-120.54588726712757, 46.30219069821791], [-120.54354299840928, 46.303075526039464], [-120.54074603717832, 46.30387492895452], [-120.5389360531534, 46.304189204748624], [-120.53720817514542, 46.304275321706896], [-120.53527452634353, 46.30427593794461], [-120.5331762621641, 46.3041910298824], [-120.52926758815833, 46.30373589200152], [-120.52659337991433, 46.30365100916648], [-120.52404250317228, 46.30333793299084], [-120.52182080059139, 46.30308176302251]]}, "properties": {"fault_name": "Toppenish Ridge structures", "age": "latest Quaternary", "slip_rate": "Less than 0.2 mm/yr", "dip_direction": "S", "strike": "N89\u00b0W", "linetype": "Well Constrained", "total_fault_length": 82}}, {"type": "Feature", "geometry": {"type": "LineString", "coordinates": [[-120.53938988023829, 46.30595686022951], [-120.53774425197773, 46.30607146873264], [-120.53449409877076, 46.306272092764516], [-120.53046217141643, 46.306415809106106], [-120.52717077116486, 46.306502181954414], [-120.52367359293287, 46.306474449896974], [-120.52169867013694, 46.30633227827932], [-120.51890078992942, 46.30587656680341]]}, "properties": {"fault_name": "Toppenish Ridge structures", "age": "latest Quaternary", "slip_rate": "Less than 0.2 mm/yr", "dip_direction": "S", "strike": "N89\u00b0W", "linetype": "Well Constrained", "total_fault_length": 82}}, {"type": "Feature", "geometry": {"type": "LineString", "coordinates": [[-120.53901896495917, 46.305073083063796], [-120.53692093434174, 46.30538742582736], [-120.53424670633478, 46.30541677377617], [-120.53161364901561, 46.305503076835485], [-120.5286925711551, 46.305560877115], [-120.52564811508017, 46.30573268211404], [-120.52470183604811, 46.305732891865084], [-120.52334409717487, 46.30564763916613], [-120.52103996608183, 46.30524890530709], [-120.51902392020881, 46.305021154754854], [-120.5168022355942, 46.30496447776495], [-120.51503314018603, 46.30499323887786], [-120.51301726499292, 46.30533564427104], [-120.51071340519111, 46.30587763169055], [-120.50906776165917, 46.3062484451126]]}, "properties": {"fault_name": "Toppenish Ridge structures", "age": "latest Quaternary", "slip_rate": "Less than 0.2 mm/yr", "dip_direction": "S", "strike": "N89\u00b0W", "linetype": "Well Constrained", "total_fault_length": 82}}, {"type": "Feature", "geometry": {"type": "LineString", "coordinates": [[-120.51885866343419, 46.303025265859375], [-120.51202953769365, 46.30391009881031]]}, "properties": {"fault_name": "Toppenish Ridge structures", "age": "latest Quaternary", "slip_rate": "Less than 0.2 mm/yr", "dip_direction": "S", "strike": "N89\u00b0W", "linetype": "Well Constrained", "total_fault_length": 82}}, {"type": "Feature", "geometry": {"type": "LineString", "coordinates": [[-120.48910712597745, 46.30220179091767], [-120.48753349229705, 46.30235132493304], [-120.48614503373602, 46.30228700926424], [-120.48481825170576, 46.30235099477194], [-120.48395431315095, 46.30235087623664]]}, "properties": {"fault_name": "Toppenish Ridge structures", "age": "latest Quaternary", "slip_rate": "Less than 0.2 mm/yr", "dip_direction": "S", "strike": "N89\u00b0W", "linetype": "Well Constrained", "total_fault_length": 82}}, {"type": "Feature", "geometry": {"type": "LineString", "coordinates": [[-120.4870998063391, 46.31135407974722], [-120.48624057495638, 46.31123669686725], [-120.48548552119713, 46.31103812504694], [-120.48457427196954, 46.31074931204772], [-120.48322042100486, 46.31036118578611]]}, "properties": {"fault_name": "Toppenish Ridge structures", "age": "latest Quaternary", "slip_rate": "Less than 0.2 mm/yr", "dip_direction": "S", "strike": "N89\u00b0W", "linetype": "Well Constrained", "total_fault_length": 82}}, {"type": "Feature", "geometry": {"type": "LineString", "coordinates": [[-120.48160936440802, 46.30226498090997], [-120.48022098489875, 46.302008130079585], [-120.47821549243368, 46.301836686998485], [-120.47580907197586, 46.30128019488332], [-120.4734952839935, 46.30068090520634], [-120.47124327674646, 46.300038812838736], [-120.46914560006526, 46.29937533323127], [-120.46809674869912, 46.299097041857415], [-120.46686257219486, 46.29918222903937], [-120.46550477582944, 46.29958813693855], [-120.46383850697863, 46.299865622098274], [-120.4626041894389, 46.30012184124965], [-120.46207969009394, 46.30010028184045], [-120.46146261576571, 46.30010007517098], [-120.46112314780974, 46.30020688409279]]}, "properties": {"fault_name": "Toppenish Ridge structures", "age": "latest Quaternary", "slip_rate": "Less than 0.2 mm/yr", "dip_direction": "S", "strike": "N89\u00b0W", "linetype": "Well Constrained", "total_fault_length": 82}}, {"type": "Feature", "geometry": {"type": "LineString", "coordinates": [[-120.4711155911103, 46.30812224117105], [-120.46975795733995, 46.30788665583495], [-120.46803000387352, 46.307715105192706], [-120.46651809163963, 46.30750082080473]]}, "properties": {"fault_name": "Toppenish Ridge structures", "age": "latest Quaternary", "slip_rate": "Less than 0.2 mm/yr", "dip_direction": "S", "strike": "N89\u00b0W", "linetype": "Well Constrained", "total_fault_length": 82}}, {"type": "Feature", "geometry": {"type": "LineString", "coordinates": [[-120.46173603239548, 46.30619484116549], [-120.45871232201377, 46.305808857065536], [-120.45568858558089, 46.30550833180378], [-120.4530353449139, 46.304994033832685], [-120.45241823465308, 46.304972391944034]]}, "properties": {"fault_name": "Toppenish Ridge structures", "age": "latest Quaternary", "slip_rate": "Less than 0.2 mm/yr", "dip_direction": "S", "strike": "N89\u00b0W", "linetype": "Well Constrained", "total_fault_length": 82}}, {"type": "Feature", "geometry": {"type": "LineString", "coordinates": [[-120.45725568581425, 46.29981264929066], [-120.45558977000132, 46.299598163915086], [-120.45339923087595, 46.29953313376377], [-120.45062232992359, 46.29963888623064], [-120.44877112221026, 46.29963806823462], [-120.44716670236673, 46.29968010378176]]}, "properties": {"fault_name": "Toppenish Ridge structures", "age": "latest Quaternary", "slip_rate": "Less than 0.2 mm/yr", "dip_direction": "S", "strike": "N89\u00b0W", "linetype": "Well Constrained", "total_fault_length": 82}}, {"type": "Feature", "geometry": {"type": "LineString", "coordinates": [[-120.43618893386196, 46.29447796312571], [-120.43514072568951, 46.2938785952732], [-120.43406202510307, 46.29300119706618], [-120.43242855284495, 46.291738532026876], [-120.43144248293734, 46.29086116409058], [-120.43070279665767, 46.29032609389781], [-120.42792792589788, 46.28921235729807]]}, "properties": {"fault_name": "Toppenish Ridge structures", "age": "latest Quaternary", "slip_rate": "Less than 0.2 mm/yr", "dip_direction": "S", "strike": "N89\u00b0W", "linetype": "Well Constrained", "total_fault_length": 82}}, {"type": "Feature", "geometry": {"type": "LineString", "coordinates": [[-120.43276513720885, 46.3097147751966], [-120.43124293207843, 46.30957130083249], [-120.43042046065545, 46.309228642696866], [-120.42984457498132, 46.309114238131436], [-120.42902200743859, 46.308857109791425], [-120.4281169709595, 46.30874248974565], [-120.42704815812941, 46.308028982894164], [-120.42569101933077, 46.30757189428272], [-120.42462143484785, 46.30745713874895]]}, "properties": {"fault_name": "Toppenish Ridge structures", "age": "latest Quaternary", "slip_rate": "Less than 0.2 mm/yr", "dip_direction": "S", "strike": "N89\u00b0W", "linetype": "Well Constrained", "total_fault_length": 82}}, {"type": "Feature", "geometry": {"type": "LineString", "coordinates": [[-120.42920588718735, 46.3028353029753], [-120.42692385734524, 46.301892927835574], [-120.42525896022181, 46.300972299112395], [-120.42316273701476, 46.29964504292277], [-120.42177543368719, 46.2988742438902]]}, "properties": {"fault_name": "Toppenish Ridge structures", "age": "latest Quaternary", "slip_rate": "Less than 0.2 mm/yr", "dip_direction": "S", "strike": "N89\u00b0W", "linetype": "Well Constrained", "total_fault_length": 82}}, {"type": "Feature", "geometry": {"type": "LineString", "coordinates": [[-120.42806401796847, 46.30300566495381], [-120.42664470137912, 46.302983373755794], [-120.42593531707061, 46.30276906712167], [-120.42427005612952, 46.3021050409528], [-120.42356105091007, 46.301634099852755], [-120.42272882288475, 46.301034763158846], [-120.42195792733548, 46.300713464915496]]}, "properties": {"fault_name": "Toppenish Ridge structures", "age": "latest Quaternary", "slip_rate": "Less than 0.2 mm/yr", "dip_direction": "S", "strike": "N89\u00b0W", "linetype": "Well Constrained", "total_fault_length": 82}}, {"type": "Feature", "geometry": {"type": "LineString", "coordinates": [[-120.42677442439434, 46.29827879390621], [-120.42507887495684, 46.2972939889376], [-120.42279753861409, 46.2960735288426], [-120.42208865826048, 46.29558119377489]]}, "properties": {"fault_name": "Toppenish Ridge structures", "age": "latest Quaternary", "slip_rate": "Less than 0.2 mm/yr", "dip_direction": "S", "strike": "N89\u00b0W", "linetype": "Well Constrained", "total_fault_length": 82}}, {"type": "Feature", "geometry": {"type": "LineString", "coordinates": [[-120.42088673127495, 46.2947035857421], [-120.41900547491537, 46.294274566055975], [-120.41734023194056, 46.293824285892256], [-120.41515079864132, 46.2932238991331], [-120.41320807685506, 46.292709197753084], [-120.41206702330643, 46.292473086759756]]}, "properties": {"fault_name": "Toppenish Ridge structures", "age": "latest Quaternary", "slip_rate": "Less than 0.2 mm/yr", "dip_direction": "S", "strike": "N89\u00b0W", "linetype": "Well Constrained", "total_fault_length": 82}}, {"type": "Feature", "geometry": {"type": "LineString", "coordinates": [[-120.91666256986993, 46.22466935686787], [-120.9100385753228, 46.22605938422922], [-120.90684802174168, 46.22686338184503]]}, "properties": {"fault_name": "Toppenish Ridge structures", "age": "latest Quaternary", "slip_rate": "Less than 0.2 mm/yr", "dip_direction": "N", "strike": "N78\u00b0E", "linetype": "Inferred", "total_fault_length": 82}}, {"type": "Feature", "geometry": {"type": "LineString", "coordinates": [[-120.85155531103902, 46.247279607227476], [-120.84770569766991, 46.24865540027937], [-120.84453786517727, 46.25004613773085], [-120.84173240857865, 46.25125419329979], [-120.83856518604208, 46.25223315768964], [-120.83566137110637, 46.25323516828506], [-120.83193303838546, 46.254373113717946], [-120.8287659802406, 46.25519172311587], [-120.82315810963723, 46.25650953590686], [-120.81883649716333, 46.257600487884865], [-120.81494407098613, 46.25841748579354], [-120.81157861092761, 46.259281068948205], [-120.80590285733317, 46.260803629083505], [-120.80243851432142, 46.26171254030146], [-120.79795234935209, 46.262505080038174], [-120.79488452091014, 46.26311706680666], [-120.79036375014113, 46.264229388819125], [-120.78802107593249, 46.264705306805766], [-120.78485662290193, 46.26474532721803], [-120.78208653297608, 46.26496878692083], [-120.77931786777823, 46.264894895192285], [-120.77714426728585, 46.26452486122179], [-120.77460727490485, 46.26422276423226], [-120.7733226876418, 46.26401452996357], [-120.77210273775671, 46.264080700281], [-120.77094522527547, 46.26487872796715], [-120.77028220571374, 46.265631951768114], [-120.76965297897632, 46.26622518071495], [-120.76816813567692, 46.26661089796072], [-120.76631889617236, 46.267178955796], [-120.76423868543525, 46.267929282726676], [-120.7625534612336, 46.268703255811026], [-120.7606369100665, 46.269591024142116], [-120.7589196860778, 46.27020484873595]]}, "properties": {"fault_name": "Toppenish Ridge structures", "age": "latest Quaternary", "slip_rate": "Less than 0.2 mm/yr", "dip_direction": "N", "strike": "N78\u00b0E", "linetype": "Inferred", "total_fault_length": 82}}, {"type": "Feature", "geometry": {"type": "LineString", "coordinates": [[-120.74925176186855, 46.278232987235285], [-120.74410454913955, 46.278930577745406], [-120.73664318820373, 46.280697292878415], [-120.73022602266596, 46.28211091178728], [-120.72555025478118, 46.28314075101951], [-120.7185184843839, 46.28456435089122], [-120.71131987887206, 46.2862843347675], [-120.70565324407607, 46.28776869516022], [-120.70431754985991, 46.28811859972104], [-120.69767720417802, 46.290090631859286], [-120.69699400486174, 46.29027340795483], [-120.69149959058042, 46.29174339415669], [-120.68284670604838, 46.293571988048], [-120.67584859642315, 46.29453561614785], [-120.6692133621552, 46.29538566981641], [-120.66175216561108, 46.29643858491919], [-120.6562732930825, 46.296971130115395], [-120.65542039482256, 46.29703322819016], [-120.6499375733, 46.29743212926021], [-120.64886607810045, 46.297495923072205]]}, "properties": {"fault_name": "Toppenish Ridge structures", "age": "latest Quaternary", "slip_rate": "Less than 0.2 mm/yr", "dip_direction": "N", "strike": "N78\u00b0E", "linetype": "Inferred", "total_fault_length": 82}}, {"type": "Feature", "geometry": {"type": "LineString", "coordinates": [[-120.56000850491617, 46.28076485424493], [-120.56089480433505, 46.28063952409099], [-120.56274350664705, 46.280372260704134], [-120.5651214873413, 46.27994681478995], [-120.56546248782314, 46.279844984132296], [-120.56723715637935, 46.27931460375084], [-120.57024479500231, 46.278434144777876], [-120.57107654871714, 46.27822924272646], [-120.572987138664, 46.27775841790982], [-120.57427600639937, 46.277443078957425], [-120.57513449128209, 46.277286205709984], [-120.5772465679573, 46.277065323243896], [-120.57985301717775, 46.276869165068966], [-120.58282304962799, 46.27651414511316], [-120.5830820914166, 46.276515070248756], [-120.58516381222172, 46.27652261413929], [-120.58763495629576, 46.27676025795565], [-120.58987605799523, 46.276882596831925], [-120.59264544364191, 46.276892544766085], [-120.59518525134303, 46.276787184241904], [-120.59798862115524, 46.27672841603889], [-120.60029508337645, 46.276896512266525], [-120.60111803180486, 46.27708234370284], [-120.60246569337725, 46.27763576371737], [-120.60338227320773, 46.27843927879003], [-120.60362053876041, 46.27868980918086], [-120.60382116041114, 46.278901123711634], [-120.6040366428916, 46.27912750772882], [-120.60459238384549, 46.2796781957899], [-120.6052172277026, 46.279908998967706], [-120.60542040506031, 46.27990161199961], [-120.60637152691008, 46.279867220180336], [-120.60782564333522, 46.279437799303274], [-120.60961270684568, 46.278643572842945], [-120.61103832242179, 46.27759661077835], [-120.61276569467827, 46.27595605886334], [-120.61416199912499, 46.274428759709494], [-120.61565788631253, 46.27281041830714], [-120.61576826859967, 46.272648168737454]]}, "properties": {"fault_name": "Toppenish Ridge structures", "age": "latest Quaternary", "slip_rate": "Less than 0.2 mm/yr", "dip_direction": "N", "strike": "N78\u00b0E", "linetype": "Inferred", "total_fault_length": 82}}, {"type": "Feature", "geometry": {"type": "LineString", "coordinates": [[-120.51910841843936, 46.28412182117443], [-120.5197432722237, 46.28417861472324], [-120.52178486977665, 46.28453010975048], [-120.52359416209882, 46.28499499305458], [-120.52487498003092, 46.28554908803538], [-120.52576215440888, 46.28589578797805], [-120.52725961364817, 46.28652033400554], [-120.52770025256639, 46.28670404573699], [-120.5292111317377, 46.28737346820474], [-120.53101917629992, 46.28797543190599], [-120.5327316383193, 46.28825680726315], [-120.53520583037711, 46.288152548100975], [-120.53731800856197, 46.28795528802884], [-120.53963118209666, 46.287438700890476], [-120.5397058168254, 46.287400882789974], [-120.54052579901675, 46.28698496887026], [-120.54135508236456, 46.28646235284218], [-120.54172274035247, 46.28619356216864], [-120.54235081455134, 46.28573459897507], [-120.5435121188214, 46.28496186776183], [-120.5451678109081, 46.284190986835206], [-120.54662153566775, 46.28376577606361], [-120.54771342172592, 46.283446448784666], [-120.54939719155513, 46.28322446312093], [-120.55013812379809, 46.28301709693435], [-120.5519753528273, 46.2825028670747], [-120.55297333170058, 46.282272398897334], [-120.55382598202556, 46.282075583275535], [-120.55596381968817, 46.28164187170976], [-120.556369141341, 46.281559575186954], [-120.55884785731457, 46.28092896777763], [-120.55913653721935, 46.2808881129672]]}, "properties": {"fault_name": "Toppenish Ridge structures", "age": "latest Quaternary", "slip_rate": "Less than 0.2 mm/yr", "dip_direction": "N", "strike": "N78\u00b0E", "linetype": "Inferred", "total_fault_length": 82}}, {"type": "Feature", "geometry": {"type": "LineString", "coordinates": [[-120.43899749144492, 46.28300338978813], [-120.44044470611371, 46.28338379022512], [-120.44271394214955, 46.28396648927923], [-120.44307571168078, 46.284104470147795], [-120.44392874558636, 46.28442976699362], [-120.44524677622913, 46.284527588038245], [-120.44603724067855, 46.28464579798592], [-120.44709915893885, 46.284753760083916], [-120.44745362696342, 46.28478983121101], [-120.44889990199445, 46.28523122381761], [-120.44981814819975, 46.28567013900919], [-120.4509710379506, 46.28581281187113], [-120.45196203960909, 46.28563473022713], [-120.45328331496661, 46.2854581459827], [-120.45456985786203, 46.285418562214105], [-120.45579932090595, 46.28564811079872], [-120.45595207762341, 46.28567662194638], [-120.45643604677936, 46.28577835795851], [-120.45739954112554, 46.28598079393974], [-120.45871814399511, 46.28605557911238], [-120.45923980376543, 46.28601600384573], [-120.46013725487026, 46.28594802185152], [-120.46185249358217, 46.28588742283106], [-120.46264354013992, 46.28595975601324], [-120.46291043679734, 46.28610441277923], [-120.46306958772296, 46.28619041726308], [-120.46398740902518, 46.2867206559696], [-120.46490945330753, 46.28686217082555], [-120.46626336266272, 46.286662652049344], [-120.4663602863903, 46.28664331284321], [-120.46738686762224, 46.28643931307247], [-120.46867602731007, 46.28617093200528], [-120.47065372230696, 46.28627155278887], [-120.47180461869617, 46.28657417883464], [-120.47327961376511, 46.28742695276782], [-120.47439770996834, 46.288169080919616]]}, "properties": {"fault_name": "Toppenish Ridge structures", "age": "latest Quaternary", "slip_rate": "Less than 0.2 mm/yr", "dip_direction": "N", "strike": "N78\u00b0E", "linetype": "Inferred", "total_fault_length": 82}}, {"type": "Feature", "geometry": {"type": "LineString", "coordinates": [[-120.39921825271102, 46.273388448016036], [-120.3997954750783, 46.274008199031684], [-120.40077467736555, 46.27485942007102], [-120.40195510317476, 46.275437264869666], [-120.4029750880776, 46.27562547125463], [-120.40439633514646, 46.27533564997964], [-120.40574960579949, 46.27518269796435], [-120.40663290843858, 46.27526163686725]]}, "properties": {"fault_name": "Toppenish Ridge structures", "age": "latest Quaternary", "slip_rate": "Less than 0.2 mm/yr", "dip_direction": "N", "strike": "N78\u00b0E", "linetype": "Inferred", "total_fault_length": 82}}, {"type": "Feature", "geometry": {"type": "LineString", "coordinates": [[-120.34739241826918, 46.27678308075797], [-120.34898295285338, 46.27706851524004], [-120.35069667161585, 46.27714679017941], [-120.35273963191307, 46.27722700776657], [-120.35331138713353, 46.277307702077756], [-120.35408921408354, 46.277417535706945], [-120.3560344268981, 46.277451380200795], [-120.35652589788498, 46.277421750282016], [-120.35742033514201, 46.277367772279895], [-120.35880501269402, 46.27737558303427], [-120.3603530300158, 46.27749858302131], [-120.36272630263963, 46.27755760309835], [-120.36463846194331, 46.27756820718488], [-120.36547702937956, 46.27751478377737]]}, "properties": {"fault_name": "Toppenish Ridge structures", "age": "latest Quaternary", "slip_rate": "Less than 0.2 mm/yr", "dip_direction": "N", "strike": "N78\u00b0E", "linetype": "Inferred", "total_fault_length": 82}}, {"type": "Feature", "geometry": {"type": "LineString", "coordinates": [[-120.35137130010601, 46.26702180290192], [-120.35207246842293, 46.26727637790678], [-120.35345504032388, 46.26742145225484], [-120.35441396044865, 46.26722103985401], [-120.35643031713877, 46.2667521877905], [-120.35834448866865, 46.26660290620057], [-120.35843986190406, 46.26661005214704]]}, "properties": {"fault_name": "Toppenish Ridge structures", "age": "latest Quaternary", "slip_rate": "Less than 0.2 mm/yr", "dip_direction": "N", "strike": "N78\u00b0E", "linetype": "Inferred", "total_fault_length": 82}}, {"type": "Feature", "geometry": {"type": "LineString", "coordinates": [[-120.27382912722605, 46.28729406875425], [-120.27479014671366, 46.286980098868646], [-120.27713760624779, 46.286537557006554], [-120.27988192440647, 46.28600609791919], [-120.28177071224141, 46.28537772627146], [-120.28428749881672, 46.284593176730134], [-120.285778057198, 46.28412235010473], [-120.28803331724464, 46.28317602979954], [-120.28946023717455, 46.282521732188044], [-120.29141539074605, 46.28180214212119], [-120.29350107401987, 46.28119767377217], [-120.29461845067254, 46.28079032515835], [-120.29887899118187, 46.28095647623154], [-120.30211430601697, 46.28067900887255], [-120.30554389141373, 46.28067703891802], [-120.30735325829606, 46.280985282239214], [-120.30747982013982, 46.28098600987041]]}, "properties": {"fault_name": "Toppenish Ridge structures", "age": "latest Quaternary", "slip_rate": "Less than 0.2 mm/yr", "dip_direction": "N", "strike": "N78\u00b0E", "linetype": "Inferred", "total_fault_length": 82}}, {"type": "Feature", "geometry": {"type": "LineString", "coordinates": [[-120.90684802174168, 46.22686338184503], [-120.90578711408608, 46.227130865732526], [-120.90189723463268, 46.228431007758736], [-120.89958905842592, 46.22943520805457], [-120.89632501816295, 46.230507058034], [-120.89250053696053, 46.23176131398906], [-120.88867538741157, 46.23301535797154], [-120.88448727267372, 46.23452056476395], [-120.87996793381929, 46.236734071017786], [-120.87591027422363, 46.238536150835834], [-120.87257730263568, 46.24022473389599], [-120.86934380060082, 46.241821798846566], [-120.86525404779333, 46.2431434381235], [-120.86241767926748, 46.24396321102156], [-120.85842704297517, 46.245078957029534], [-120.85456732535573, 46.246446188719155], [-120.8524234078953, 46.2469694379924], [-120.85155531103902, 46.247279607227476]]}, "properties": {"fault_name": "Toppenish Ridge structures", "age": "latest Quaternary", "slip_rate": "Less than 0.2 mm/yr", "dip_direction": "N", "strike": "N78\u00b0E", "linetype": "Well Constrained", "total_fault_length": 82}}, {"type": "Feature", "geometry": {"type": "LineString", "coordinates": [[-120.61576826859967, 46.272648168737454], [-120.6163251045999, 46.27182937287407], [-120.61680817993215, 46.27119866776293], [-120.61702408192583, 46.270917106060125], [-120.61782234015865, 46.26998227911505], [-120.61908223542947, 46.269048934031716], [-120.62053748732514, 46.26841350598037], [-120.62284831625695, 46.26800954671899], [-120.6250586955737, 46.26778818409243], [-120.6262450628402, 46.267837776751065], [-120.628682821925, 46.26805142769584], [-120.62967341574837, 46.267871712237536], [-120.631029659825, 46.26723583397506], [-120.63205246992939, 46.26710199308169], [-120.6333039120534, 46.26728889418159], [-120.6350151056516, 46.26770593010419], [-120.63520827128545, 46.26766747986983], [-120.63580703165997, 46.26754841978411], [-120.63726058933302, 46.267118537220874], [-120.63933788863031, 46.267079333297474], [-120.6399850196896, 46.267132868722584], [-120.64134750795576, 46.26724567498512], [-120.64254562159292, 46.26724949228063], [-120.64332558204173, 46.2672519402679], [-120.64477646004026, 46.2671421247667], [-120.64589851961051, 46.26698549527373], [-120.64788084721935, 46.266374234180375]]}, "properties": {"fault_name": "Toppenish Ridge structures", "age": "latest Quaternary", "slip_rate": "Less than 0.2 mm/yr", "dip_direction": "N", "strike": "N78\u00b0E", "linetype": "Well Constrained", "total_fault_length": 82}}, {"type": "Feature", "geometry": {"type": "LineString", "coordinates": [[-120.50128526558571, 46.29065842398317], [-120.50145437613288, 46.290599892261284], [-120.50240523836955, 46.29018699212255], [-120.50429160434646, 46.289532048246436], [-120.50454426719821, 46.28941797683158], [-120.50534378486908, 46.28905690513338], [-120.50604687737733, 46.288739279776976], [-120.50774267385157, 46.28730608321752], [-120.50940622799361, 46.285781168901956], [-120.51086513962574, 46.28496427026037], [-120.51251743069075, 46.28460546307742], [-120.51347163196534, 46.28446266973863], [-120.51519214917786, 46.284205194056554], [-120.51786541329251, 46.28401070410898], [-120.51910841843936, 46.28412182117443]]}, "properties": {"fault_name": "Toppenish Ridge structures", "age": "latest Quaternary", "slip_rate": "Less than 0.2 mm/yr", "dip_direction": "N", "strike": "N78\u00b0E", "linetype": "Well Constrained", "total_fault_length": 82}}, {"type": "Feature", "geometry": {"type": "LineString", "coordinates": [[-120.47439770996834, 46.288169080919616], [-120.47445900291851, 46.288209799940105], [-120.47577201197879, 46.28881038816428], [-120.47741794656488, 46.28911511881608], [-120.47768840234745, 46.2891569060702], [-120.47909704784954, 46.28937432690394], [-120.48179974436617, 46.289546612254604], [-120.48324847000129, 46.289759017773775], [-120.48443416083636, 46.28992449421073], [-120.48680607700413, 46.29018668113109], [-120.48831857673622, 46.2906279228645], [-120.48963128935249, 46.29129682190022], [-120.49097918179189, 46.291714447935504], [-120.4920017816905, 46.2917189798423], [-120.49368753410155, 46.2913377390908], [-120.49414741493315, 46.29123372911898], [-120.49547216138096, 46.29093402515614], [-120.49791490072573, 46.29073896629626], [-120.50062266643549, 46.29071876012044], [-120.50102566594333, 46.29071575700237], [-120.50120367789667, 46.290686789753806], [-120.50128526558571, 46.29065842398317]]}, "properties": {"fault_name": "Toppenish Ridge structures", "age": "latest Quaternary", "slip_rate": "Less than 0.2 mm/yr", "dip_direction": "N", "strike": "N78\u00b0E", "linetype": "Well Constrained", "total_fault_length": 82}}, {"type": "Feature", "geometry": {"type": "LineString", "coordinates": [[-120.42363989604256, 46.27929873072262], [-120.4249482006257, 46.28024285871166], [-120.42599755415011, 46.28077400492615], [-120.42691828779047, 46.281007265140346], [-120.42829801921849, 46.28147150224344], [-120.42977775829048, 46.281844773703504], [-120.43053671343301, 46.28180282069547], [-120.431657507277, 46.28180838401073], [-120.4318902940048, 46.28186816804022], [-120.43313726970518, 46.28218829670026], [-120.43356479411858, 46.28229806715498], [-120.43445243382388, 46.28255395689325], [-120.43534230404597, 46.28260408376088], [-120.43669345287833, 46.28265651881674], [-120.43840585920216, 46.282847875303425], [-120.43899749144492, 46.28300338978813]]}, "properties": {"fault_name": "Toppenish Ridge structures", "age": "latest Quaternary", "slip_rate": "Less than 0.2 mm/yr", "dip_direction": "N", "strike": "N78\u00b0E", "linetype": "Well Constrained", "total_fault_length": 82}}, {"type": "Feature", "geometry": {"type": "LineString", "coordinates": [[-120.40663290843858, 46.27526163686725], [-120.40683649093647, 46.27527983016518], [-120.40717799357658, 46.2753304132266], [-120.40795588969686, 46.275445706121324], [-120.40901141285065, 46.27538254106348], [-120.41036342226901, 46.2753895269126], [-120.41201377297301, 46.27523793422153], [-120.41287212131182, 46.27512804592973], [-120.41458937135168, 46.27486240481002], [-120.41630484093062, 46.27477969823452], [-120.41788374772176, 46.27510786628287], [-120.4198192740026, 46.27598660416389], [-120.42070222899369, 46.276631314966814], [-120.42117931974947, 46.27728850671953], [-120.42131894669073, 46.27748064874828], [-120.42202328875555, 46.27825788315219], [-120.42206820541809, 46.27830761783145], [-120.42363989604256, 46.27929873072262]]}, "properties": {"fault_name": "Toppenish Ridge structures", "age": "latest Quaternary", "slip_rate": "Less than 0.2 mm/yr", "dip_direction": "N", "strike": "N78\u00b0E", "linetype": "Well Constrained", "total_fault_length": 82}}, {"type": "Feature", "geometry": {"type": "LineString", "coordinates": [[-120.36547702937956, 46.27751478377737], [-120.3669484716116, 46.277420964240214], [-120.36932729043399, 46.277022491741356], [-120.37137881706579, 46.27662240015476], [-120.37160780661486, 46.27657775404885], [-120.37414931931839, 46.2763401311724], [-120.37649361857936, 46.27607867086888], [-120.3782406190248, 46.27608818121365], [-120.37995310889193, 46.27628041810253], [-120.38222071358723, 46.27695576085919], [-120.38514739873175, 46.27761175786544], [-120.38761418507836, 46.27812805583171], [-120.3904705132715, 46.27917239389512], [-120.3924401252275, 46.279914602210155], [-120.39550092255571, 46.28038818371037], [-120.39681698409134, 46.28064664523597], [-120.39790713729934, 46.28089649005286], [-120.39875712771274, 46.28109126609019], [-120.39904421939609, 46.28117267488924], [-120.40072922979869, 46.28165045728178], [-120.40165118874108, 46.281701560932845], [-120.40346446059999, 46.28180192172425], [-120.40610086683851, 46.28193001628098], [-120.4084418270616, 46.281942208237844], [-120.40976262092215, 46.28178892513194], [-120.41062619835425, 46.281267460242155], [-120.41069753357097, 46.28117976306022], [-120.41096058094739, 46.28085758095334], [-120.4117578851694, 46.28033579801438], [-120.4131461200499, 46.280022789689944], [-120.41400623896813, 46.27977569626315], [-120.41463600828794, 46.27950451412469], [-120.41553382590541, 46.27884592405295], [-120.4175814843916, 46.27853626428027], [-120.41906226281436, 46.27877247694885], [-120.42077102287644, 46.2793071378528], [-120.42195629779155, 46.2794731798058], [-120.42264842097188, 46.27947665229166], [-120.42363989604256, 46.27929873072262]]}, "properties": {"fault_name": "Toppenish Ridge structures", "age": "latest Quaternary", "slip_rate": "Less than 0.2 mm/yr", "dip_direction": "N", "strike": "N78\u00b0E", "linetype": "Well Constrained", "total_fault_length": 82}}, {"type": "Feature", "geometry": {"type": "LineString", "coordinates": [[-120.35843986190406, 46.26661005214704], [-120.36032066102115, 46.266751204736444], [-120.36238506410425, 46.26680368290807], [-120.36262723732844, 46.26680980292589], [-120.36539915083434, 46.26657376722342], [-120.36630222808775, 46.26654826672437], [-120.36945533000636, 46.26645903506719], [-120.36980872095096, 46.2664609831765], [-120.37136759710788, 46.266469525793404], [-120.37277965800466, 46.26691176524087], [-120.37452261243807, 46.267264285151974], [-120.3764294267658, 46.26773204609265], [-120.37886371026877, 46.268179856820254], [-120.38076945470301, 46.26871610088191], [-120.38363067961278, 46.26925749382019], [-120.38636396915471, 46.269546569156965], [-120.3891654686745, 46.26960726387346], [-120.3922612059757, 46.269852501737006], [-120.39244059774133, 46.26987075271817], [-120.39379814617172, 46.270008885827195], [-120.39463234689738, 46.2700937301477], [-120.39601152765816, 46.270558357777055], [-120.39702609212655, 46.27120397383694], [-120.39800702456904, 46.271872259974394], [-120.39832756322534, 46.27228268895099], [-120.3990293100573, 46.27318158108959], [-120.39904656938886, 46.27320396327744], [-120.39921825271102, 46.273388448016036]]}, "properties": {"fault_name": "Toppenish Ridge structures", "age": "latest Quaternary", "slip_rate": "Less than 0.2 mm/yr", "dip_direction": "N", "strike": "N78\u00b0E", "linetype": "Well Constrained", "total_fault_length": 82}}, {"type": "Feature", "geometry": {"type": "LineString", "coordinates": [[-120.38218332480676, 46.295689062942], [-120.38622582712864, 46.29508747697877], [-120.38998849705298, 46.29490178916343], [-120.39150507423813, 46.29495560527071], [-120.39262316594977, 46.29521306890476], [-120.39380210594548, 46.295973870113144], [-120.39442162728456, 46.29654878114881], [-120.39461231266993, 46.29716725480011], [-120.39467087384328, 46.29783068171962]]}, "properties": {"fault_name": "Toppenish Ridge structures", "age": "latest Quaternary", "slip_rate": "Less than 0.2 mm/yr", "dip_direction": "N", "strike": "N78\u00b0E", "linetype": "Well Constrained", "total_fault_length": 82}}, {"type": "Feature", "geometry": {"type": "LineString", "coordinates": [[-120.36664964613401, 46.29921091002439], [-120.36844524902956, 46.298031764822404], [-120.3706658601574, 46.2971522409761], [-120.37268613260382, 46.29647734888759], [-120.37450495155956, 46.2960757409273], [-120.37527621092654, 46.29573149130697]]}, "properties": {"fault_name": "Toppenish Ridge structures", "age": "latest Quaternary", "slip_rate": "Less than 0.2 mm/yr", "dip_direction": "N", "strike": "N78\u00b0E", "linetype": "Well Constrained", "total_fault_length": 82}}, {"type": "Feature", "geometry": {"type": "LineString", "coordinates": [[-120.35137130010601, 46.26702180290192], [-120.35079259372189, 46.266811773999976], [-120.34882016914077, 46.26638900120544], [-120.34681154874187, 46.2661945237805], [-120.34513899707392, 46.266363223028364], [-120.34423671482953, 46.26645420112273], [-120.34222158344146, 46.266808434227904], [-120.34143424872249, 46.266969732939096], [-120.34070131058724, 46.26711979226761], [-120.33974101873503, 46.267434405059], [-120.33809133278434, 46.26753918926949], [-120.33528922690174, 46.26756867176618], [-120.33400105086915, 46.267766985794275], [-120.33177920994768, 46.268760026841065], [-120.329791865248, 46.26950297108243], [-120.32747811499489, 46.269969615043266], [-120.32545897622235, 46.27057506418651], [-120.32374007238408, 46.27095367685476], [-120.32086904775286, 46.271142437007676], [-120.31948948071653, 46.27128251112399], [-120.31895446389625, 46.27133685030648], [-120.3176994096465, 46.27148944110448], [-120.31475117212167, 46.27256942228737], [-120.31210201160273, 46.273468058867046], [-120.31157851926922, 46.27361270515129], [-120.30902434840503, 46.274318440117625], [-120.30664258400681, 46.27489852280895], [-120.30512246117121, 46.275186525262534], [-120.30283808403126, 46.27588152813438], [-120.30200808921776, 46.276288001141964], [-120.30090914329976, 46.27710448277144], [-120.29954336540305, 46.27814800774597], [-120.2988958031524, 46.27867012692234], [-120.29827649201911, 46.27916923989436], [-120.29731150736785, 46.27982644404813], [-120.29673529021537, 46.28003005929976], [-120.295721455179, 46.28038825324583], [-120.29461845067254, 46.28079032515835]]}, "properties": {"fault_name": "Toppenish Ridge structures", "age": "latest Quaternary", "slip_rate": "Less than 0.2 mm/yr", "dip_direction": "N", "strike": "N78\u00b0E", "linetype": "Well Constrained", "total_fault_length": 82}}, {"type": "Feature", "geometry": {"type": "LineString", "coordinates": [[-120.30747982013982, 46.28098600987041], [-120.30847402069907, 46.28099205876991], [-120.3094341571427, 46.280700590207346], [-120.31026024608136, 46.280568456006684], [-120.31180670392777, 46.28085219386211], [-120.31433797044717, 46.28143908878686], [-120.31605063279086, 46.28156364478791], [-120.31759924300076, 46.281664347292875], [-120.31852485000152, 46.28148697916707], [-120.31912464613355, 46.28101034887978], [-120.31962297485933, 46.28071608783673], [-120.32084511214211, 46.280563250796256], [-120.3222325115894, 46.28036566973175], [-120.32339016600449, 46.28012101098412], [-120.32507480989446, 46.279879464748284], [-120.32678602505221, 46.280141142841586], [-120.32879451968697, 46.28035876709044], [-120.32898342820468, 46.28034191217527], [-120.33047837036455, 46.28020857823954], [-120.33249470639339, 46.279808791786195], [-120.33403338123624, 46.27942978519969], [-120.33494272334045, 46.27920564127387], [-120.33742401298731, 46.27853401423476], [-120.33957474416917, 46.277951932919386], [-120.34047672368136, 46.277693456198804], [-120.34129557309713, 46.27745885069793], [-120.34233027509924, 46.27711347697895], [-120.34301957397633, 46.27688330775347], [-120.34331548082756, 46.27678456469304], [-120.34470520062322, 46.276403837170136], [-120.3456938199496, 46.27643234816149], [-120.3468775596439, 46.27669060792973], [-120.34739241826918, 46.27678308075797]]}, "properties": {"fault_name": "Toppenish Ridge structures", "age": "latest Quaternary", "slip_rate": "Less than 0.2 mm/yr", "dip_direction": "N", "strike": "N78\u00b0E", "linetype": "Well Constrained", "total_fault_length": 82}}, {"type": "Feature", "geometry": {"type": "LineString", "coordinates": [[-120.29680414787858, 46.28611359174569], [-120.2975614887485, 46.28575039005661], [-120.29894902114646, 46.28557597399664], [-120.30198007525563, 46.285800243955435], [-120.30412554500488, 46.28563042316488], [-120.30677387098895, 46.28489196494137], [-120.30879324961167, 46.28428684717278], [-120.31134003722254, 46.28370767899641], [-120.31411100120916, 46.283632885031146], [-120.31634642106447, 46.28417220300194], [-120.31772997212909, 46.28427195087523], [-120.31944717365991, 46.28409926899819], [-120.32195806638866, 46.283725390842044], [-120.32273763068041, 46.283613146812385], [-120.3239406068982, 46.28343993702595], [-120.32648392341882, 46.28311202871435], [-120.3281672979893, 46.28298466825078], [-120.32833881871636, 46.28299718218001], [-120.33020973636533, 46.28313384686532], [-120.33156129123617, 46.283187531126394], [-120.33258716729065, 46.28287342595561], [-120.3328153160166, 46.28247587406429], [-120.3329922679579, 46.28216685625964], [-120.3332979170384, 46.28148267674541], [-120.33307034682745, 46.28120700194226]]}, "properties": {"fault_name": "Toppenish Ridge structures", "age": "latest Quaternary", "slip_rate": "Less than 0.2 mm/yr", "dip_direction": "N", "strike": "N78\u00b0E", "linetype": "Well Constrained", "total_fault_length": 82}}, {"type": "Feature", "geometry": {"type": "LineString", "coordinates": [[-120.62554569923869, 46.28211843069489], [-120.62299635232756, 46.282292295290226], [-120.62131067627331, 46.28249369805732], [-120.62040636742964, 46.282694250172746]]}, "properties": {"fault_name": "Toppenish Ridge structures", "age": "latest Quaternary", "slip_rate": "Less than 0.2 mm/yr", "dip_direction": "N", "strike": "N78\u00b0E", "linetype": "Well Constrained", "total_fault_length": 82}}, {"type": "Feature", "geometry": {"type": "LineString", "coordinates": [[-120.61170696004736, 46.28318834378076], [-120.61022702244767, 46.28347848297584], [-120.60925578013216, 46.28365584403355], [-120.60809965375141, 46.283929606829034], [-120.60648146992108, 46.28452456223171]]}, "properties": {"fault_name": "Toppenish Ridge structures", "age": "latest Quaternary", "slip_rate": "Less than 0.2 mm/yr", "dip_direction": "N", "strike": "N78\u00b0E", "linetype": "Well Constrained", "total_fault_length": 82}}, {"type": "Feature", "geometry": {"type": "LineString", "coordinates": [[-120.61115853766806, 46.28532687188493], [-120.6103775261904, 46.28552722490748], [-120.609267202211, 46.285585321907504], [-120.60823885129794, 46.28550076602898], [-120.60692305656194, 46.28564457600391], [-120.60556629236079, 46.285873949199384], [-120.60449741395367, 46.28610304083839]]}, "properties": {"fault_name": "Toppenish Ridge structures", "age": "latest Quaternary", "slip_rate": "Less than 0.2 mm/yr", "dip_direction": "N", "strike": "N78\u00b0E", "linetype": "Well Constrained", "total_fault_length": 82}}, {"type": "Feature", "geometry": {"type": "LineString", "coordinates": [[-120.59635080823764, 46.28909104412393], [-120.59345176605106, 46.28945700400139], [-120.59055275530551, 46.28986566002239], [-120.58879508287448, 46.29027335829559], [-120.58722237535711, 46.29061673222657], [-120.5853716733953, 46.29074644429265], [-120.58339734079252, 46.29072652303713], [-120.58083660773518, 46.290514524128696], [-120.57895436861867, 46.290173687148666], [-120.57756580764972, 46.28989664015975]]}, "properties": {"fault_name": "Toppenish Ridge structures", "age": "latest Quaternary", "slip_rate": "Less than 0.2 mm/yr", "dip_direction": "N", "strike": "N78\u00b0E", "linetype": "Well Constrained", "total_fault_length": 82}}, {"type": "Feature", "geometry": {"type": "LineString", "coordinates": [[-120.56283013298655, 46.29630890681642], [-120.55571448958615, 46.29708246481118]]}, "properties": {"fault_name": "Toppenish Ridge structures", "age": "latest Quaternary", "slip_rate": "Less than 0.2 mm/yr", "dip_direction": "N", "strike": "N78\u00b0E", "linetype": "Well Constrained", "total_fault_length": 82}}, {"type": "Feature", "geometry": {"type": "LineString", "coordinates": [[-120.55064891485179, 46.29571022002612], [-120.54591939896697, 46.29690977800981]]}, "properties": {"fault_name": "Toppenish Ridge structures", "age": "latest Quaternary", "slip_rate": "Less than 0.2 mm/yr", "dip_direction": "N", "strike": "N78\u00b0E", "linetype": "Well Constrained", "total_fault_length": 82}}, {"type": "Feature", "geometry": {"type": "LineString", "coordinates": [[-120.54661683837712, 46.29471398416509], [-120.54340861583269, 46.29502889785255], [-120.5388842733621, 46.295657821050966], [-120.53386640815252, 46.296628871021554], [-120.53020571228429, 46.297314216272625], [-120.52843697440562, 46.29754277719152]]}, "properties": {"fault_name": "Toppenish Ridge structures", "age": "latest Quaternary", "slip_rate": "Less than 0.2 mm/yr", "dip_direction": "N", "strike": "N78\u00b0E", "linetype": "Well Constrained", "total_fault_length": 82}}, {"type": "Feature", "geometry": {"type": "LineString", "coordinates": [[-120.54468490176417, 46.29639703286894], [-120.54328677104247, 46.296996348952014], [-120.54086026155996, 46.29768156112795], [-120.53839259396605, 46.298423760735815], [-120.53522528339461, 46.29879545506791], [-120.53283930230442, 46.29876765580068], [-120.5307823417635, 46.29859715216112]]}, "properties": {"fault_name": "Toppenish Ridge structures", "age": "latest Quaternary", "slip_rate": "Less than 0.2 mm/yr", "dip_direction": "N", "strike": "N78\u00b0E", "linetype": "Well Constrained", "total_fault_length": 82}}, {"type": "Feature", "geometry": {"type": "LineString", "coordinates": [[-120.51654259103606, 46.300458216087115], [-120.51451309917987, 46.300496509259055], [-120.51094773881778, 46.30042087492787], [-120.5067790456564, 46.30049723290734], [-120.50392678413654, 46.30068745525592]]}, "properties": {"fault_name": "Toppenish Ridge structures", "age": "latest Quaternary", "slip_rate": "Less than 0.2 mm/yr", "dip_direction": "N", "strike": "N78\u00b0E", "linetype": "Well Constrained", "total_fault_length": 82}}, {"type": "Feature", "geometry": {"type": "LineString", "coordinates": [[-120.60787011084012, 46.28621394569643], [-120.60602007991982, 46.28658635610074], [-120.60445808211723, 46.287044011009264], [-120.6034301956332, 46.28721602930702], [-120.60269031082584, 46.2874448049471]]}, "properties": {"fault_name": "Toppenish Ridge structures", "age": "latest Quaternary", "slip_rate": "Less than 0.2 mm/yr", "dip_direction": "S", "strike": "N78\u00b0E", "linetype": "Well Constrained", "total_fault_length": 82}}, {"type": "Feature", "geometry": {"type": "LineString", "coordinates": [[-120.59135630192038, 46.29076318179164], [-120.58966013084869, 46.29106391772441], [-120.58725475872481, 46.29157902624458], [-120.58429408941477, 46.29211587869752], [-120.58204254569844, 46.2924169119744], [-120.57880379480736, 46.29271858789652], [-120.57399170039173, 46.29304259217088], [-120.57078371769745, 46.29334402070919], [-120.56933410003525, 46.2936015297828], [-120.56680515386427, 46.2942232047517], [-120.56600317301289, 46.294330596176174], [-120.56501598380443, 46.29435255013587]]}, "properties": {"fault_name": "Toppenish Ridge structures", "age": "latest Quaternary", "slip_rate": "Less than 0.2 mm/yr", "dip_direction": "S", "strike": "N78\u00b0E", "linetype": "Well Constrained", "total_fault_length": 82}}, {"type": "Feature", "geometry": {"type": "LineString", "coordinates": [[-120.58037592830128, 46.29190486528687], [-120.57889563407046, 46.292226673308065], [-120.57766193726658, 46.29241998576083], [-120.57642817219076, 46.29257051480535]]}, "properties": {"fault_name": "Toppenish Ridge structures", "age": "latest Quaternary", "slip_rate": "Less than 0.2 mm/yr", "dip_direction": "S", "strike": "N78\u00b0E", "linetype": "Well Constrained", "total_fault_length": 82}}, {"type": "Feature", "geometry": {"type": "LineString", "coordinates": [[-120.55060854635954, 46.29653711814983], [-120.5496215251361, 46.29679417091511], [-120.54653714074344, 46.29773640727484]]}, "properties": {"fault_name": "Toppenish Ridge structures", "age": "latest Quaternary", "slip_rate": "Less than 0.2 mm/yr", "dip_direction": "S", "strike": "N78\u00b0E", "linetype": "Well Constrained", "total_fault_length": 82}}, {"type": "Feature", "geometry": {"type": "LineString", "coordinates": [[-120.51467787715244, 46.30133287209949], [-120.51094792207411, 46.30133329225591], [-120.50688885481841, 46.30133361001088], [-120.50529816392735, 46.30159981725133], [-120.50315893207944, 46.301904037972704], [-120.50173277392089, 46.30243631094143]]}, "properties": {"fault_name": "Toppenish Ridge structures", "age": "latest Quaternary", "slip_rate": "Less than 0.2 mm/yr", "dip_direction": "S", "strike": "N78\u00b0E", "linetype": "Well Constrained", "total_fault_length": 82}}, {"type": "Feature", "geometry": {"type": "LineString", "coordinates": [[-120.41368375815418, 46.28206062491419], [-120.41496169518916, 46.28275315476724], [-120.4170912288253, 46.283975895821], [-120.41723990090311, 46.28407301181425], [-120.41938311857595, 46.285473968183645]]}, "properties": {"fault_name": "Toppenish Ridge structures", "age": "latest Quaternary", "slip_rate": "Less than 0.2 mm/yr", "dip_direction": "Unspecified", "strike": "N78\u00b0E", "linetype": "Well Constrained", "total_fault_length": 82}}, {"type": "Feature", "geometry": {"type": "LineString", "coordinates": [[-120.36542958395954, 46.27489722323445], [-120.36270161963058, 46.274196138981445], [-120.35829880214995, 46.272982335998165], [-120.35576567162634, 46.272510737113905], [-120.35362913921584, 46.27199562873799]]}, "properties": {"fault_name": "Toppenish Ridge structures", "age": "latest Quaternary", "slip_rate": "Less than 0.2 mm/yr", "dip_direction": "Unspecified", "strike": "N78\u00b0E", "linetype": "Well Constrained", "total_fault_length": 82}}, {"type": "Feature", "geometry": {"type": "LineString", "coordinates": [[-120.30047657035449, 46.30691967713852], [-120.30016701719578, 46.30540865425306], [-120.29985897320678, 46.303760346882115], [-120.29967481318364, 46.3031316992003], [-120.29944913123144, 46.30236303510066], [-120.2991639861973, 46.301492373056355], [-120.29917906711431, 46.3003491268541], [-120.29923109933219, 46.29978259578135], [-120.2992949587691, 46.29909216796762], [-120.2991880170295, 46.297239313029515], [-120.2990978630059, 46.29687597408684], [-120.29874991764858, 46.295475854293244], [-120.29818255429153, 46.29350589181915], [-120.2977064022752, 46.2921538741719], [-120.29730102582512, 46.290390637771246], [-120.29712566569852, 46.288743157030424], [-120.29694962105566, 46.287416092968556], [-120.2969159450123, 46.28716408592411], [-120.29680414787858, 46.28611359174569], [-120.29671097192234, 46.28524206604688], [-120.29633256559205, 46.28395920094647], [-120.29632719276836, 46.283808879798805], [-120.29628468987899, 46.28260982703471], [-120.29662733158287, 46.28167437879291]]}, "properties": {"fault_name": "Toppenish Ridge structures", "age": "latest Quaternary", "slip_rate": "Less than 0.2 mm/yr", "dip_direction": "W", "strike": "N78\u00b0E", "linetype": "Well Constrained", "total_fault_length": 82}}]}