{
  "grand_mean_ratio": 0.6068957797920941,
  "n_controlled_ratios": 5,
  "controlled_ratios": [
    0.7839351931106691,
    0.7196261682242991,
    0.3843813681957997,
    0.4483541430192964,
    0.6981820264104064
  ],
  "threshold": 0.7768361992120932,
  "C_GB": 0.6666666666666666,
  "dev_from_threshold_pct": 21.87596556292837,
  "dev_from_CGB_pct": 8.965633031185883,
  "test_values": {
    "Matched pair kappa (mean)": 0.5841582806532344,
    "Matched pair rho (mean)": 0.5839901556217978,
    "Matched pair lr (mean)": 0.3257391092098396,
    "Cross-substrate r": 0.6981820264104064,
    "Transformer rho (all)": 0.8405987503232893
  },
  "model_stats": {
    "BLOOM-560m": {
      "arch": "sequential",
      "rho": -0.6495652173913044,
      "kappa": -0.5993389007468495,
      "log_ratio": -0.5974811149946573,
      "p_rho": 0.0005925876293559365
    },
    "Falcon-rw-1b": {
      "arch": "sequential",
      "rho": -0.18173913043478263,
      "kappa": -0.13740863155623784,
      "log_ratio": -0.08400260477633398,
      "p_rho": 0.3953708419767238
    },
    "GPT2-medium": {
      "arch": "sequential",
      "rho": -0.9304347826086956,
      "kappa": -4.576444560844869,
      "log_ratio": -4.951141101821369,
      "p_rho": 4.601108418370284e-11
    },
    "OPT-1.3B": {
      "arch": "sequential",
      "rho": -0.766086956521739,
      "kappa": -2.7870073044814823,
      "log_ratio": -2.0699216980943667,
      "p_rho": 1.2772330677153319e-05
    },
    "Phi-1.5": {
      "arch": "parallel",
      "rho": 0.34347826086956523,
      "kappa": 1.07127368086828,
      "log_ratio": 0.36099097298544996,
      "p_rho": 0.1003204906946984
    },
    "Pythia-410m": {
      "arch": "parallel",
      "rho": 0.6695652173913044,
      "kappa": 3.587635950566193,
      "log_ratio": 2.3620896396396307,
      "p_rho": 0.0003455201283035719
    },
    "TinyLlama-1.1B": {
      "arch": "sequential",
      "rho": -0.4850367024280069,
      "kappa": -1.4816711063786023,
      "log_ratio": -2.226349779122311,
      "p_rho": 0.022136809127121137
    }
  }
}