{
  "step1": {
    "r_cv": 0.18881118881118883,
    "p_cv": 0.5567370561768314,
    "r_af": 0.0,
    "mean_af": 0.0,
    "mean_cv": 2.3897198312654064e-05,
    "per_layer": {
      "0": {
        "cv": 1.773476868622546e-05,
        "af": 0.0
      },
      "1": {
        "cv": 1.5883968375979797e-05,
        "af": 0.0
      },
      "2": {
        "cv": 2.30315608114626e-05,
        "af": 0.0
      },
      "3": {
        "cv": 2.1951477688597686e-05,
        "af": 0.0
      },
      "4": {
        "cv": 2.9527118359055833e-05,
        "af": 0.0
      },
      "5": {
        "cv": 2.0613699377387787e-05,
        "af": 0.0
      },
      "6": {
        "cv": 2.9443256879223224e-05,
        "af": 0.0
      },
      "7": {
        "cv": 3.569700625266273e-05,
        "af": 0.0
      },
      "8": {
        "cv": 1.8831628457538034e-05,
        "af": 0.0
      },
      "9": {
        "cv": 1.1980345856999182e-05,
        "af": 0.0
      },
      "10": {
        "cv": 4.224062978502207e-05,
        "af": 0.0
      },
      "11": {
        "cv": 1.9830919221694335e-05,
        "af": 0.0
      }
    }
  },
  "step512": {
    "r_cv": 0.3216783216783217,
    "p_cv": 0.30790987618065263,
    "r_af": 0.0,
    "mean_af": 0.0,
    "mean_cv": 2.8280099294957487e-05,
    "per_layer": {
      "0": {
        "cv": 1.9682641814902368e-05,
        "af": 0.0
      },
      "1": {
        "cv": 1.3324716500994034e-05,
        "af": 0.0
      },
      "2": {
        "cv": 2.1203596311960294e-05,
        "af": 0.0
      },
      "3": {
        "cv": 3.675249334654344e-05,
        "af": 0.0
      },
      "4": {
        "cv": 3.383878443331556e-05,
        "af": 0.0
      },
      "5": {
        "cv": 2.5580139136119302e-05,
        "af": 0.0
      },
      "6": {
        "cv": 3.239919248593285e-05,
        "af": 0.0
      },
      "7": {
        "cv": 3.7795245011521386e-05,
        "af": 0.0
      },
      "8": {
        "cv": 1.778701593611198e-05,
        "af": 0.0
      },
      "9": {
        "cv": 1.1802928136998985e-05,
        "af": 0.0
      },
      "10": {
        "cv": 5.4615164954503336e-05,
        "af": 0.0
      },
      "11": {
        "cv": 3.457927347058628e-05,
        "af": 0.0
      }
    }
  },
  "step4000": {
    "r_cv": -0.3916083916083916,
    "p_cv": 0.20806346369535322,
    "r_af": 0.0,
    "mean_af": 0.0,
    "mean_cv": 0.0003514458342007165,
    "per_layer": {
      "0": {
        "cv": 0.0005528919905901042,
        "af": 0.0
      },
      "1": {
        "cv": 0.00019414344380578263,
        "af": 0.0
      },
      "2": {
        "cv": 0.0003608585792805377,
        "af": 0.0
      },
      "3": {
        "cv": 0.0006887720186418276,
        "af": 0.0
      },
      "4": {
        "cv": 0.00032684299919889066,
        "af": 0.0
      },
      "5": {
        "cv": 0.0005799655836455981,
        "af": 0.0
      },
      "6": {
        "cv": 0.0003503163818752952,
        "af": 0.0
      },
      "7": {
        "cv": 0.00016773872018270268,
        "af": 0.0
      },
      "8": {
        "cv": 0.00019079193119778053,
        "af": 0.0
      },
      "9": {
        "cv": 7.695369909978703e-05,
        "af": 0.0
      },
      "10": {
        "cv": 0.00022919153974654404,
        "af": 0.0
      },
      "11": {
        "cv": 0.0004988831231437489,
        "af": 0.0
      }
    }
  },
  "step20000": {
    "r_cv": -0.41958041958041964,
    "p_cv": 0.1745190081300594,
    "r_af": 0.0,
    "mean_af": 0.0,
    "mean_cv": 0.0013819993826083095,
    "per_layer": {
      "0": {
        "cv": 0.0008346490446827334,
        "af": 0.0
      },
      "1": {
        "cv": 0.000667163822961017,
        "af": 0.0
      },
      "2": {
        "cv": 0.0013247044687020523,
        "af": 0.0
      },
      "3": {
        "cv": 0.0018895556530757174,
        "af": 0.0
      },
      "4": {
        "cv": 0.0004329757075969493,
        "af": 0.0
      },
      "5": {
        "cv": 0.0006476983171068317,
        "af": 0.0
      },
      "6": {
        "cv": 0.000649606127480065,
        "af": 0.0
      },
      "7": {
        "cv": 0.00040593396750877387,
        "af": 0.0
      },
      "8": {
        "cv": 0.00014466325426325702,
        "af": 0.0
      },
      "9": {
        "cv": 0.00020333793581063384,
        "af": 0.0
      },
      "10": {
        "cv": 0.0003420021902119848,
        "af": 0.0
      },
      "11": {
        "cv": 0.009041702101899697,
        "af": 0.0
      }
    }
  },
  "step35000": {
    "r_cv": 0.18881118881118883,
    "p_cv": 0.5567370561768314,
    "r_af": 0.0,
    "mean_af": 0.0,
    "mean_cv": 0.002330450732609096,
    "per_layer": {
      "0": {
        "cv": 0.0012674055741301467,
        "af": 0.0
      },
      "1": {
        "cv": 0.0008879702605572451,
        "af": 0.0
      },
      "2": {
        "cv": 0.0015215074772832733,
        "af": 0.0
      },
      "3": {
        "cv": 0.002348718882778519,
        "af": 0.0
      },
      "4": {
        "cv": 0.0005212708376872969,
        "af": 0.0
      },
      "5": {
        "cv": 0.0008890246219252016,
        "af": 0.0
      },
      "6": {
        "cv": 0.0008689291842034656,
        "af": 0.0
      },
      "7": {
        "cv": 0.0007619705207008239,
        "af": 0.0
      },
      "8": {
        "cv": 0.002010025269331157,
        "af": 0.0
      },
      "9": {
        "cv": 0.00022525453179955132,
        "af": 0.0
      },
      "10": {
        "cv": 0.011879909445686539,
        "af": 0.0
      },
      "11": {
        "cv": 0.0047834221852259325,
        "af": 0.0
      }
    }
  },
  "step45000": {
    "r_cv": 0.14685314685314685,
    "p_cv": 0.6487957097846665,
    "r_af": 0.3930418320670321,
    "mean_af": 0.034722222222222224,
    "mean_cv": 0.003654971835354185,
    "per_layer": {
      "0": {
        "cv": 0.0016039155501133414,
        "af": 0.0
      },
      "1": {
        "cv": 0.0010054927660775492,
        "af": 0.0
      },
      "2": {
        "cv": 0.00160962916124443,
        "af": 0.0
      },
      "3": {
        "cv": 0.002440856782838777,
        "af": 0.0
      },
      "4": {
        "cv": 0.0006059021572599455,
        "af": 0.0
      },
      "5": {
        "cv": 0.0010375273069248873,
        "af": 0.0
      },
      "6": {
        "cv": 0.0009842118762307776,
        "af": 0.0
      },
      "7": {
        "cv": 0.0008972499849206999,
        "af": 0.0
      },
      "8": {
        "cv": 0.01231718213855733,
        "af": 0.0
      },
      "9": {
        "cv": 0.00036975401979145637,
        "af": 0.0
      },
      "10": {
        "cv": 0.01900312482121487,
        "af": 0.4166666666666667
      },
      "11": {
        "cv": 0.0019848154590761525,
        "af": 0.0
      }
    }
  },
  "step55000": {
    "r_cv": 0.14685314685314685,
    "p_cv": 0.6487957097846665,
    "r_af": 0.45342519294190703,
    "mean_af": 0.05555555555555555,
    "mean_cv": 0.00461270414057372,
    "per_layer": {
      "0": {
        "cv": 0.00184871795086197,
        "af": 0.0
      },
      "1": {
        "cv": 0.0010641638870476375,
        "af": 0.0
      },
      "2": {
        "cv": 0.001665151191645669,
        "af": 0.0
      },
      "3": {
        "cv": 0.002711828902378571,
        "af": 0.0
      },
      "4": {
        "cv": 0.000728742371648551,
        "af": 0.0
      },
      "5": {
        "cv": 0.0011988152030421838,
        "af": 0.0
      },
      "6": {
        "cv": 0.0010445961422942164,
        "af": 0.0
      },
      "7": {
        "cv": 0.0010805189692191326,
        "af": 0.0
      },
      "8": {
        "cv": 0.019304725129172372,
        "af": 0.3333333333333333
      },
      "9": {
        "cv": 0.00949610782461724,
        "af": 0.0
      },
      "10": {
        "cv": 0.014330342941962159,
        "af": 0.3333333333333333
      },
      "11": {
        "cv": 0.0008787391729949309,
        "af": 0.0
      }
    }
  },
  "step70000": {
    "r_cv": 0.18881118881118883,
    "p_cv": 0.5567370561768314,