{
  "70m": {
    "n_heads": 8,
    "n_layers": 6,
    "d_model": 512,
    "d_head": 64,
    "mean_af": 0.08333333333333333,
    "mean_cv": 0.011219893869194935,
    "layer_afs": [
      0.0,
      0.0,
      0.0,
      0.5,
      0.0,
      0.0
    ],
    "proj_dim_used": 64
  },
  "160m": {
    "n_heads": 12,
    "n_layers": 12,
    "d_model": 768,
    "d_head": 64,
    "mean_af": 0.09027777777777779,
    "mean_cv": 0.007223049184103945,
    "layer_afs": [
      0.0,
      0.0,
      0.0,
      0.0,
      0.0,
      0.08333333333333333,
      0.4166666666666667,
      0.4166666666666667,
      0.0,
      0.16666666666666666,
      0.0,
      0.0
    ],
    "proj_dim_used": 64
  },
  "410m": {
    "n_heads": 16,
    "n_layers": 24,
    "d_model": 1024,
    "d_head": 64,
    "mean_af": 0.20572916666666666,
    "mean_cv": 0.01314084535803512,
    "layer_afs": [
      0.0,
      0.0,
      0.0,
      0.0,
      0.0,
      0.0,
      0.0,
      0.0,
      0.0,
      0.0,
      0.0,
      0.0,
      0.0,
      0.0,
      0.75,
      0.75,
      0.875,
      0.6875,
      0.5625,
      0.625,
      0.375,
      0.1875,
      0.125,
      0.0
    ],
    "proj_dim_used": 64
  },
  "1b": {
    "n_heads": 8,
    "n_layers": 16,
    "d_model": 2048,
    "d_head": 256,
    "mean_af": 0.0,
    "mean_cv": 0.0003856602040978307,
    "layer_afs": [
      0.0,
      0.0,
      0.0,
      0.0,
      0.0,
      0.0,
      0.0,
      0.0,
      0.0,
      0.0,
      0.0,
      0.0,
      0.0,
      0.0,
      0.0,
      0.0
    ],
    "proj_dim_used": 256
  },
  "1.4b": {
    "n_heads": 16,
    "n_layers": 24,
    "d_model": 2048,
    "d_head": 128,
    "mean_af": 0.09895833333333333,
    "mean_cv": 0.004545151492753406,
    "layer_afs": [
      0.0,
      0.0,
      0.0,
      0.0,
      0.0,
      0.0,
      0.0,
      0.0,
      0.0,
      0.0,
      0.0,
      0.0,
      0.0,
      0.8125,
      0.6875,
      0.0,
      0.125,
      0.25,
      0.0625,
      0.375,
      0.0625,
      0.0,
      0.0,
      0.0
    ],
    "proj_dim_used": 128
  },
  "2.8b": {
    "n_heads": 32,
    "n_layers": 32,
    "d_model": 2560,
    "d_head": 80,
    "mean_af": 0.001953125,
    "mean_cv": 0.0010842154748772015,
    "layer_afs": [
      0.0,
      0.03125,
      0.0,
      0.0,
      0.0,
      0.0,
      0.0,
      0.0,
      0.0,
      0.0,
      0.0,
      0.0,
      0.0,
      0.0,
      0.0,
      0.0,
      0.0,
      0.0,
      0.0,
      0.0,
      0.0,
      0.0,
      0.0,
      0.0,
      0.0,
      0.0,
      0.0,
      0.03125,
      0.0,
      0.0,
      0.0,
      0.0
    ],
    "proj_dim_used": 80
  }
}