{
  "model": "TinyLlama/TinyLlama-1.1B-Chat-v1.0",
  "n_heads": 32,
  "n_kv_heads": 4,
  "d_model": 2048,
  "d_head": 64,
  "n_layers": 22,
  "mean_af": 0.02556818181818182,
  "mean_cv": 0.0020377732226645327,
  "r_cv_depth": -0.4850367024280069,
  "p_cv_depth": 0.02213680912712114,
  "layer_afs": [
    0.46875,
    0.0,
    0.0,
    0.0,
    0.0,
    0.0,
    0.0,
    0.0,
    0.03125,
    0.0,
    0.0,
    0.0,
    0.0,
    0.0,
    0.0,
    0.0,
    0.0,
    0.03125,
    0.0,
    0.03125,
    0.0,
    0.0
  ],
  "layer_cvs": [
    0.018267126430658344,
    0.002867797356492871,
    0.0018845099807381243,
    0.000764921088722809,
    0.0007020271607561227,
    0.001129203047171674,
    0.0011729939352927911,
    0.002106484825384916,
    0.002708990893347811,
    0.0010645563519359326,
    0.0009821215653668498,
    0.001899529028692563,
    0.0011450678444867763,
    0.0008279187626718719,
    0.001087473802600551,
    0.0012179448124562614,
    0.0010973938760431455,
    0.0010177022293894015,
    0.0007795382235319872,
    0.0011841158544814855,
    0.0005206411937343811,
    0.0004029526346630648
  ]
}