{
  "Pythia-70m": {
    "model": "EleutherAI/pythia-70m-deduped",
    "name": "Pythia-70m",
    "arch": "parallel",
    "n_heads": 8,
    "n_layers": 6,
    "d_model": 512,
    "d_head": 64,
    "layer_cvs": [0.004523, 0.004117, 0.001787, 0.081364, 0.056861, 0.053677],
    "layer_afs": [0.000, 0.000, 0.000, 0.625, 0.625, 0.625],
    "mean_cv": 0.033395,
    "mean_af": 0.3333,
    "r_cv_depth": 0.600,
    "p_cv_depth": 0.2080
  },
  "Pythia-160m": {
    "model": "EleutherAI/pythia-160m-deduped",
    "name": "Pythia-160m",
    "arch": "parallel",
    "n_heads": 12,
    "n_layers": 12,
    "d_model": 768,
    "d_head": 64,
    "layer_cvs": [0.008105, 0.004003, 0.004821, 0.002146, 0.000888, 0.009213, 0.037143, 0.086739, 0.075555, 0.072827, 0.055641, 0.042096],
    "layer_afs": [0.000, 0.000, 0.000, 0.000, 0.000, 0.000, 0.583, 0.750, 0.667, 0.667, 0.667, 0.583],
    "mean_cv": 0.033265,
    "mean_af": 0.3264,
    "r_cv_depth": 0.727,
    "p_cv_depth": 0.0074
  },
  "Qwen2.5-0.5B": {
    "model": "Qwen/Qwen2.5-0.5B",
    "name": "Qwen2.5-0.5B",
    "arch": "sequential",
    "n_heads": 14,
    "n_layers": 24,
    "d_model": 896,
    "d_head": 64,
    "layer_cvs": [0.010775, 0.001292, 0.004192, 0.003596, 0.002118, 0.000715, 0.002347, 0.001447, 0.003911, 0.003931, 0.002151, 0.002304, 0.001292, 0.001845, 0.000618, 0.000832, 0.001783, 0.000626, 0.000952, 0.001114, 0.000990, 0.004214, 0.005716, 0.010110],
    "layer_afs": [0.286, 0.000, 0.071, 0.000, 0.000, 0.000, 0.000, 0.000, 0.000, 0.071, 0.000, 0.000, 0.000, 0.000, 0.000, 0.000, 0.000, 0.000, 0.000, 0.000, 0.000, 0.000, 0.071, 0.429],
    "mean_cv": 0.002870,
    "mean_af": 0.0387,
    "r_cv_depth": -0.143,
    "p_cv_depth": 0.5062
  },
  "Gemma-2-2b": {
    "model": "google/gemma-2-2b",
    "name": "Gemma-2-2b",
    "arch": "parallel",
    "n_heads": 8,
    "n_layers": 26,
    "d_model": 2304,
    "d_head": 256,
    "layer_cvs": [0.000810, 0.002386, 0.001145, 0.000973, 0.000230, 0.002874, 0.000226, 0.001461, 0.001058, 0.000820, 0.000720, 0.001279, 0.000898, 0.001373, 0.000623, 0.000792, 0.000654, 0.000729, 0.000422, 0.000202, 0.000316, 0.000916, 0.001086, 0.000607, 0.000751, 0.000388],
    "layer_afs": [0.0, 0.0, 0.0, 0.0, 0.0, 0.0, 0.0, 0.0, 0.0, 0.0, 0.0, 0.0, 0.0, 0.0, 0.0, 0.0, 0.0, 0.0, 0.0, 0.0, 0.0, 0.0, 0.0, 0.0, 0.0, 0.0],
    "mean_cv": 0.000905,
    "mean_af": 0.0000,
    "r_cv_depth": -0.408,
    "p_cv_depth": 0.0386,
    "NOTE": "d_head=256 -- outside d_head=64 family where parallel=positive holds"
  },
  "Phi-2": {
    "model": "microsoft/phi-2",
    "name": "Phi-2",
    "arch": "parallel",
    "n_heads": 32,
    "n_layers": 32,
    "d_model": 2560,
    "d_head": 80,
    "layer_cvs": [0.006516, 0.000642, 0.002861, 0.004914, 0.001664, 0.001580, 0.000567, 0.001617, 0.000946, 0.001612, 0.001421, 0.000427, 0.000518, 0.001148, 0.001153, 0.000404, 0.000388, 0.000712, 0.000951, 0.000211, 0.000362, 0.000673, 0.001069, 0.000428, 0.000444, 0.001550, 0.005488, 0.001020, 0.000260, 0.016120, 0.004368, 0.041320],
    "layer_afs": [0.094, 0.000, 0.000, 0.000, 0.000, 0.000, 0.000, 0.000, 0.000, 0.000, 0.000, 0.000, 0.000, 0.000, 0.000, 0.000, 0.000, 0.000, 0.000, 0.000, 0.000, 0.000, 0.000, 0.000, 0.000, 0.000, 0.000, 0.000, 0.000, 0.250, 0.031, 0.562],
    "mean_cv": 0.003230,
    "mean_af": 0.0293,
    "r_cv_depth": -0.092,
    "p_cv_depth": 0.6179,
    "NOTE": "d_head=80 -- outside d_head=64 family"
  }
}
