{
  "model": "EleutherAI/pythia-1.4b",
  "n_layers": 24,
  "n_heads": 16,
  "n_per_category": 16,
  "category_stats": {
    "factual": {
      "n": 16,
      "el_mean": 12.825993741675955,
      "el_std": 4.48965803283112,
      "el_median": 12.997385778454797,
      "cv_mean": 0.0003795459080997432,
      "cv_std": 5.106035982769652e-05
    },
    "hallucination": {
      "n": 16,
      "el_mean": 15.838028292365937,
      "el_std": 8.371006472843657,
      "el_median": 12.85058936135731,
      "cv_mean": 0.0003237676113864533,
      "cv_std": 4.2490384266370325e-05
    },
    "hypothesis": {
      "n": 16,
      "el_mean": 14.585616975131288,
      "el_std": 4.292142323440966,
      "el_median": 14.872450062722987,
      "cv_mean": 0.00035110720415569097,
      "cv_std": 4.869352567713002e-05
    }
  },
  "pairwise": {
    "E/L ratio_factual_vs_hallucination": {
      "U": 112.0,
      "p": 0.5591004065161768,
      "r": 0.125
    },
    "E/L ratio_factual_vs_hypothesis": {
      "U": 102.0,
      "p": 0.33651827439216053,
      "r": 0.203125
    },
    "E/L ratio_hallucination_vs_hypothesis": {
      "U": 122.0,
      "p": 0.8357841257402611,
      "r": 0.046875
    },
    "Mean CV_factual_vs_hallucination": {
      "U": 206.0,
      "p": 0.0034903174961116224,
      "r": -0.609375
    },
    "Mean CV_factual_vs_hypothesis": {
      "U": 162.0,
      "p": 0.20674060673155448,
      "r": -0.265625
    },
    "Mean CV_hallucination_vs_hypothesis": {
      "U": 89.0,
      "p": 0.14677335952502665,
      "r": 0.3046875
    }
  },
  "roc": {
    "best_threshold": 3.4954557306809555,
    "sensitivity": 1.0,
    "specificity": 0.03125,
    "f1": 0.5079365079365079,
    "auc": 0.5185546875
  },
  "per_prompt": {
    "factual": [
      {
        "name": "factual_01",
        "el_ratio": 11.601158207237663,
        "early_cv": 0.000544849384217135,
        "late_cv": 4.6965085251334436e-05,
        "mean_cv": 0.0002959072347342347,
        "r_depth": -0.8985366821262479
      },
      {
        "name": "factual_02",
        "el_ratio": 19.300888286115267,
        "early_cv": 0.0006735885411520334,
        "late_cv": 3.489935443212744e-05,
        "mean_cv": 0.0003542439477920804,
        "r_depth": -0.9467682734133428
      },
      {
        "name": "factual_03",
        "el_ratio": 9.128729574684227,
        "early_cv": 0.0007504834623735709,
        "late_cv": 8.22111616116672e-05,
        "mean_cv": 0.00041634731199261904,
        "r_depth": -0.934207010143579
      },
      {
        "name": "factual_04",
        "el_ratio": 8.741992034903522,
        "early_cv": 0.0006933754969698688,
        "late_cv": 7.931550317152869e-05,
        "mean_cv": 0.00038634550007069873,
        "r_depth": -0.8601300446198576
      },
      {
        "name": "factual_05",
        "el_ratio": 3.35029439697524,
        "early_cv": 0.0007470915055212876,
        "late_cv": 0.00022299279316939646,
        "mean_cv": 0.000485042149345342,
        "r_depth": -0.5556521739130434
      },
      {
        "name": "factual_06",
        "el_ratio": 16.96792359587913,
        "early_cv": 0.000613770235455983,
        "late_cv": 3.6172383261146024e-05,
        "mean_cv": 0.0003249713093585645,
        "r_depth": -0.9297978987012168
      },
      {
        "name": "factual_07",
        "el_ratio": 12.45852827851385,
        "early_cv": 0.0007195698975313766,
        "late_cv": 5.7757215093564206e-05,
        "mean_cv": 0.00038866355631247035,
        "r_depth": -0.9516362454074516
      },
      {
        "name": "factual_08",
        "el_ratio": 19.772583368863064,
        "early_cv": 0.0008060861364356242,
        "late_cv": 4.076787142063646e-05,
        "mean_cv": 0.0004234270039281303,
        "r_depth": -0.9440887405640597
      },
      {
        "name": "factual_09",
        "el_ratio": 14.434151114534696,
        "early_cv": 0.0007979426094001004,
        "late_cv": 5.5281575138603024e-05,
        "mean_cv": 0.0004266120922693517,
        "r_depth": -0.9217593001533676
      },
      {
        "name": "factual_10",
        "el_ratio": 8.653705111691124,
        "early_cv": 0.0006877638655472159,
        "late_cv": 7.94762308942154e-05,
        "mean_cv": 0.00038362004822071566,
        "r_depth": -0.8771004193319835
      },
      {
        "name": "factual_11",
        "el_ratio": 14.76519319241928,
        "early_cv": 0.0008523451542714611,
        "late_cv": 5.772665099357255e-05,
        "mean_cv": 0.0004550359026325168,
        "r_depth": -0.9271183658519337
      },
      {
        "name": "factual_12",
        "el_ratio": 8.399240893874456,
        "early_cv": 0.0006708932220741796,
        "late_cv": 7.987545905052684e-05,
        "mean_cv": 0.0003753843405623532,
        "r_depth": -0.9071916954845761
      },
      {
        "name": "factual_13",
        "el_ratio": 16.035162546529733,
        "early_cv": 0.000590155391061368,
        "late_cv": 3.6803829668012135e-05,
        "mean_cv": 0.00031347961036469013,
        "r_depth": -0.926225188235506
      },
      {
        "name": "factual_14",
        "el_ratio": 13.536243278395744,
        "early_cv": 0.0006206545792034982,
        "late_cv": 4.5851316826883703e-05,
        "mean_cv": 0.00033325294801519095,
        "r_depth": -0.9056821030576694
      },
      {
        "name": "factual_15",
        "el_ratio": 9.773193668057965,
        "early_cv": 0.0006055295234546065,
        "late_cv": 6.195820363548894e-05,
        "mean_cv": 0.00033374386354504776,
        "r_depth": -0.9021093925919587
      },
      {
        "name": "factual_16",
        "el_ratio": 18.296912318140315,
        "early_cv": 0.000714277288352605,
        "late_cv": 3.9038132551164985e-05,
        "mean_cv": 0.00037665771045188495,
        "r_depth": -0.9199729449205122
      }
    ],
    "hallucination": [
      {
        "name": "halluc_01",
        "el_ratio": 29.494418122422374,
        "early_cv": 0.0006602469335727316,
        "late_cv": 2.2385487682186067e-05,
        "mean_cv": 0.0003413162106274588,
        "r_depth": -0.9387296748654935
      },
      {
        "name": "halluc_02",
        "el_ratio": 8.804469146937658,
        "early_cv": 0.0004957834898959845,
        "late_cv": 5.631043525985054e-05,
        "mean_cv": 0.00027604696257791755,
        "r_depth": -0.8976056160894461
      },
      {
        "name": "halluc_03",
        "el_ratio": 24.4340539803482,
        "early_cv": 0.00062973683210051,
        "late_cv": 2.5772916463514168e-05,
        "mean_cv": 0.00032775487428201205,
        "r_depth": -0.9396228524819213
      },
      {
        "name": "halluc_04",
        "el_ratio": 11.46104730405236,
        "early_cv": 0.0005384441186227681,
        "late_cv": 4.6980359153773556e-05,
        "mean_cv": 0.0002927122388882708,
        "r_depth": -0.9028343866686079
      },
      {
        "name": "halluc_05",
        "el_ratio": 15.52236642445349,
        "early_cv": 0.0006491408706400156,
        "late_cv": 4.181971053185407e-05,
        "mean_cv": 0.0003454802905859348,
        "r_depth": -0.8949912307998652
      },
      {
        "name": "halluc_06",
        "el_ratio": 31.69810872093263,
        "early_cv": 0.0007229828255124934,
        "late_cv": 2.2808389985584654e-05,
        "mean_cv": 0.000372895607749039,
        "r_depth": -0.9271183658519337
      },
      {
        "name": "halluc_07",
        "el_ratio": 6.189037687910468,
        "early_cv": 0.0006270570617440777,
        "late_cv": 0.00010131737652348723,
        "mean_cv": 0.0003641872191337825,
        "r_depth": -0.7075451352302247
      },
      {
        "name": "halluc_08",
        "el_ratio": 24.200423711306325,
        "early_cv": 0.0005277413823326546,
        "late_cv": 2.180711332281741e-05,
        "mean_cv": 0.00027477424782773596,
        "r_depth": -0.9297978987012168
      },
      {
        "name": "halluc_09",
        "el_ratio": 5.801241637521384,
        "early_cv": 0.0005489431981307765,