{
  "flat": {
    "w0": {
      "mean": -0.99402,
      "std": 0.00441,
      "q16": -0.99648,
      "q84": -0.99239,
      "q2.5": -0.998,
      "q97.5": -0.986
    },
    "H0": {
      "mean": 67.731,
      "std": 0.317,
      "q16": 67.416,
      "q84": 68.047,
      "q2.5": 67.1,
      "q97.5": 68.36
    },
    "Omega_m": {
      "mean": 0.3139,
      "std": 0.0087,
      "q16": 0.3052,
      "q84": 0.3226,
      "q2.5": 0.297,
      "q97.5": 0.331
    },
    "zeta0": {
      "mean": 0.031,
      "std": 0.0114,
      "q16": 0.0196,
      "q84": 0.0423,
      "q2.5": 0.0084,
      "q97.5": 0.0534
    },
    "savage_dickey": {
      "prior_range": [
        0,
        0.2
      ],
      "pi_0": 5.0,
      "B10": 141.7,
      "log10_B10": 2.15
    }
  },
  "logflat": {
    "w0": {
      "mean": -0.99531,
      "std": 0.00223,
      "q16": -0.99679,
      "q84": -0.99408,
      "q2.5": -0.999,
      "q97.5": -0.991
    },
    "H0": {
      "mean": 67.755,
      "std": 0.312,
      "q16": 67.447,
      "q84": 68.064,
      "q2.5": 67.14,
      "q97.5": 68.38
    },
    "Omega_m": {
      "mean": 0.3137,
      "std": 0.0085,
      "q16": 0.3053,
      "q84": 0.3221,
      "q2.5": 0.297,
      "q97.5": 0.33
    },
    "zeta0": {
      "mean": 0.0358,
      "std": 0.0106,
      "q16": 0.0252,
      "q84": 0.0465,
      "q2.5": 0.0151,
      "q97.5": 0.0567
    },
    "savage_dickey": {
      "prior_range": [
        0,
        0.2
      ],
      "pi_0": 5.0,
      "B10": 3422.2,
      "log10_B10": 3.53
    }
  },
  "gaussian": {
    "w0": {
      "mean": -0.99565,
      "std": 0.00151,
      "q16": -0.9968,
      "q84": -0.9945,
      "q2.5": -0.999,
      "q97.5": -0.9926
    },
    "H0": {
      "mean": 67.76,
      "std": 0.31,
      "q16": 67.45,
      "q84": 68.07,
      "q2.5": 67.15,
      "q97.5": 68.39
    },
    "Omega_m": {
      "mean": 0.3137,
      "std": 0.0085,
      "q16": 0.3052,
      "q84": 0.3222,
      "q2.5": 0.297,
      "q97.5": 0.33
    },
    "zeta0": {
      "mean": 0.0373,
      "std": 0.01,
      "q16": 0.0271,
      "q84": 0.0474,
      "q2.5": 0.0182,
      "q97.5": 0.0573
    },
    "savage_dickey": {
      "prior_range": [
        0,
        0.2
      ],
      "pi_0": 5.0,
      "B10": 107806304.9,
      "log10_B10": 8.03
    }
  },
  "camb_crosscheck": {
    "max_DM_err_pct": 0.139,
    "max_DH_err_pct": 0.244,
    "conclusion": "Analytical Friedmann agrees with CAMB to <0.25% at all BAO redshifts"
  },
  "metadata": {
    "nwalkers": 32,
    "nsteps": 4000,
    "nburn": 1000,
    "date": "2026-04-01",
    "script": "mcmc_meridian.py",
    "note": "Analytical Friedmann solver + CAMB r_d interpolation. Not full CAMB per evaluation."
  }
}