{
  "ok": true,
  "error": null,
  "tests": {
    "climb": [
      0.0,
      0.0,
      615.2846069335938,
      0.0,
      0.0,
      784.8016357421875,
      1.0,
      0.0,
      0.0,
      0.0
    ],
    "pitch": [
      253.01016235351562,
      0.0,
      61.29350662231445,
      624.6731567382812,
      0.0,
      -499.96630859375,
      0.5403217673301697,
      0.0,
      0.8414584994316101,
      0.0
    ],
    "roll": [
      0.0,
      -253.01016235351562,
      61.29350662231445,
      0.0,
      -624.6731567382812,
      -499.96630859375,
      0.5403217673301697,
      0.8414584994316101,
      0.0,
      0.0
    ],
    "yaw": [
      0.0,
      0.0,
      200.44894409179688,
      0.0,
      0.0,
      0.8484030961990356,
      0.5403217673301697,
      0.0,
      0.0,
      0.8414584994316101
    ],
    "yaw_heading_deg": 114.58891038960506
  }
}